review_id,product,category,date,rating,review_text,labels
1,InboxRocket,Email Marketing,2024-06-10,1,The setup documentation is outdated. Key features from the demo still aren't available. It gets painfully slow with a few thousand records.,features:negative;onboarding:negative;performance:negative
2,LedgerLeaf,Accounting,2025-02-20,3,"We've used LedgerLeaf for about a year. We mainly use it for the invoicing. Not cheap, but worth every cent. We needed a paid consultant just to get started.",onboarding:negative;pricing:positive
3,LedgerLeaf,Accounting,2025-01-30,5,Been on LedgerLeaf for 18 months. We mainly use it for the expense tracking. The automation options are powerful.,features:positive
4,Pipely,CRM,2024-06-30,3,We've used Pipely for about a year. Expensive and support is useless. We are a team of 244 people. Not a single outage in two years. We were up and running in a day. Everything is where you expect it to be.,ease_of_use:positive;onboarding:positive;pricing:negative;reliability:positive;support:negative
5,ChartCove,Analytics,2025-08-13,4,Zapier support covers everything else we need. Setup took weeks. It costs twice as much as the competitors. Love it.,integrations:positive;onboarding:negative;pricing:negative
6,Pipely,CRM,2024-05-10,3,"Our team switched to Pipely last spring. Great features, terrible price. The free plan is generous. Would recommend to any growing team.",features:positive;pricing:negative;pricing:positive
7,BookBridge,Accounting,2024-06-11,1,Our team switched to BookBridge last spring. The API is poorly documented.,integrations:negative
8,ChartCove,Analytics,2025-02-05,5,"Our team switched to ChartCove last spring. Support went above and beyond to fix our issue. It's fast, even with thousands of records.",performance:positive;support:positive
9,SupportLoop,Help Desk,2024-07-27,5,We mainly use it for the shared inbox. Our account manager is responsive and helpful.,support:positive
10,MetricMint,Analytics,2024-04-04,5,Been on MetricMint for 18 months. The data connectors is intuitive.,ease_of_use:positive
11,TicketTide,Help Desk,2025-01-11,4,Been on TicketTide for 18 months. Zapier support covers everything else we need. It gets painfully slow with a few thousand records. Setup was fast and the interface is intuitive. The interface is cluttered and confusing. Would not recommend.,ease_of_use:negative;ease_of_use:positive;integrations:positive;onboarding:positive;performance:negative
12,MetricMint,Analytics,2024-01-13,4,Our team switched to MetricMint last spring. Way too expensive for what you get. Everything is where you expect it to be.,ease_of_use:positive;pricing:negative
13,LedgerLeaf,Accounting,2024-03-30,5,We've used LedgerLeaf for about a year. Never lost any data. The per-seat price is very reasonable.,pricing:positive;reliability:positive
14,MailMosaic,Email Marketing,2024-07-24,5,We've used MailMosaic for about a year. The support team actually solves problems. The Salesforce integration works out of the box. Even our non-technical staff picked it up quickly. Overall a great experience.,ease_of_use:positive;integrations:positive;support:positive
15,Sprintly Pro,Project Management,2025-10-02,3,"Been on Sprintly Pro for 18 months. We mainly use it for the time tracking. Fast, stable and never down. Key features from the demo still aren't available.",features:negative;performance:positive;reliability:positive
16,BookBridge,Accounting,2024-01-26,2,Been on BookBridge for 18 months. Our account manager is responsive and helpful. Syncing with Google Calendar is unreliable. Navigation is a maze.,ease_of_use:negative;integrations:negative;support:positive
17,TicketTide,Help Desk,2024-07-23,5,We've used TicketTide for about a year. Live chat support is fast and friendly.,support:positive
18,SendGarden,Email Marketing,2025-08-05,5,We've used SendGarden for about a year. The automation workflows is intuitive. The automation workflows is the best we've seen. Data syncs reliably. Highly recommend.,ease_of_use:positive;features:positive;reliability:positive
19,ChartCove,Analytics,2024-11-24,5,We mainly use it for the dashboards. Setup was quick and painless.,onboarding:positive
20,HelpHive,Help Desk,2025-03-15,5,Been on HelpHive for 18 months. Support went above and beyond to fix our issue. Highly recommend.,support:positive
21,Pipely,CRM,2025-05-19,5,Been on Pipely for 18 months. Live chat support is fast and friendly.,support:positive
22,CountWise,Accounting,2025-09-11,5,Our team switched to CountWise last spring. Pages load instantly. Data syncs reliably. Great value for money. Highly recommend.,performance:positive;pricing:positive;reliability:positive
23,MailMosaic,Email Marketing,2025-02-17,5,We've used MailMosaic for about a year. The automation workflows is the best we've seen. The onboarding call was really useful.,features:positive;onboarding:positive
24,TicketTide,Help Desk,2024-12-29,3,"We evaluated it against two competitors. Cheap, and the support team is lovely. Setup took weeks. Very frustrating experience.",onboarding:negative;support:positive
25,PlanBoard,Project Management,2024-08-11,1,We've used PlanBoard for about a year. Too basic for a growing team. Syncing fails silently. Search is so slow we stopped using it.,features:negative;performance:negative;reliability:negative
26,LedgerLeaf,Accounting,2025-03-07,3,Our team switched to LedgerLeaf last spring. Most of our team works remotely. The per-seat price is very reasonable. Expensive and support is useless. It has every feature we need.,features:positive;pricing:negative;pricing:positive;support:negative
27,CountWise,Accounting,2025-07-18,5,Our team switched to CountWise last spring. The expense tracking is intuitive. Live chat support is fast and friendly. The bank reconciliation is the best we've seen. Highly recommend.,ease_of_use:positive;features:positive;support:positive
28,CountWise,Accounting,2025-02-04,3,"We mainly use it for the bank reconciliation. Fast, stable and never down. The Slack integration breaks every few weeks.",integrations:negative;performance:positive;reliability:positive
29,SendGarden,Email Marketing,2024-04-07,2,Been on SendGarden for 18 months. The per-seat price is very reasonable. Everything is where you expect it to be. We waited two weeks for a reply to a critical ticket.,ease_of_use:positive;pricing:positive;support:negative
30,LedgerLeaf,Accounting,2025-01-13,4,"We've used LedgerLeaf for about a year. Every update seems to break something. The app freezes several times a day. Whenever we got stuck, support had an answer the same day. Look elsewhere.",performance:negative;reliability:negative;support:positive
31,MailMosaic,Email Marketing,2025-09-30,1,Our team switched to MailMosaic last spring. Way too expensive for what you get.,pricing:negative
32,Pipely,CRM,2025-01-19,4,Been on Pipely for 18 months. Most of our team works remotely. The contact management is the best we've seen. We needed a paid consultant just to get started. It gets painfully slow with a few thousand records. Would not recommend.,features:positive;onboarding:negative;performance:negative
33,Pipely,CRM,2025-05-21,1,Been on Pipely for 18 months. I use it every day. Reporting is very limited. They raised the price by 40% with almost no notice. Onboarding was confusing and badly organized.,features:negative;onboarding:negative;pricing:negative
34,SendGarden,Email Marketing,2024-06-09,1,Reports time out when the data gets large. Setup took weeks.,onboarding:negative;performance:negative
35,InboxRocket,Email Marketing,2024-02-21,2,We've used InboxRocket for about a year. Not a single outage in two years. The segmentation is not intuitive at all. The app freezes several times a day. Expensive and support is useless. Very frustrating experience.,ease_of_use:negative;performance:negative;pricing:negative;reliability:positive;support:negative
36,BookBridge,Accounting,2025-01-07,1,We've used BookBridge for about a year. We are a team of 186 people. Hidden fees showed up on our second invoice. Overall a disappointment.,pricing:negative
37,ChartCove,Analytics,2025-08-01,5,Been on ChartCove for 18 months. Our account manager is responsive and helpful.,support:positive
38,ChartCove,Analytics,2025-03-11,5,Been on ChartCove for 18 months. The onboarding guides were clear. Would recommend to any growing team.,onboarding:positive
39,ClientOrbit,CRM,2025-09-30,5,We've used ClientOrbit for about a year. I use it every day. The Salesforce integration works out of the box. Pages load instantly. The contact management is the best we've seen. Highly recommend.,features:positive;integrations:positive;performance:positive
40,Sprintly Pro,Project Management,2025-04-19,1,Been on Sprintly Pro for 18 months. We mainly use it for the Gantt chart. It costs twice as much as the competitors. There's no native integration with our accounting tool. The app freezes several times a day. Overall a disappointment.,integrations:negative;performance:negative;pricing:negative
41,TicketTide,Help Desk,2024-10-12,4,Been on TicketTide for 18 months. Most of our team works remotely. They raised the price by 40% with almost no notice. The Salesforce integration works out of the box. Overall a great experience.,integrations:positive;pricing:negative
42,InboxRocket,Email Marketing,2024-07-18,1,We evaluated it against two competitors. Way too expensive for what you get.,pricing:negative
43,ChartCove,Analytics,2024-11-17,2,There's no native integration with our accounting tool. Reporting is very limited. The interface is cluttered and confusing. Setup was fast and the interface is intuitive. Would not recommend.,ease_of_use:negative;ease_of_use:positive;features:negative;integrations:negative;onboarding:positive
44,Pipely,CRM,2025-09-24,4,Our team switched to Pipely last spring. We migrated from a legacy system. We needed a paid consultant just to get started. Our account manager disappeared after we signed. Search results come back in a blink.,onboarding:negative;performance:positive;support:negative
45,DealNest,CRM,2024-09-08,5,Been on DealNest for 18 months. Reports are flexible and easy to customize. Setup was quick and painless.,features:positive;onboarding:positive
46,MetricMint,Analytics,2024-06-08,1,The setup documentation is outdated. Support takes days to reply.,onboarding:negative;support:negative
47,TaskHarbor,Project Management,2025-09-01,1,We've used TaskHarbor for about a year. They raised the price by 40% with almost no notice. Overall a disappointment.,pricing:negative
48,LedgerLeaf,Accounting,2024-08-14,5,Our team switched to LedgerLeaf last spring. Connecting our existing tools took minutes. Data syncs reliably. Would not recommend.,integrations:positive;reliability:positive
49,MailMosaic,Email Marketing,2024-06-10,1,Our team switched to MailMosaic last spring. The email editor takes ages to load. The mobile app crashes constantly.,performance:negative;reliability:negative
50,MailMosaic,Email Marketing,2025-08-23,1,Our team switched to MailMosaic last spring. We migrated from a legacy system. Reports time out when the data gets large. Customer support rarely fixes anything. The mobile app crashes constantly.,performance:negative;reliability:negative;support:negative
51,CountWise,Accounting,2024-03-09,3,We've used CountWise for about a year. We needed a paid consultant just to get started. Setup was fast and the interface is intuitive. The per-seat pricing gets painful as you grow. Would not recommend.,ease_of_use:positive;onboarding:negative;onboarding:positive;pricing:negative
52,TicketTide,Help Desk,2024-11-01,4,Our team switched to TicketTide last spring. We evaluated it against two competitors. Customer support rarely fixes anything. Everything is where you expect it to be. The onboarding call was really useful.,ease_of_use:positive;onboarding:positive;support:negative
53,SupportLoop,Help Desk,2024-07-02,1,We've used SupportLoop for about a year. We mainly use it for the ticket routing. Expensive and support is useless. The app freezes several times a day. The Slack integration breaks every few weeks.,integrations:negative;performance:negative;pricing:negative;support:negative
54,TaskHarbor,Project Management,2025-05-09,3,We've used TaskHarbor for about a year. Reporting is very limited. The interface is cluttered and confusing. Support went above and beyond to fix our issue.,ease_of_use:negative;features:negative;support:positive
55,SupportLoop,Help Desk,2024-04-15,3,We've used SupportLoop for about a year. It's cheaper than the alternatives we looked at. Not a single outage in two years. Reporting is very limited.,features:negative;pricing:positive;reliability:positive
56,CountWise,Accounting,2024-05-19,5,Been on CountWise for 18 months. The onboarding call was really useful. The API is well designed. Love it.,integrations:positive;onboarding:positive
57,Sprintly Pro,Project Management,2025-07-28,4,Key features from the demo still aren't available. Data syncs reliably.,features:negative;reliability:positive
58,ClientOrbit,CRM,2024-03-19,4,Our team switched to ClientOrbit last spring. It integrates smoothly with Slack and Google Workspace. It takes far too many clicks to do simple things. Very frustrating experience.,ease_of_use:negative;integrations:positive
59,MailMosaic,Email Marketing,2024-12-06,4,Our team switched to MailMosaic last spring. Rate limits on the API are far too strict. The API is great but the pricing tiers are confusing and steep. Support kept sending us canned answers. Not worth the money. Very frustrating experience.,integrations:negative;integrations:positive;pricing:negative;support:negative
60,ClientOrbit,CRM,2025-03-20,5,Our team switched to ClientOrbit last spring. Reports are flexible and easy to customize. Importing our old data was easy.,features:positive;onboarding:positive
61,ClientOrbit,CRM,2025-08-30,5,Been on ClientOrbit for 18 months. We've had basically no downtime. Everything is where you expect it to be.,ease_of_use:positive;reliability:positive
62,Pipely,CRM,2025-07-13,3,We migrated from a legacy system. The roadmap has been stuck for a year. Pages load instantly.,features:negative;performance:positive
63,InboxRocket,Email Marketing,2025-04-05,3,"Our team switched to InboxRocket last spring. It has every feature we need. The learning curve is steep. Great features, terrible price. Would recommend to any growing team.",ease_of_use:negative;features:positive;pricing:negative
64,BookBridge,Accounting,2024-07-30,5,Been on BookBridge for 18 months. Everything is where you expect it to be. Overall a great experience.,ease_of_use:positive
65,Sprintly Pro,Project Management,2024-11-16,5,"We've used Sprintly Pro for about a year. We migrated from a legacy system. Connecting our existing tools took minutes. Cheap, and the support team is lovely.",integrations:positive;pricing:positive;support:positive
66,SupportLoop,Help Desk,2024-07-20,5,Our team switched to SupportLoop last spring. We migrated from a legacy system. The Salesforce integration works out of the box.,integrations:positive
67,TicketTide,Help Desk,2025-04-18,2,Our team switched to TicketTide last spring. It handles our large datasets without slowing down. The API is poorly documented.,integrations:negative;performance:positive
68,DealNest,CRM,2025-08-05,1,We've used DealNest for about a year. The learning curve is steep.,ease_of_use:negative
69,Pipely,CRM,2024-01-03,5,Our team switched to Pipely last spring. I use it every day. It integrates smoothly with Slack and Google Workspace.,integrations:positive
70,MailMosaic,Email Marketing,2024-09-19,5,We've used MailMosaic for about a year. Pricing is fair for what you get. Connecting our existing tools took minutes. The support team actually solves problems. Overall a great experience.,integrations:positive;pricing:positive;support:positive
71,ChartCove,Analytics,2024-07-03,5,Been on ChartCove for 18 months. The support team actually solves problems.,support:positive
72,TicketTide,Help Desk,2024-02-13,3,We've used TicketTide for about a year. Support takes days to reply. Great value for money.,pricing:positive;support:negative
73,InsightForge,Analytics,2025-04-10,5,Been on InsightForge for 18 months. The automation options are powerful. Great value for money.,features:positive;pricing:positive
74,DealNest,CRM,2025-09-19,4,We mainly use it for the contact management. Syncing with Google Calendar is unreliable. Setup was fast and the interface is intuitive. There is no way to customize the contact management. Would not recommend.,ease_of_use:positive;features:negative;integrations:negative;onboarding:positive
75,Sprintly Pro,Project Management,2025-09-17,1,We've used Sprintly Pro for about a year. The time tracking is buggy and loses data occasionally.,reliability:negative
76,TaskHarbor,Project Management,2025-01-25,5,The per-seat price is very reasonable. Love it.,pricing:positive
77,MailMosaic,Email Marketing,2024-02-18,5,We mainly use it for the automation workflows. Importing our old data was easy. Support went above and beyond to fix our issue. Overall a great experience.,onboarding:positive;support:positive
78,InsightForge,Analytics,2024-01-21,1,Been on InsightForge for 18 months. Syncing with Google Calendar is unreliable. Basic features are locked behind the enterprise plan. Our account manager disappeared after we signed.,integrations:negative;pricing:negative;support:negative
79,SupportLoop,Help Desk,2024-11-15,1,We've used SupportLoop for about a year. Not worth the money. Syncing with Google Calendar is unreliable. Very frustrating experience.,integrations:negative;pricing:negative
80,SendGarden,Email Marketing,2024-02-11,2,Our team switched to SendGarden last spring. Search is so slow we stopped using it. The Salesforce integration works out of the box. The per-seat pricing gets painful as you grow. Look elsewhere.,integrations:positive;performance:negative;pricing:negative
81,ClientOrbit,CRM,2025-05-19,5,Pages load instantly. The per-seat price is very reasonable. Not a single outage in two years.,performance:positive;pricing:positive;reliability:positive
82,DealNest,CRM,2024-12-16,1,Been on DealNest for 18 months. Most of our team works remotely. The deal tracking is buggy and loses data occasionally. Would not recommend.,reliability:negative
83,MailMosaic,Email Marketing,2024-12-21,2,"Been on MailMosaic for 18 months. It's fast, even with thousands of records. The free plan is generous. Half of our team still can't find basic settings. Look elsewhere.",ease_of_use:negative;performance:positive;pricing:positive
84,SupportLoop,Help Desk,2024-03-10,5,"Been on SupportLoop for 18 months. Most of our team works remotely. Not cheap, but worth every cent. It integrates smoothly with Slack and Google Workspace.",integrations:positive;pricing:positive
85,SendGarden,Email Marketing,2025-02-07,1,We mainly use it for the A/B testing. Support takes days to reply. There's no native integration with our accounting tool. Would not recommend.,integrations:negative;support:negative
86,Pipely,CRM,2024-12-07,2,"Key features from the demo still aren't available. It's fast, even with thousands of records. Data syncs reliably.",features:negative;performance:positive;reliability:positive
87,CountWise,Accounting,2024-04-14,1,Been on CountWise for 18 months. I use it every day. Onboarding was confusing and badly organized.,onboarding:negative
88,InsightForge,Analytics,2024-11-30,5,Support went above and beyond to fix our issue. The funnel analysis is intuitive. The funnel analysis is the best we've seen.,ease_of_use:positive;features:positive;support:positive
89,Sprintly Pro,Project Management,2024-05-16,5,Our team switched to Sprintly Pro last spring. The Salesforce integration works out of the box. Search results come back in a blink. Highly recommend.,integrations:positive;performance:positive
90,HelpHive,Help Desk,2025-09-24,1,Most of our team works remotely. The Slack integration breaks every few weeks. It takes far too many clicks to do simple things. Expensive and support is useless. Reporting is very limited. Look elsewhere.,ease_of_use:negative;features:negative;integrations:negative;pricing:negative;support:negative
91,MailMosaic,Email Marketing,2025-07-23,5,Search results come back in a blink.,performance:positive
92,SupportLoop,Help Desk,2024-11-12,1,We've used SupportLoop for about a year. We are a team of 142 people. We had several outages during business hours. Syncing with Google Calendar is unreliable. Would not recommend.,integrations:negative;reliability:negative
93,MetricMint,Analytics,2025-03-29,5,Our team switched to MetricMint last spring. We mainly use it for the funnel analysis. It's very easy to use day to day. The onboarding guides were clear.,ease_of_use:positive;onboarding:positive
94,CountWise,Accounting,2024-03-06,5,Our team switched to CountWise last spring. Setup was fast and the interface is intuitive. New features ship regularly.,features:positive;onboarding:positive
95,TicketTide,Help Desk,2025-06-02,3,Been on TicketTide for 18 months. Support went above and beyond to fix our issue. Importing our old data was a nightmare. Connecting our existing tools took minutes.,integrations:positive;onboarding:negative;support:positive
96,InsightForge,Analytics,2024-02-23,4,"I use it every day. The custom reports is missing basic options. The API is poorly documented. Easy to use, but it gets slow with big projects. The data connectors is buggy and loses data occasionally. Overall a disappointment.",ease_of_use:positive;features:negative;integrations:negative;reliability:negative
97,MailMosaic,Email Marketing,2024-01-11,1,Our team switched to MailMosaic last spring. We mainly use it for the email editor. The segmentation is missing basic options. The A/B testing takes ages to load. Rate limits on the API are far too strict.,features:negative;integrations:negative;performance:negative
98,PlanBoard,Project Management,2025-08-04,1,We needed a paid consultant just to get started.,onboarding:negative
99,Pipely,CRM,2025-04-07,1,Every update seems to break something. There is no phone support at all.,reliability:negative;support:negative
100,SendGarden,Email Marketing,2024-05-09,1,We've used SendGarden for about a year. There's no native integration with our accounting tool. The segmentation takes ages to load.,integrations:negative;performance:negative
101,MailMosaic,Email Marketing,2024-01-15,4,Our team switched to MailMosaic last spring. Connecting our existing tools took minutes. We had several outages during business hours. Navigation is a maze.,ease_of_use:negative;integrations:positive;reliability:negative
102,MailMosaic,Email Marketing,2024-02-27,1,Been on MailMosaic for 18 months. There is no way to customize the segmentation. Overall a disappointment.,features:negative
103,LedgerLeaf,Accounting,2024-11-19,5,"Been on LedgerLeaf for 18 months. I use it every day. Fast, stable and never down. Pages load instantly. Love it.",performance:positive;reliability:positive
104,MetricMint,Analytics,2024-03-11,2,We migrated from a legacy system. Pages load instantly. Great value for money. It crashes a lot and support never helps. The support team actually solves problems.,performance:positive;pricing:positive;reliability:negative;support:negative;support:positive
105,MetricMint,Analytics,2024-04-07,2,Been on MetricMint for 18 months. We were up and running in a day. The roadmap has been stuck for a year.,features:negative;onboarding:positive
106,HelpHive,Help Desk,2025-01-31,5,Our IT team handled the rollout. Search results come back in a blink.,performance:positive
107,PlanBoard,Project Management,2025-09-17,1,Our team switched to PlanBoard last spring. Basic features are locked behind the enterprise plan. Would not recommend.,pricing:negative
108,TaskHarbor,Project Management,2025-08-27,1,Been on TaskHarbor for 18 months. We migrated from a legacy system. Reports time out when the data gets large. The Slack integration breaks every few weeks. Look elsewhere.,performance:negative
109,ChartCove,Analytics,2024-08-15,1,We've used ChartCove for about a year. Customer support rarely fixes anything. Would not recommend.,support:negative
110,DealNest,CRM,2025-04-30,4,Our team switched to DealNest last spring. Expensive and support is useless. The email sync is the best we've seen. The contact management is not intuitive at all. The email sync is buggy and loses data occasionally. Look elsewhere.,ease_of_use:negative;features:positive;pricing:negative;reliability:negative;support:negative
111,DealNest,CRM,2024-03-10,1,Our team switched to DealNest last spring. We migrated from a legacy system. Not worth the money. Would not recommend.,pricing:negative
112,LedgerLeaf,Accounting,2024-06-07,4,We've used LedgerLeaf for about a year. Pages load instantly. Expensive and support is useless. The API is well designed. Highly recommend.,integrations:positive;performance:positive;pricing:negative;support:negative
113,PlanBoard,Project Management,2024-02-17,4,Our team switched to PlanBoard last spring. It has every feature we need. Onboarding was confusing and badly organized. Everything is where you expect it to be.,ease_of_use:positive;features:positive;onboarding:negative
114,SendGarden,Email Marketing,2024-03-27,1,We've used SendGarden for about a year. Our IT team handled the rollout. There is no phone support at all. The roadmap has been stuck for a year. Look elsewhere.,features:negative;support:negative
115,SendGarden,Email Marketing,2024-02-03,1,Been on SendGarden for 18 months. There is no phone support at all. Half of our team still can't find basic settings. Would not recommend.,ease_of_use:negative;support:negative
116,SupportLoop,Help Desk,2024-04-30,3,Our team switched to SupportLoop last spring. There is no phone support at all. Not worth the money. The knowledge base is intuitive. Would not recommend.,ease_of_use:positive;pricing:negative;support:negative
117,BookBridge,Accounting,2024-02-28,5,We've used BookBridge for about a year. Our IT team handled the rollout. We saved money by replacing two tools with it. The onboarding guides were clear. The bank reconciliation is intuitive.,ease_of_use:positive;onboarding:positive;pricing:positive
118,MailMosaic,Email Marketing,2024-06-25,2,We've used MailMosaic for about a year. Even our non-technical staff picked it up quickly. Search is so slow we stopped using it.,ease_of_use:positive;performance:negative
119,DealNest,CRM,2025-07-27,4,Our team switched to DealNest last spring. We evaluated it against two competitors. The per-seat price is very reasonable. We waited two weeks for a reply to a critical ticket.,pricing:positive;support:negative
120,Pipely,CRM,2025-05-08,5,We mainly use it for the contact management. Support went above and beyond to fix our issue. Importing our old data was easy.,onboarding:positive;support:positive
121,ClientOrbit,CRM,2025-04-18,1,Our team switched to ClientOrbit last spring. Onboarding was confusing and badly organized. The learning curve is steep.,ease_of_use:negative;onboarding:negative
122,HelpHive,Help Desk,2024-08-06,5,Great value for money. Everything is where you expect it to be. Would recommend to any growing team.,ease_of_use:positive;pricing:positive
123,InboxRocket,Email Marketing,2024-12-31,5,Our team switched to InboxRocket last spring. The support team actually solves problems. The onboarding call was really useful. Not a single outage in two years. Love it.,onboarding:positive;reliability:positive;support:positive
124,TicketTide,Help Desk,2024-11-28,5,Our team switched to TicketTide last spring. We mainly use it for the knowledge base. Connecting our existing tools took minutes.,integrations:positive
125,TicketTide,Help Desk,2024-01-30,1,Been on TicketTide for 18 months. It gets painfully slow with a few thousand records. Navigation is a maze. Key features from the demo still aren't available.,ease_of_use:negative;features:negative;performance:negative
126,SupportLoop,Help Desk,2025-08-26,5,Our team switched to SupportLoop last spring. Connecting our existing tools took minutes.,integrations:positive
127,InsightForge,Analytics,2025-07-17,1,We've used InsightForge for about a year. Importing our old data was a nightmare. We waited two weeks for a reply to a critical ticket. Very frustrating experience.,onboarding:negative;support:negative
128,ClientOrbit,CRM,2025-06-17,1,We've used ClientOrbit for about a year. Expensive and support is useless. We are a team of 56 people. Basic features are locked behind the enterprise plan.,support:negative
129,LedgerLeaf,Accounting,2024-04-01,4,"Our team switched to LedgerLeaf last spring. Fast, stable and never down. Most of our team works remotely. There is no way to customize the bank reconciliation.",features:negative;performance:positive;reliability:positive
130,Sprintly Pro,Project Management,2024-01-25,3,"Been on Sprintly Pro for 18 months. I use it every day. The learning curve is steep. It's fast, even with thousands of records. Would not recommend.",ease_of_use:negative;performance:positive
131,MailMosaic,Email Marketing,2025-06-17,3,"Our team switched to MailMosaic last spring. It has every feature we need. Everything is where you expect it to be. Great features, terrible price. The Salesforce integration works out of the box. Would recommend to any growing team.",ease_of_use:positive;features:positive;integrations:positive;pricing:negative
132,InsightForge,Analytics,2025-06-19,1,Our team switched to InsightForge last spring. There's no native integration with our accounting tool. Key features from the demo still aren't available.,features:negative;integrations:negative
133,BookBridge,Accounting,2025-07-24,5,We've used BookBridge for about a year. We mainly use it for the expense tracking. We saved money by replacing two tools with it. Live chat support is fast and friendly. Never lost any data.,pricing:positive;reliability:positive;support:positive
134,Sprintly Pro,Project Management,2025-03-11,5,"Been on Sprintly Pro for 18 months. We are a team of 202 people. Importing our old data was easy. Zapier support covers everything else we need. Cheap, and the support team is lovely.",integrations:positive;onboarding:positive;pricing:positive;support:positive
135,TaskHarbor,Project Management,2025-04-09,5,Our team switched to TaskHarbor last spring. We evaluated it against two competitors. The Salesforce integration works out of the box. It has every feature we need.,features:positive;integrations:positive
136,SupportLoop,Help Desk,2024-05-06,5,We've used SupportLoop for about a year. The knowledge base is the best we've seen.,features:positive
137,SupportLoop,Help Desk,2024-12-24,3,"We've used SupportLoop for about a year. Our IT team handled the rollout. It's fast, even with thousands of records. Navigation is a maze. Not a single outage in two years.",ease_of_use:negative;performance:positive;reliability:positive
138,BookBridge,Accounting,2024-01-16,1,We've used BookBridge for about a year. We evaluated it against two competitors. We had several outages during business hours. The invoicing takes ages to load. Half of our team still can't find basic settings. Would not recommend.,ease_of_use:negative;performance:negative;reliability:negative
139,Sprintly Pro,Project Management,2025-09-28,5,Been on Sprintly Pro for 18 months. Our IT team handled the rollout. The support team actually solves problems. Connecting our existing tools took minutes. It handles our large datasets without slowing down.,integrations:positive;performance:positive;support:positive
140,MetricMint,Analytics,2025-01-23,1,Been on MetricMint for 18 months. They raised the price by 40% with almost no notice. Reporting is very limited. Reports time out when the data gets large.,features:negative;performance:negative;pricing:negative
141,MetricMint,Analytics,2024-02-21,3,Our account manager is responsive and helpful. The interface is cluttered and confusing.,ease_of_use:negative;support:positive
142,DealNest,CRM,2024-11-19,5,Our team switched to DealNest last spring. Navigation is simple and logical. Connecting our existing tools took minutes. Overall a great experience.,ease_of_use:positive;integrations:positive
143,ChartCove,Analytics,2025-06-08,2,Been on ChartCove for 18 months. Onboarding was confusing and badly organized. It costs twice as much as the competitors. Customer support answers within minutes.,onboarding:negative;pricing:negative;support:positive
144,InsightForge,Analytics,2025-02-07,3,Key features from the demo still aren't available. They raised the price by 40% with almost no notice. Live chat support is fast and friendly.,features:negative;pricing:negative;support:positive
145,ClientOrbit,CRM,2025-06-12,2,Setup took weeks. Support went above and beyond to fix our issue.,onboarding:negative;support:positive
146,SendGarden,Email Marketing,2024-10-24,1,Been on SendGarden for 18 months. It gets painfully slow with a few thousand records. Would not recommend.,performance:negative
147,CountWise,Accounting,2025-05-14,5,Been on CountWise for 18 months. It's cheaper than the alternatives we looked at.,pricing:positive
148,Pipely,CRM,2024-08-08,3,We've used Pipely for about a year. Importing our old data was a nightmare. Zapier support covers everything else we need. New features ship regularly.,features:positive;integrations:positive;onboarding:negative
149,MailMosaic,Email Marketing,2024-02-29,1,We've used MailMosaic for about a year. We evaluated it against two competitors. It gets painfully slow with a few thousand records. Support takes days to reply. The mobile app crashes constantly.,performance:negative;reliability:negative;support:negative
150,MailMosaic,Email Marketing,2025-05-25,5,"We've used MailMosaic for about a year. It's fast, even with thousands of records. Fast, stable and never down.",performance:positive;reliability:positive
151,CountWise,Accounting,2025-02-16,5,Never lost any data.,reliability:positive
152,DealNest,CRM,2025-02-12,4,There is no way to customize the deal tracking. We waited two weeks for a reply to a critical ticket. We've had basically no downtime.,features:negative;reliability:positive;support:negative
153,Sprintly Pro,Project Management,2025-04-29,5,We've used Sprintly Pro for about a year. The onboarding guides were clear. The API is well designed. Highly recommend.,integrations:positive;onboarding:positive
154,ChartCove,Analytics,2024-12-15,1,The mobile app crashes constantly. Not worth the money. Navigation is a maze.,ease_of_use:negative;pricing:negative;reliability:negative
155,CountWise,Accounting,2025-02-04,2,We've used CountWise for about a year. Syncing fails silently. The Salesforce integration works out of the box. Overall a disappointment.,integrations:positive;reliability:negative
156,ClientOrbit,CRM,2025-10-02,2,Been on ClientOrbit for 18 months. There is no phone support at all. The API is well designed. Not a single outage in two years.,integrations:positive;reliability:positive;support:negative
157,InboxRocket,Email Marketing,2024-11-03,1,Been on InboxRocket for 18 months. Rate limits on the API are far too strict. Half of our team still can't find basic settings. Would not recommend.,ease_of_use:negative;integrations:negative
158,CountWise,Accounting,2024-09-12,5,Been on CountWise for 18 months. It handles our large datasets without slowing down. The automation options are powerful. Setup was fast and the interface is intuitive.,ease_of_use:positive;features:positive;onboarding:positive;performance:positive
159,TaskHarbor,Project Management,2024-11-17,4,We've used TaskHarbor for about a year. Everything is where you expect it to be. Pricing is fair for what you get. The time tracking is missing basic options. Love it.,ease_of_use:positive;features:negative;pricing:positive
160,DealNest,CRM,2024-07-05,5,Been on DealNest for 18 months. The onboarding call was really useful. The email sync is snappy.,onboarding:positive;performance:positive
161,CountWise,Accounting,2024-01-26,5,Most of our team works remotely. The onboarding guides were clear. Customer support answers within minutes.,onboarding:positive;support:positive
162,DealNest,CRM,2024-02-25,3,Been on DealNest for 18 months. Data syncs reliably. The learning curve is steep. Love it.,ease_of_use:negative;reliability:positive
163,SendGarden,Email Marketing,2025-03-30,4,"We've used SendGarden for about a year. Easy to use, but it gets slow with big projects. I use it every day. The A/B testing is snappy. The API is well designed. Love it.",ease_of_use:positive;integrations:positive;performance:negative;performance:positive
164,ChartCove,Analytics,2024-02-10,4,Our team switched to ChartCove last spring. The per-seat pricing gets painful as you grow. The dashboards is snappy.,performance:positive;pricing:negative
165,BookBridge,Accounting,2025-06-13,3,"Our team switched to BookBridge last spring. We migrated from a legacy system. Not worth the money. Whenever we got stuck, support had an answer the same day. Onboarding was confusing and badly organized.",onboarding:negative;pricing:negative;support:positive
166,TicketTide,Help Desk,2025-04-02,5,We've used TicketTide for about a year. We mainly use it for the ticket routing. Never lost any data. Search results come back in a blink.,performance:positive;reliability:positive
167,ChartCove,Analytics,2024-08-17,1,We've used ChartCove for about a year. Most of our team works remotely. Reports time out when the data gets large. Very frustrating experience.,performance:negative
168,TaskHarbor,Project Management,2025-07-30,2,We've used TaskHarbor for about a year. The API is poorly documented. The mobile app crashes constantly. The Gantt chart is the best we've seen. Would not recommend.,features:positive;integrations:negative;reliability:negative
169,SupportLoop,Help Desk,2024-05-02,4,"Been on SupportLoop for 18 months. Most of our team works remotely. It takes far too many clicks to do simple things. The knowledge base alone is worth it. Great features, terrible price.",ease_of_use:negative;features:positive;pricing:negative
170,ChartCove,Analytics,2025-07-24,3,"Support went above and beyond to fix our issue. The interface is cluttered and confusing. Cheap, and the support team is lovely.",ease_of_use:negative;pricing:positive;support:positive
171,SupportLoop,Help Desk,2025-01-07,5,Our team switched to SupportLoop last spring. We are a team of 259 people. Setup was quick and painless. Support went above and beyond to fix our issue. Overall a great experience.,onboarding:positive;support:positive
172,MetricMint,Analytics,2024-02-08,1,We've used MetricMint for about a year. We mainly use it for the dashboards. We had several outages during business hours.,reliability:negative
173,LedgerLeaf,Accounting,2024-11-10,3,Been on LedgerLeaf for 18 months. We evaluated it against two competitors. The API is great but the pricing tiers are confusing and steep. It has every feature we need. Highly recommend.,features:positive;integrations:positive;pricing:negative
174,ClientOrbit,CRM,2024-06-13,1,Our team switched to ClientOrbit last spring. Every update seems to break something. Love it.,reliability:negative
175,InboxRocket,Email Marketing,2024-07-09,1,We've used InboxRocket for about a year. The app freezes several times a day.,performance:negative
176,InsightForge,Analytics,2025-02-02,1,Been on InsightForge for 18 months. We are a team of 216 people. Reports time out when the data gets large. There is no way to customize the dashboards. Setup took weeks. Look elsewhere.,features:negative;onboarding:negative;performance:negative
177,Sprintly Pro,Project Management,2024-08-26,1,We've used Sprintly Pro for about a year. I use it every day. The app freezes several times a day. Too basic for a growing team. Importing our old data was a nightmare.,features:negative;onboarding:negative;performance:negative
178,MailMosaic,Email Marketing,2025-07-12,2,The A/B testing is buggy and loses data occasionally. Syncing with Google Calendar is unreliable. The support team actually solves problems.,integrations:negative;reliability:negative;support:positive
179,MetricMint,Analytics,2024-09-19,5,Been on MetricMint for 18 months. Pricing is fair for what you get.,pricing:positive
180,InsightForge,Analytics,2024-12-22,5,The automation options are powerful. The interface is clean and easy to learn.,ease_of_use:positive;features:positive
181,TaskHarbor,Project Management,2024-08-04,3,Been on TaskHarbor for 18 months. The per-seat price is very reasonable. Importing our old data was a nightmare.,onboarding:negative;pricing:positive
182,DealNest,CRM,2025-05-06,1,Been on DealNest for 18 months. The API is poorly documented. It gets painfully slow with a few thousand records. There is no phone support at all. Overall a disappointment.,integrations:negative;performance:negative;support:negative
183,TicketTide,Help Desk,2024-01-12,5,We've used TicketTide for about a year. Reports are flexible and easy to customize. Great value for money. Our account manager is responsive and helpful.,features:positive;pricing:positive;support:positive
184,Pipely,CRM,2024-07-01,4,"Our team switched to Pipely last spring. We mainly use it for the pipeline view. Syncing with Google Calendar is unreliable. Cheap, and the support team is lovely. Reporting is very limited. Support kept sending us canned answers. Very frustrating experience.",features:negative;integrations:negative;pricing:positive;support:negative;support:positive
185,SendGarden,Email Marketing,2024-02-11,1,Been on SendGarden for 18 months. The segmentation is missing basic options. Overall a disappointment.,features:negative
186,LedgerLeaf,Accounting,2024-08-17,5,Been on LedgerLeaf for 18 months. Our IT team handled the rollout. The tax reports is snappy.,performance:positive
187,MailMosaic,Email Marketing,2025-01-09,3,We've used MailMosaic for about a year. We mainly use it for the segmentation. The support team actually solves problems. Syncing with Google Calendar is unreliable. The segmentation is the best we've seen.,features:positive;integrations:negative;support:positive
188,ClientOrbit,CRM,2024-04-29,1,Been on ClientOrbit for 18 months. The app freezes several times a day. We had several outages during business hours. Not worth the money. Look elsewhere.,performance:negative;pricing:negative;reliability:negative
189,MetricMint,Analytics,2025-05-06,5,We've used MetricMint for about a year. We were up and running in a day. The funnel analysis is intuitive.,ease_of_use:positive;onboarding:positive
190,Pipely,CRM,2025-09-09,1,Been on Pipely for 18 months. Reporting is very limited.,features:negative
191,LedgerLeaf,Accounting,2024-05-06,5,The free plan is generous. The API is well designed.,integrations:positive;pricing:positive
192,Sprintly Pro,Project Management,2024-10-28,5,We've used Sprintly Pro for about a year. Most of our team works remotely. Not a single outage in two years.,reliability:positive
193,DealNest,CRM,2024-04-26,3,We've used DealNest for about a year. The roadmap has been stuck for a year. The support team actually solves problems.,features:negative;support:positive
194,MailMosaic,Email Marketing,2024-07-27,4,"Our team switched to MailMosaic last spring. Great features, terrible price. It costs twice as much as the competitors. The learning curve is steep. Very frustrating experience.",ease_of_use:negative;features:positive;pricing:negative
195,SendGarden,Email Marketing,2024-08-24,3,"Been on SendGarden for 18 months. We evaluated it against two competitors. Importing our old data was easy. The segmentation takes ages to load. Data syncs reliably. Fast, stable and never down. Highly recommend.",onboarding:positive;performance:negative;performance:positive;reliability:positive
196,Pipely,CRM,2025-01-14,1,Our team switched to Pipely last spring. The setup documentation is outdated. Overall a disappointment.,onboarding:negative
197,InboxRocket,Email Marketing,2024-08-17,3,Been on InboxRocket for 18 months. Syncing with Google Calendar is unreliable. Reports are flexible and easy to customize. Navigation is a maze.,ease_of_use:negative;features:positive;integrations:negative
198,TicketTide,Help Desk,2024-07-23,1,Our team switched to TicketTide last spring. Most of our team works remotely. The Slack integration breaks every few weeks. Would not recommend.,integrations:negative
199,Sprintly Pro,Project Management,2024-07-24,3,It gets painfully slow with a few thousand records. It takes far too many clicks to do simple things. The onboarding call was really useful.,ease_of_use:negative;onboarding:positive;performance:negative
200,TaskHarbor,Project Management,2025-09-01,2,Been on TaskHarbor for 18 months. The per-seat pricing gets painful as you grow. Setup was fast and the interface is intuitive.,ease_of_use:positive;onboarding:positive;pricing:negative
201,MailMosaic,Email Marketing,2025-05-18,1,Our team switched to MailMosaic last spring. It costs twice as much as the competitors. Importing our old data was a nightmare. The roadmap has been stuck for a year. Would not recommend.,features:negative;onboarding:negative;pricing:negative
202,MailMosaic,Email Marketing,2025-03-30,1,We've used MailMosaic for about a year. We migrated from a legacy system. We needed a paid consultant just to get started. Would not recommend.,onboarding:negative
203,CountWise,Accounting,2025-09-23,5,We've used CountWise for about a year. Our account manager is responsive and helpful. Navigation is simple and logical. Highly recommend.,ease_of_use:positive;support:positive
204,CountWise,Accounting,2024-10-03,5,We've used CountWise for about a year. Never lost any data.,reliability:positive
205,Sprintly Pro,Project Management,2025-06-24,4,Been on Sprintly Pro for 18 months. Navigation is simple and logical. There's no native integration with our accounting tool. Highly recommend.,ease_of_use:positive;integrations:negative
206,Pipely,CRM,2024-11-14,1,We mainly use it for the email sync. Key features from the demo still aren't available. Syncing fails silently.,features:negative;reliability:negative
207,ClientOrbit,CRM,2024-10-28,1,Our team switched to ClientOrbit last spring. There is no phone support at all.,support:negative
208,HelpHive,Help Desk,2025-08-17,5,Our team switched to HelpHive last spring. We mainly use it for the shared inbox. Setup was quick and painless. Would recommend to any growing team.,onboarding:positive
209,MailMosaic,Email Marketing,2024-12-08,4,Been on MailMosaic for 18 months. The automation workflows takes ages to load. Customer support rarely fixes anything. We've had basically no downtime.,performance:negative;reliability:positive;support:negative
210,CountWise,Accounting,2025-01-22,1,We've used CountWise for about a year. We are a team of 266 people. Customer support rarely fixes anything. Highly recommend.,support:negative
211,ChartCove,Analytics,2025-08-28,3,There is no phone support at all. The API is great but the pricing tiers are confusing and steep.,integrations:positive;pricing:negative;support:negative
212,PlanBoard,Project Management,2025-04-17,5,Our team switched to PlanBoard last spring. It integrates smoothly with Slack and Google Workspace. Customer support answers within minutes. It's very easy to use day to day.,ease_of_use:positive;integrations:positive;support:positive
213,MailMosaic,Email Marketing,2024-01-12,3,Our team switched to MailMosaic last spring. We saved money by replacing two tools with it. Rate limits on the API are far too strict. It's very easy to use day to day.,ease_of_use:positive;integrations:negative;pricing:positive
214,BookBridge,Accounting,2024-07-19,1,We've used BookBridge for about a year. Way too expensive for what you get. The Slack integration breaks every few weeks. Would not recommend.,integrations:negative;pricing:negative
215,CountWise,Accounting,2024-09-10,2,Our team switched to CountWise last spring. Our IT team handled the rollout. It handles our large datasets without slowing down. There's no native integration with our accounting tool. Importing our old data was a nightmare.,integrations:negative;onboarding:negative;performance:positive
216,MetricMint,Analytics,2025-06-06,1,Our team switched to MetricMint last spring. Customer support rarely fixes anything.,support:negative
217,TicketTide,Help Desk,2024-05-09,4,"It takes far too many clicks to do simple things. There's no native integration with our accounting tool. Whenever we got stuck, support had an answer the same day. Would not recommend.",ease_of_use:negative;integrations:negative;support:positive
218,PlanBoard,Project Management,2025-04-23,2,We've used PlanBoard for about a year. Setup was fast and the interface is intuitive. Half of our team still can't find basic settings.,ease_of_use:negative;ease_of_use:positive;onboarding:positive
219,MetricMint,Analytics,2025-08-26,2,Our team switched to MetricMint last spring. There's no native integration with our accounting tool. The API is great but the pricing tiers are confusing and steep. Importing our old data was a nightmare. Would not recommend.,integrations:negative;integrations:positive;onboarding:negative;pricing:negative
220,MailMosaic,Email Marketing,2024-11-09,3,Our team switched to MailMosaic last spring. It's cheaper than the alternatives we looked at. The email editor takes ages to load. Setup took weeks. Look elsewhere.,onboarding:negative;performance:negative;pricing:positive
221,PlanBoard,Project Management,2024-08-09,1,We've used PlanBoard for about a year. The time tracking is not intuitive at all. Too basic for a growing team. Overall a disappointment.,ease_of_use:negative;features:negative
222,BookBridge,Accounting,2024-09-01,3,Been on BookBridge for 18 months. It crashes a lot and support never helps. The invoicing is the best we've seen.,features:positive;reliability:negative;support:negative
223,CountWise,Accounting,2025-05-12,4,We've used CountWise for about a year. I use it every day. The API is great but the pricing tiers are confusing and steep. The automation options are powerful. Data syncs reliably.,features:positive;integrations:positive;pricing:negative;reliability:positive
224,TaskHarbor,Project Management,2024-02-22,5,New features ship regularly.,features:positive
225,InsightForge,Analytics,2024-09-05,5,Zapier support covers everything else we need.,integrations:positive
226,Sprintly Pro,Project Management,2024-06-12,2,Been on Sprintly Pro for 18 months. Support takes days to reply. Setup was quick and painless. It's very easy to use day to day. Overall a great experience.,ease_of_use:positive;onboarding:positive;support:negative
227,ChartCove,Analytics,2025-09-23,1,Our team switched to ChartCove last spring. We needed a paid consultant just to get started. The API is poorly documented. The mobile app crashes constantly.,integrations:negative;onboarding:negative;reliability:negative
228,LedgerLeaf,Accounting,2025-08-06,2,Our team switched to LedgerLeaf last spring. The automation options are powerful. It integrates smoothly with Slack and Google Workspace. The setup documentation is outdated.,features:positive;integrations:positive;onboarding:negative
229,BookBridge,Accounting,2024-06-12,4,The tax reports is the best we've seen. Expensive and support is useless.,features:positive;pricing:negative;support:negative
230,HelpHive,Help Desk,2024-01-30,3,We've used HelpHive for about a year. I use it every day. The API is poorly documented. It handles our large datasets without slowing down. The learning curve is steep.,ease_of_use:negative;integrations:negative;performance:positive
231,DealNest,CRM,2024-04-26,5,"We've used DealNest for about a year. I use it every day. The onboarding call was really useful. Cheap, and the support team is lovely. Great value for money. Pages load instantly.",onboarding:positive;performance:positive;pricing:positive;support:positive
232,ClientOrbit,CRM,2025-09-10,3,Our team switched to ClientOrbit last spring. We are a team of 101 people. It gets painfully slow with a few thousand records. Reports are flexible and easy to customize.,features:positive;performance:negative
233,BookBridge,Accounting,2024-08-29,5,Setup was quick and painless. The per-seat price is very reasonable. It's very easy to use day to day.,ease_of_use:positive;onboarding:positive;pricing:positive
234,TicketTide,Help Desk,2024-10-29,2,"We are a team of 154 people. The ticket routing is buggy and loses data occasionally. The shared inbox is snappy. The onboarding guides were clear. Easy to use, but it gets slow with big projects.",ease_of_use:positive;onboarding:positive;performance:negative;performance:positive;reliability:negative
235,BookBridge,Accounting,2024-05-02,2,Our team switched to BookBridge last spring. We are a team of 157 people. We needed a paid consultant just to get started. The Salesforce integration works out of the box. Every update seems to break something.,integrations:positive;onboarding:negative;reliability:negative
236,DealNest,CRM,2024-06-19,3,Our team switched to DealNest last spring. We waited two weeks for a reply to a critical ticket. It handles our large datasets without slowing down.,performance:positive;support:negative
237,InboxRocket,Email Marketing,2025-03-27,3,Been on InboxRocket for 18 months. We are a team of 82 people. The Salesforce integration works out of the box. Reporting is very limited. It gets painfully slow with a few thousand records.,features:negative;integrations:positive;performance:negative
238,TicketTide,Help Desk,2025-06-11,1,The knowledge base is buggy and loses data occasionally.,reliability:negative
239,LedgerLeaf,Accounting,2025-04-22,1,Our team switched to LedgerLeaf last spring. Customer support rarely fixes anything. The tax reports is missing basic options.,features:negative;support:negative
240,CountWise,Accounting,2025-03-08,1,Our team switched to CountWise last spring. Most of our team works remotely. Search is so slow we stopped using it. Importing our old data was a nightmare.,onboarding:negative;performance:negative
241,LedgerLeaf,Accounting,2024-06-29,5,"We were up and running in a day. Cheap, and the support team is lovely.",onboarding:positive;pricing:positive;support:positive
242,MailMosaic,Email Marketing,2024-09-02,1,We've used MailMosaic for about a year. It takes far too many clicks to do simple things. Not worth the money.,ease_of_use:negative;pricing:negative
243,SendGarden,Email Marketing,2024-12-04,1,The segmentation is buggy and loses data occasionally. We needed a paid consultant just to get started. Very frustrating experience.,onboarding:negative;reliability:negative
244,BookBridge,Accounting,2024-02-14,1,We've used BookBridge for about a year. Most of our team works remotely. Onboarding was confusing and badly organized. Support takes days to reply.,onboarding:negative;support:negative
245,LedgerLeaf,Accounting,2024-09-16,4,Been on LedgerLeaf for 18 months. Live chat support is fast and friendly. Expensive and support is useless. Connecting our existing tools took minutes. The automation options are powerful. Love it.,features:positive;integrations:positive;pricing:negative;support:negative;support:positive
246,TicketTide,Help Desk,2024-11-03,1,Support kept sending us canned answers. There's no native integration with our accounting tool. The learning curve is steep. Look elsewhere.,ease_of_use:negative;support:negative
247,LedgerLeaf,Accounting,2025-06-16,1,Been on LedgerLeaf for 18 months. The setup documentation is outdated.,onboarding:negative
248,HelpHive,Help Desk,2025-07-24,2,We've used HelpHive for about a year. Reports time out when the data gets large. Not a single outage in two years. Zapier support covers everything else we need.,integrations:positive;performance:negative;reliability:positive
249,SupportLoop,Help Desk,2025-06-21,1,We've used SupportLoop for about a year. The Slack integration breaks every few weeks. The interface is clean and easy to learn.,integrations:negative
250,LedgerLeaf,Accounting,2025-07-19,5,"We've used LedgerLeaf for about a year. Whenever we got stuck, support had an answer the same day. The onboarding call was really useful.",onboarding:positive;support:positive
251,LedgerLeaf,Accounting,2025-08-11,1,We've used LedgerLeaf for about a year. I use it every day. The bank reconciliation is buggy and loses data occasionally. It gets painfully slow with a few thousand records. Rate limits on the API are far too strict.,integrations:negative;performance:negative;reliability:negative
252,MetricMint,Analytics,2025-05-02,5,The funnel analysis is snappy. Connecting our existing tools took minutes.,integrations:positive
253,LedgerLeaf,Accounting,2025-05-22,2,We've used LedgerLeaf for about a year. The interface is cluttered and confusing. We saved money by replacing two tools with it.,ease_of_use:negative;pricing:positive
254,HelpHive,Help Desk,2024-07-03,1,Our team switched to HelpHive last spring. Syncing fails silently.,reliability:negative
255,BookBridge,Accounting,2025-08-18,3,We've used BookBridge for about a year. Support kept sending us canned answers. It's very easy to use day to day.,ease_of_use:positive;support:negative
256,MailMosaic,Email Marketing,2024-09-06,1,We've used MailMosaic for about a year. Our IT team handled the rollout. Reports time out when the data gets large. There is no way to customize the automation workflows. Navigation is a maze.,ease_of_use:negative;features:negative;performance:negative
257,Sprintly Pro,Project Management,2024-09-27,3,Most of our team works remotely. The time tracking is buggy and loses data occasionally. There's no native integration with our accounting tool. The API is great but the pricing tiers are confusing and steep.,integrations:negative;integrations:positive;pricing:negative;reliability:negative
258,MetricMint,Analytics,2024-01-11,3,Our team switched to MetricMint last spring. Support went above and beyond to fix our issue. Syncing fails silently. Syncing with Google Calendar is unreliable. Overall a disappointment.,integrations:negative;reliability:negative;support:positive
259,InboxRocket,Email Marketing,2024-12-03,2,We've used InboxRocket for about a year. Most of our team works remotely. Rate limits on the API are far too strict. We were up and running in a day. Pages load instantly.,integrations:negative;onboarding:positive;performance:positive
260,ChartCove,Analytics,2024-06-12,1,We've used ChartCove for about a year. Rate limits on the API are far too strict. Importing our old data was a nightmare. Customer support rarely fixes anything. Very frustrating experience.,integrations:negative;onboarding:negative;support:negative
261,SupportLoop,Help Desk,2025-04-11,1,Been on SupportLoop for 18 months. We are a team of 21 people. The roadmap has been stuck for a year.,features:negative
262,SupportLoop,Help Desk,2024-11-19,5,Our team switched to SupportLoop last spring. Zapier support covers everything else we need. Setup was quick and painless. Everything is where you expect it to be.,ease_of_use:positive;integrations:positive;onboarding:positive
263,BookBridge,Accounting,2024-04-09,1,It takes far too many clicks to do simple things. Hidden fees showed up on our second invoice.,ease_of_use:negative;pricing:negative
264,InsightForge,Analytics,2024-12-04,1,Our team switched to InsightForge last spring. We had several outages during business hours. The roadmap has been stuck for a year.,features:negative;reliability:negative
265,ChartCove,Analytics,2025-05-26,2,We migrated from a legacy system. Customer support answers within minutes. The dashboards is the best we've seen. There's no native integration with our accounting tool.,features:positive;integrations:negative;support:positive
266,LedgerLeaf,Accounting,2024-06-18,5,The support team actually solves problems.,support:positive
267,SendGarden,Email Marketing,2025-04-22,1,Our team switched to SendGarden last spring. The A/B testing is not intuitive at all. Hidden fees showed up on our second invoice. Would not recommend.,ease_of_use:negative;pricing:negative
268,ChartCove,Analytics,2024-03-17,4,Been on ChartCove for 18 months. The custom reports alone is worth it. They raised the price by 40% with almost no notice.,features:positive;pricing:negative
269,HelpHive,Help Desk,2024-11-23,2,We've used HelpHive for about a year. Not a single outage in two years. Navigation is a maze.,ease_of_use:negative;reliability:positive
270,ClientOrbit,CRM,2025-05-29,3,"It's fast, even with thousands of records. The roadmap has been stuck for a year.",features:negative;performance:positive
271,MailMosaic,Email Marketing,2024-10-22,4,"It's cheaper than the alternatives we looked at. Fast, stable and never down. The email editor is snappy. We needed a paid consultant just to get started.",onboarding:negative;performance:positive;pricing:positive;reliability:positive
272,LedgerLeaf,Accounting,2025-07-07,1,We've used LedgerLeaf for about a year. Rate limits on the API are far too strict. The invoicing is buggy and loses data occasionally. Half of our team still can't find basic settings.,ease_of_use:negative;integrations:negative;reliability:negative
273,LedgerLeaf,Accounting,2025-01-20,4,Syncing with Google Calendar is unreliable. There is no way to customize the expense tracking. The API is great but the pricing tiers are confusing and steep. Very frustrating experience.,features:negative;integrations:negative;integrations:positive;pricing:negative
274,ChartCove,Analytics,2025-06-28,4,Been on ChartCove for 18 months. Navigation is a maze. The API is well designed.,ease_of_use:negative;integrations:positive
275,SendGarden,Email Marketing,2025-01-24,1,Been on SendGarden for 18 months. Key features from the demo still aren't available. Look elsewhere.,features:negative
276,LedgerLeaf,Accounting,2024-04-03,1,We've used LedgerLeaf for about a year. We are a team of 149 people. Too basic for a growing team. The per-seat pricing gets painful as you grow.,features:negative;pricing:negative
277,TicketTide,Help Desk,2024-04-15,2,We've used TicketTide for about a year. Live chat support is fast and friendly. Search is so slow we stopped using it. Too basic for a growing team.,features:negative;performance:negative;support:positive
278,SendGarden,Email Marketing,2024-12-31,5,"Our team switched to SendGarden last spring. The onboarding guides were clear. Fast, stable and never down. Support went above and beyond to fix our issue. The A/B testing is the best we've seen. Love it.",features:positive;onboarding:positive;performance:positive;reliability:positive
279,DealNest,CRM,2025-02-24,5,Importing our old data was easy. Live chat support is fast and friendly. Search results come back in a blink. Overall a great experience.,onboarding:positive;performance:positive;support:positive
280,ClientOrbit,CRM,2024-01-02,1,Our team switched to ClientOrbit last spring. There is no phone support at all. Very frustrating experience.,support:negative
281,LedgerLeaf,Accounting,2025-06-02,5,We've used LedgerLeaf for about a year. Pages load instantly.,performance:positive
282,InsightForge,Analytics,2024-05-29,1,Our team switched to InsightForge last spring. We evaluated it against two competitors. It gets painfully slow with a few thousand records.,performance:negative
283,InboxRocket,Email Marketing,2024-07-23,3,"We've used InboxRocket for about a year. It costs twice as much as the competitors. Fast, stable and never down. The automation options are powerful.",features:positive;performance:positive;pricing:negative;reliability:positive
284,SendGarden,Email Marketing,2024-05-02,1,Been on SendGarden for 18 months. The API is poorly documented. Basic features are locked behind the enterprise plan. Would not recommend.,integrations:negative;pricing:negative
285,InsightForge,Analytics,2024-01-03,3,There is no phone support at all. The custom reports is buggy and loses data occasionally. It handles our large datasets without slowing down.,performance:positive;reliability:negative;support:negative
286,TicketTide,Help Desk,2024-09-23,3,Support kept sending us canned answers. Connecting our existing tools took minutes. It's very easy to use day to day.,ease_of_use:positive;integrations:positive;support:negative
287,InsightForge,Analytics,2025-05-13,5,Our team switched to InsightForge last spring. We evaluated it against two competitors. Setup was quick and painless. Highly recommend.,onboarding:positive
288,HelpHive,Help Desk,2024-10-13,1,Been on HelpHive for 18 months. Key features from the demo still aren't available.,features:negative
289,TicketTide,Help Desk,2024-10-06,5,Been on TicketTide for 18 months. Our IT team handled the rollout. Navigation is simple and logical. Highly recommend.,ease_of_use:positive
290,TicketTide,Help Desk,2024-06-01,5,We've used TicketTide for about a year. We migrated from a legacy system. Live chat support is fast and friendly.,support:positive
291,LedgerLeaf,Accounting,2025-09-10,4,We've used LedgerLeaf for about a year. The invoicing takes ages to load. It crashes a lot and support never helps. Hidden fees showed up on our second invoice. Customer support answers within minutes.,pricing:negative;reliability:negative;support:negative;support:positive
292,PlanBoard,Project Management,2024-05-09,1,Been on PlanBoard for 18 months. We migrated from a legacy system. Customer support answers within minutes. It crashes a lot and support never helps.,reliability:negative;support:negative
293,DealNest,CRM,2025-02-13,5,We migrated from a legacy system. The pipeline view alone is worth it. Overall a great experience.,features:positive
294,SupportLoop,Help Desk,2025-03-24,5,Our team switched to SupportLoop last spring. We migrated from a legacy system. The live chat widget is intuitive.,ease_of_use:positive
295,LedgerLeaf,Accounting,2024-09-26,2,"Our team switched to LedgerLeaf last spring. Cheap, and the support team is lovely. We had several outages during business hours. Setup took weeks. Overall a disappointment.",onboarding:negative;pricing:positive;reliability:negative;support:positive
296,MetricMint,Analytics,2024-03-01,5,We've used MetricMint for about a year. We mainly use it for the data connectors. We've had basically no downtime. Our account manager is responsive and helpful. The data connectors alone is worth it. Love it.,features:positive;reliability:positive;support:positive
297,PlanBoard,Project Management,2024-08-20,1,We've used PlanBoard for about a year. I use it every day. There's no native integration with our accounting tool.,integrations:negative
298,LedgerLeaf,Accounting,2024-11-18,3,"We've used LedgerLeaf for about a year. Setup took weeks. Great features, terrible price.",features:positive;onboarding:negative
299,ChartCove,Analytics,2025-09-29,4,Most of our team works remotely. Setup took weeks. Too basic for a growing team. Setup was fast and the interface is intuitive. Rate limits on the API are far too strict.,ease_of_use:positive;features:negative;integrations:negative;onboarding:negative;onboarding:positive
300,PlanBoard,Project Management,2025-05-09,1,Been on PlanBoard for 18 months. There is no phone support at all. The mobile app crashes constantly.,reliability:negative;support:negative
301,InsightForge,Analytics,2024-04-05,3,The mobile app crashes constantly. Pricing is fair for what you get. Setup was fast and the interface is intuitive. The API is poorly documented.,ease_of_use:positive;integrations:negative;onboarding:positive;pricing:positive;reliability:negative
302,ClientOrbit,CRM,2024-04-03,1,There is no way to customize the pipeline view. We needed a paid consultant just to get started.,features:negative;onboarding:negative
303,InsightForge,Analytics,2024-05-10,5,Pricing is fair for what you get. Highly recommend.,pricing:positive
304,MailMosaic,Email Marketing,2024-12-29,2,We've used MailMosaic for about a year. I use it every day. Setup was quick and painless. Our account manager disappeared after we signed. There's no native integration with our accounting tool. Look elsewhere.,integrations:negative;onboarding:positive;support:negative
305,ChartCove,Analytics,2024-10-27,3,"We've used ChartCove for about a year. We mainly use it for the funnel analysis. There is no phone support at all. Not cheap, but worth every cent. The interface is clean and easy to learn.",ease_of_use:positive;pricing:positive;support:negative
306,CountWise,Accounting,2024-03-05,1,Been on CountWise for 18 months. The mobile app crashes constantly.,reliability:negative
307,PlanBoard,Project Management,2024-01-19,4,Been on PlanBoard for 18 months. Even our non-technical staff picked it up quickly. Support went above and beyond to fix our issue. The time tracking is missing basic options.,ease_of_use:positive;features:negative;support:positive
308,ClientOrbit,CRM,2024-12-02,4,We've used ClientOrbit for about a year. It handles our large datasets without slowing down. There is no phone support at all. Look elsewhere.,performance:positive;support:negative
309,DealNest,CRM,2024-01-08,5,"The onboarding call was really useful. Fast, stable and never down. Not cheap, but worth every cent. Support went above and beyond to fix our issue. Highly recommend.",onboarding:positive;performance:positive;pricing:positive;reliability:positive;support:positive
310,PlanBoard,Project Management,2024-02-05,4,Our team switched to PlanBoard last spring. We mainly use it for the Gantt chart. The mobile app crashes constantly. Our account manager is responsive and helpful.,reliability:negative;support:positive
311,InboxRocket,Email Marketing,2024-07-30,5,We've used InboxRocket for about a year. We evaluated it against two competitors. We've had basically no downtime. Support went above and beyond to fix our issue. Look elsewhere.,reliability:positive;support:positive
312,PlanBoard,Project Management,2024-09-08,4,Our team switched to PlanBoard last spring. Half of our team still can't find basic settings. The per-seat price is very reasonable. Our account manager is responsive and helpful.,ease_of_use:negative;pricing:positive;support:positive
313,TaskHarbor,Project Management,2024-04-19,1,Our team switched to TaskHarbor last spring. They raised the price by 40% with almost no notice. It gets painfully slow with a few thousand records. The roadmap has been stuck for a year. Overall a disappointment.,features:negative;performance:negative;pricing:negative
314,HelpHive,Help Desk,2025-08-28,1,We've used HelpHive for about a year. Navigation is a maze.,ease_of_use:negative
315,InsightForge,Analytics,2025-08-12,2,Even our non-technical staff picked it up quickly. The API is great but the pricing tiers are confusing and steep. Setup was quick and painless. Highly recommend.,ease_of_use:positive;integrations:positive;onboarding:positive;pricing:negative
316,SupportLoop,Help Desk,2025-04-10,3,"We've used SupportLoop for about a year. Easy to use, but it gets slow with big projects. Our IT team handled the rollout. There is no phone support at all. Hidden fees showed up on our second invoice. Overall a disappointment.",ease_of_use:positive;performance:negative;pricing:negative;support:negative
317,InsightForge,Analytics,2024-06-18,5,Connecting our existing tools took minutes. We've had basically no downtime. Search results come back in a blink.,integrations:positive;performance:positive;reliability:positive
318,BookBridge,Accounting,2025-06-12,5,We are a team of 254 people. Support went above and beyond to fix our issue. Love it.,support:positive
319,SendGarden,Email Marketing,2025-09-24,1,Been on SendGarden for 18 months. Importing our old data was a nightmare.,onboarding:negative
320,HelpHive,Help Desk,2025-08-28,5,We've used HelpHive for about a year. The onboarding call was really useful. The per-seat price is very reasonable. Love it.,onboarding:positive;pricing:positive
321,SendGarden,Email Marketing,2024-07-14,4,Been on SendGarden for 18 months. Search results come back in a blink. It costs twice as much as the competitors. Reports are flexible and easy to customize. Would recommend to any growing team.,features:positive;performance:positive;pricing:negative
322,BookBridge,Accounting,2024-04-09,1,We migrated from a legacy system. Reports time out when the data gets large. Importing our old data was a nightmare.,onboarding:negative;performance:negative
323,ClientOrbit,CRM,2025-08-02,1,Been on ClientOrbit for 18 months. There's no native integration with our accounting tool.,integrations:negative
324,HelpHive,Help Desk,2025-03-25,1,Our team switched to HelpHive last spring. We evaluated it against two competitors. The interface is cluttered and confusing.,ease_of_use:negative
325,SupportLoop,Help Desk,2024-08-28,5,We've used SupportLoop for about a year. Search results come back in a blink. Live chat support is fast and friendly. Not a single outage in two years. Highly recommend.,performance:positive;reliability:positive;support:positive
326,BookBridge,Accounting,2024-04-18,3,The setup documentation is outdated. New features ship regularly. Zapier support covers everything else we need.,features:positive;integrations:positive;onboarding:negative
327,ChartCove,Analytics,2025-06-24,4,We've used ChartCove for about a year. We mainly use it for the custom reports. Everything is where you expect it to be. The dashboards is buggy and loses data occasionally.,ease_of_use:positive;reliability:negative
328,MailMosaic,Email Marketing,2024-11-07,1,We've used MailMosaic for about a year. The interface is cluttered and confusing. There is no way to customize the email editor.,ease_of_use:negative;features:negative
329,SendGarden,Email Marketing,2025-01-24,3,Our team switched to SendGarden last spring. Pages load instantly. The support team actually solves problems. Setup was fast and the interface is intuitive. The interface is cluttered and confusing.,ease_of_use:negative;ease_of_use:positive;onboarding:positive;performance:positive;support:positive
330,ClientOrbit,CRM,2024-11-05,1,Our team switched to ClientOrbit last spring. The pipeline view takes ages to load. Syncing fails silently. Would not recommend.,performance:negative;reliability:negative
331,BookBridge,Accounting,2024-09-30,1,We've used BookBridge for about a year. Search is so slow we stopped using it.,performance:negative
332,LedgerLeaf,Accounting,2025-01-13,1,Been on LedgerLeaf for 18 months. We evaluated it against two competitors. The learning curve is steep. We needed a paid consultant just to get started. The app freezes several times a day.,ease_of_use:negative;onboarding:negative;performance:negative
333,ChartCove,Analytics,2025-07-30,5,Been on ChartCove for 18 months. Connecting our existing tools took minutes. The funnel analysis is intuitive.,ease_of_use:positive;integrations:positive
334,TicketTide,Help Desk,2024-08-10,5,Been on TicketTide for 18 months. We migrated from a legacy system. Even our non-technical staff picked it up quickly.,ease_of_use:positive
335,BookBridge,Accounting,2025-05-09,1,We migrated from a legacy system. It gets painfully slow with a few thousand records. The interface is cluttered and confusing.,ease_of_use:negative;performance:negative
336,Sprintly Pro,Project Management,2024-03-19,1,Been on Sprintly Pro for 18 months. Way too expensive for what you get.,pricing:negative
337,SupportLoop,Help Desk,2024-02-12,1,We've used SupportLoop for about a year. Key features from the demo still aren't available. The app freezes several times a day.,features:negative;performance:negative
338,TaskHarbor,Project Management,2025-07-03,5,Our team switched to TaskHarbor last spring. Most of our team works remotely. Pricing is fair for what you get. Customer support answers within minutes. Overall a great experience.,pricing:positive;support:positive
339,CountWise,Accounting,2025-07-31,2,Too basic for a growing team. It integrates smoothly with Slack and Google Workspace. The interface is clean and easy to learn.,ease_of_use:positive;features:negative;integrations:positive
340,PlanBoard,Project Management,2024-09-08,2,Our IT team handled the rollout. Expensive and support is useless. Support takes days to reply. The interface is clean and easy to learn.,ease_of_use:positive;pricing:negative;support:negative
341,ChartCove,Analytics,2025-04-02,5,Never lost any data. It has every feature we need.,features:positive;reliability:positive
342,LedgerLeaf,Accounting,2025-09-10,1,We've used LedgerLeaf for about a year. We are a team of 179 people. The API is poorly documented. Syncing fails silently. Very frustrating experience.,integrations:negative;reliability:negative
343,InboxRocket,Email Marketing,2025-03-10,1,Syncing fails silently. Support takes days to reply.,reliability:negative;support:negative
344,MailMosaic,Email Marketing,2025-06-06,5,We've used MailMosaic for about a year. New features ship regularly. Great value for money.,pricing:positive
345,ChartCove,Analytics,2025-06-30,5,Been on ChartCove for 18 months. It's cheaper than the alternatives we looked at. Not a single outage in two years.,pricing:positive;reliability:positive
346,BookBridge,Accounting,2024-11-26,1,Our team switched to BookBridge last spring. Syncing with Google Calendar is unreliable. Setup took weeks. Very frustrating experience.,integrations:negative;onboarding:negative
347,SendGarden,Email Marketing,2024-04-28,2,We've used SendGarden for about a year. It integrates smoothly with Slack and Google Workspace. Importing our old data was a nightmare. It's very easy to use day to day.,ease_of_use:positive;integrations:positive;onboarding:negative
348,MetricMint,Analytics,2024-08-20,1,Our team switched to MetricMint last spring. We mainly use it for the funnel analysis. The setup documentation is outdated. The app freezes several times a day. Half of our team still can't find basic settings. Look elsewhere.,ease_of_use:negative;onboarding:negative;performance:negative
349,SendGarden,Email Marketing,2024-10-15,1,We've used SendGarden for about a year. Importing our old data was a nightmare. Navigation is a maze. Our account manager disappeared after we signed.,ease_of_use:negative;onboarding:negative;support:negative
350,InsightForge,Analytics,2025-06-17,5,Been on InsightForge for 18 months. We were up and running in a day.,onboarding:positive
351,Pipely,CRM,2024-04-29,4,Our team switched to Pipely last spring. Pages load instantly. The mobile app crashes constantly. We were up and running in a day.,onboarding:positive;performance:positive;reliability:negative
352,InboxRocket,Email Marketing,2024-03-24,4,"Not cheap, but worth every cent. The automation workflows is buggy and loses data occasionally. Search is so slow we stopped using it.",performance:negative;pricing:positive;reliability:negative
353,DealNest,CRM,2024-02-23,1,Been on DealNest for 18 months. We are a team of 22 people. Way too expensive for what you get. Reports time out when the data gets large. Look elsewhere.,performance:negative;pricing:negative
354,PlanBoard,Project Management,2024-01-21,5,Our team switched to PlanBoard last spring. Navigation is simple and logical. Overall a great experience.,ease_of_use:positive
355,MetricMint,Analytics,2024-08-06,5,"Our team switched to MetricMint last spring. It just works, every single day. Would recommend to any growing team.",reliability:positive
356,HelpHive,Help Desk,2024-07-11,5,We've used HelpHive for about a year. The shared inbox alone is worth it.,features:positive
357,SendGarden,Email Marketing,2024-11-15,2,"We mainly use it for the email editor. There is no phone support at all. Syncing fails silently. Great features, terrible price. Search is so slow we stopped using it.",features:positive;performance:negative;pricing:negative;reliability:negative;support:negative
358,TaskHarbor,Project Management,2025-08-19,3,"Our team switched to TaskHarbor last spring. We migrated from a legacy system. Fast, stable and never down. The per-seat pricing gets painful as you grow. The app freezes several times a day.",performance:negative;performance:positive;pricing:negative;reliability:positive
359,Sprintly Pro,Project Management,2025-02-12,5,"Everything is where you expect it to be. It's fast, even with thousands of records. The Salesforce integration works out of the box. Love it.",ease_of_use:positive;integrations:positive;performance:positive
360,SupportLoop,Help Desk,2025-06-22,2,"Our team switched to SupportLoop last spring. Great features, terrible price. The roadmap has been stuck for a year. We were up and running in a day.",features:negative;features:positive;onboarding:positive;pricing:negative
361,LedgerLeaf,Accounting,2024-07-18,5,"Our team switched to LedgerLeaf last spring. We are a team of 18 people. It's very easy to use day to day. Whenever we got stuck, support had an answer the same day. We've had basically no downtime.",ease_of_use:positive;reliability:positive;support:positive
362,DealNest,CRM,2025-06-29,3,Our team switched to DealNest last spring. Our IT team handled the rollout. The automation options are powerful. Importing our old data was easy. Half of our team still can't find basic settings.,ease_of_use:negative;features:positive;onboarding:positive
363,ClientOrbit,CRM,2024-06-20,1,Been on ClientOrbit for 18 months. The contact management is not intuitive at all. It's cheaper than the alternatives we looked at.,ease_of_use:negative
364,SupportLoop,Help Desk,2024-03-31,1,Our team switched to SupportLoop last spring. Support kept sending us canned answers. Onboarding was confusing and badly organized. Not worth the money.,onboarding:negative;pricing:negative;support:negative
365,BookBridge,Accounting,2024-09-08,1,We've used BookBridge for about a year. The API is poorly documented.,integrations:negative
366,SupportLoop,Help Desk,2024-07-27,1,We've used SupportLoop for about a year. Syncing fails silently.,reliability:negative
367,DealNest,CRM,2025-03-24,5,We've used DealNest for about a year. Our IT team handled the rollout. The interface is clean and easy to learn. Highly recommend.,ease_of_use:positive
368,SupportLoop,Help Desk,2025-08-09,1,Our team switched to SupportLoop last spring. We mainly use it for the knowledge base. Support takes days to reply. There's no native integration with our accounting tool. Very frustrating experience.,integrations:negative;support:negative
369,Pipely,CRM,2025-03-23,5,Been on Pipely for 18 months. Live chat support is fast and friendly. The automation options are powerful.,support:positive
370,PlanBoard,Project Management,2025-07-10,5,We've used PlanBoard for about a year. The time tracking is snappy.,performance:positive
371,ChartCove,Analytics,2024-08-06,3,We've used ChartCove for about a year. It integrates smoothly with Slack and Google Workspace. We waited two weeks for a reply to a critical ticket. Setup took weeks.,integrations:positive;onboarding:negative;support:negative
372,MailMosaic,Email Marketing,2024-07-19,5,We've used MailMosaic for about a year. Pricing is fair for what you get.,pricing:positive
373,ChartCove,Analytics,2024-06-03,5,Our team switched to ChartCove last spring. We are a team of 260 people. Everything is where you expect it to be. We've had basically no downtime.,ease_of_use:positive;reliability:positive
374,SupportLoop,Help Desk,2024-08-12,5,Our team switched to SupportLoop last spring. The free plan is generous. Zapier support covers everything else we need. Customer support answers within minutes. Overall a great experience.,integrations:positive;pricing:positive;support:positive
375,CountWise,Accounting,2024-08-26,5,Pages load instantly.,performance:positive
376,PlanBoard,Project Management,2025-02-27,3,"We've used PlanBoard for about a year. Search is so slow we stopped using it. Way too expensive for what you get. Easy to use, but it gets slow with big projects. Onboarding was confusing and badly organized.",ease_of_use:positive;onboarding:negative;performance:negative;pricing:negative
377,Pipely,CRM,2024-06-03,5,Our team switched to Pipely last spring. We are a team of 256 people. The support team actually solves problems. Overall a great experience.,support:positive
378,MetricMint,Analytics,2024-04-27,1,Our team switched to MetricMint last spring. Reports time out when the data gets large. Expensive and support is useless.,performance:negative;pricing:negative;support:negative
379,Sprintly Pro,Project Management,2025-05-22,2,"We've used Sprintly Pro for about a year. I use it every day. Fast, stable and never down. Syncing fails silently. Setup took weeks.",onboarding:negative;performance:positive;reliability:negative;reliability:positive
380,TaskHarbor,Project Management,2024-02-16,1,We've used TaskHarbor for about a year. The per-seat pricing gets painful as you grow. There is no way to customize the workload view.,features:negative;pricing:negative
381,MetricMint,Analytics,2025-09-13,5,"We are a team of 254 people. Connecting our existing tools took minutes. Fast, stable and never down. Support went above and beyond to fix our issue.",integrations:positive;performance:positive;reliability:positive;support:positive
382,SendGarden,Email Marketing,2025-04-29,1,We've used SendGarden for about a year. We mainly use it for the email editor. The API is poorly documented.,integrations:negative
383,PlanBoard,Project Management,2025-05-01,4,Our team switched to PlanBoard last spring. Zapier support covers everything else we need. Basic features are locked behind the enterprise plan.,integrations:positive;pricing:negative
384,MetricMint,Analytics,2024-11-09,3,"Not worth the money. The custom reports is buggy and loses data occasionally. Great features, terrible price.",features:positive;pricing:negative;reliability:negative
385,HelpHive,Help Desk,2024-07-02,5,Been on HelpHive for 18 months. Most of our team works remotely. Search results come back in a blink. Customer support answers within minutes.,performance:positive;support:positive
386,InboxRocket,Email Marketing,2025-02-25,1,Our team switched to InboxRocket last spring. There's no native integration with our accounting tool.,integrations:negative
387,HelpHive,Help Desk,2024-10-11,5,Our team switched to HelpHive last spring. Setup was quick and painless. It integrates smoothly with Slack and Google Workspace. Never lost any data.,integrations:positive;onboarding:positive;reliability:positive
388,MetricMint,Analytics,2024-03-19,5,We've used MetricMint for about a year. The API is well designed. Customer support answers within minutes.,integrations:positive;support:positive
389,SendGarden,Email Marketing,2024-12-25,2,Been on SendGarden for 18 months. Importing our old data was easy. Zapier support covers everything else we need. We had several outages during business hours. Highly recommend.,onboarding:positive;reliability:negative
390,TicketTide,Help Desk,2024-03-15,1,The live chat widget is missing basic options. Way too expensive for what you get. Rate limits on the API are far too strict.,features:negative;integrations:negative;pricing:negative
391,DealNest,CRM,2025-08-31,1,Been on DealNest for 18 months. Syncing fails silently.,reliability:negative
392,PlanBoard,Project Management,2024-12-09,4,We've used PlanBoard for about a year. We mainly use it for the workload view. Never lost any data. Search results come back in a blink. Expensive and support is useless.,performance:positive;pricing:negative;reliability:positive;support:negative
393,InboxRocket,Email Marketing,2024-01-01,1,Our team switched to InboxRocket last spring. Onboarding was confusing and badly organized. The mobile app crashes constantly.,onboarding:negative;reliability:negative
394,Pipely,CRM,2024-05-13,3,Our team switched to Pipely last spring. The support team actually solves problems. The API is great but the pricing tiers are confusing and steep.,integrations:positive;pricing:negative;support:positive
395,CountWise,Accounting,2025-02-12,2,We've used CountWise for about a year. The bank reconciliation is snappy. They raised the price by 40% with almost no notice.,performance:positive;pricing:negative
396,InsightForge,Analytics,2025-02-13,1,Our team switched to InsightForge last spring. Too basic for a growing team. Would recommend to any growing team.,features:negative
397,TicketTide,Help Desk,2024-12-06,2,"Been on TicketTide for 18 months. Easy to use, but it gets slow with big projects. Rate limits on the API are far too strict. Very frustrating experience.",ease_of_use:positive;integrations:negative;performance:negative
398,TicketTide,Help Desk,2024-10-05,5,Our account manager is responsive and helpful. The ticket routing is snappy. The shared inbox is the best we've seen.,features:positive;performance:positive;support:positive
399,DealNest,CRM,2025-05-25,2,"Our team switched to DealNest last spring. Most of our team works remotely. The contact management is not intuitive at all. There's no native integration with our accounting tool. It's fast, even with thousands of records. Look elsewhere.",ease_of_use:negative;integrations:negative;performance:positive
400,TaskHarbor,Project Management,2025-04-27,4,"We've used TaskHarbor for about a year. We evaluated it against two competitors. Reports time out when the data gets large. Not cheap, but worth every cent. Never lost any data. Cheap, and the support team is lovely.",performance:negative;pricing:positive;reliability:positive;support:positive
401,BookBridge,Accounting,2024-07-27,1,Our team switched to BookBridge last spring. The setup documentation is outdated. Basic features are locked behind the enterprise plan.,pricing:negative
402,HelpHive,Help Desk,2024-06-13,2,Been on HelpHive for 18 months. We are a team of 277 people. It costs twice as much as the competitors. It has every feature we need.,features:positive;pricing:negative
403,Pipely,CRM,2024-08-15,4,Our team switched to Pipely last spring. Key features from the demo still aren't available. We've had basically no downtime. Love it.,features:negative;reliability:positive
404,CountWise,Accounting,2025-07-26,5,Been on CountWise for 18 months. Our account manager is responsive and helpful.,support:positive
405,MetricMint,Analytics,2024-01-09,5,We've used MetricMint for about a year. Our account manager is responsive and helpful. It handles our large datasets without slowing down. Zapier support covers everything else we need.,integrations:positive;performance:positive;support:positive
406,MailMosaic,Email Marketing,2024-11-01,5,Our team switched to MailMosaic last spring. The email editor alone is worth it.,features:positive
407,ChartCove,Analytics,2024-05-23,5,We've had basically no downtime. Customer support answers within minutes.,reliability:positive;support:positive
408,Sprintly Pro,Project Management,2024-01-30,5,Our team switched to Sprintly Pro last spring. The time tracking is snappy. Importing our old data was easy.,onboarding:positive;performance:positive
409,DealNest,CRM,2024-01-22,1,Been on DealNest for 18 months. Our IT team handled the rollout. Our account manager disappeared after we signed. The setup documentation is outdated. The mobile app crashes constantly. Expensive and support is useless. Overall a disappointment.,onboarding:negative;pricing:negative;reliability:negative;support:negative
410,TicketTide,Help Desk,2025-01-22,2,"We've used TicketTide for about a year. It integrates smoothly with Slack and Google Workspace. Fast, stable and never down. Importing our old data was a nightmare.",integrations:positive;onboarding:negative;performance:positive;reliability:positive
411,LedgerLeaf,Accounting,2024-09-26,5,Been on LedgerLeaf for 18 months. Most of our team works remotely. It's cheaper than the alternatives we looked at. Overall a great experience.,pricing:positive
412,Pipely,CRM,2024-03-15,1,Our team switched to Pipely last spring. We are a team of 209 people. Key features from the demo still aren't available.,features:negative
413,MailMosaic,Email Marketing,2025-05-18,3,We've used MailMosaic for about a year. We evaluated it against two competitors. The API is great but the pricing tiers are confusing and steep. Pages load instantly. Love it.,integrations:positive;performance:positive;pricing:negative
414,TaskHarbor,Project Management,2025-06-11,1,Been on TaskHarbor for 18 months. The app freezes several times a day. Setup took weeks. Navigation is a maze.,ease_of_use:negative;onboarding:negative;performance:negative
415,TaskHarbor,Project Management,2025-08-05,1,The learning curve is steep.,ease_of_use:negative
416,CountWise,Accounting,2025-08-20,5,We've used CountWise for about a year. We are a team of 263 people. The onboarding call was really useful. Never lost any data. Love it.,onboarding:positive;reliability:positive
417,InboxRocket,Email Marketing,2024-01-28,1,Our team switched to InboxRocket last spring. Most of our team works remotely. They raised the price by 40% with almost no notice. There's no native integration with our accounting tool. Very frustrating experience.,pricing:negative
418,PlanBoard,Project Management,2025-04-17,4,Most of our team works remotely. It gets painfully slow with a few thousand records. Half of our team still can't find basic settings. Reports are flexible and easy to customize.,ease_of_use:negative;features:positive;performance:negative
419,InboxRocket,Email Marketing,2024-08-04,1,We've used InboxRocket for about a year. Rate limits on the API are far too strict.,integrations:negative
420,PlanBoard,Project Management,2024-09-20,3,"Most of our team works remotely. Fast, stable and never down. Search is so slow we stopped using it. The onboarding call was really useful. Highly recommend.",onboarding:positive;performance:negative;performance:positive;reliability:positive
421,SupportLoop,Help Desk,2024-09-04,3,"Our team switched to SupportLoop last spring. Easy to use, but it gets slow with big projects. Our IT team handled the rollout. Not a single outage in two years. The app freezes several times a day.",ease_of_use:positive;performance:negative;reliability:positive
422,SendGarden,Email Marketing,2024-06-02,1,Been on SendGarden for 18 months. Customer support rarely fixes anything.,support:negative
423,InboxRocket,Email Marketing,2025-04-02,1,We've used InboxRocket for about a year. Expensive and support is useless. The app freezes several times a day.,performance:negative;pricing:negative;support:negative
424,DealNest,CRM,2024-08-17,4,Been on DealNest for 18 months. Navigation is simple and logical. Customer support rarely fixes anything.,ease_of_use:positive;support:negative
425,BookBridge,Accounting,2025-08-26,2,We've used BookBridge for about a year. Most of our team works remotely. Not a single outage in two years. It gets painfully slow with a few thousand records. The API is great but the pricing tiers are confusing and steep.,integrations:positive;performance:negative;pricing:negative;reliability:positive
426,TicketTide,Help Desk,2025-07-20,3,Our team switched to TicketTide last spring. The free plan is generous. Never lost any data. Customer support rarely fixes anything. Highly recommend.,pricing:positive;reliability:positive;support:negative
427,BookBridge,Accounting,2024-02-03,3,"We migrated from a legacy system. Not cheap, but worth every cent. Importing our old data was a nightmare. Highly recommend.",onboarding:negative;pricing:positive
428,SendGarden,Email Marketing,2024-05-17,5,Our team switched to SendGarden last spring. We migrated from a legacy system. Everything is where you expect it to be. It integrates smoothly with Slack and Google Workspace. We saved money by replacing two tools with it. Highly recommend.,ease_of_use:positive;integrations:positive;pricing:positive
429,ClientOrbit,CRM,2025-09-07,3,Been on ClientOrbit for 18 months. We evaluated it against two competitors. Great value for money. Syncing fails silently. The deal tracking alone is worth it.,features:positive;pricing:positive;reliability:negative
430,SendGarden,Email Marketing,2025-04-30,5,"Our team switched to SendGarden last spring. I use it every day. It just works, every single day. The segmentation is intuitive. Love it.",ease_of_use:positive;reliability:positive
431,InsightForge,Analytics,2025-09-14,1,We've used InsightForge for about a year. Search is so slow we stopped using it. Very frustrating experience.,performance:negative
432,MetricMint,Analytics,2024-01-17,5,Been on MetricMint for 18 months. I use it every day. Zapier support covers everything else we need. Even our non-technical staff picked it up quickly. Overall a great experience.,ease_of_use:positive;integrations:positive
433,BookBridge,Accounting,2025-02-26,1,Our team switched to BookBridge last spring. We migrated from a legacy system. The invoicing is not intuitive at all. Very frustrating experience.,ease_of_use:negative
434,LedgerLeaf,Accounting,2024-08-08,5,Been on LedgerLeaf for 18 months. It handles our large datasets without slowing down. Love it.,performance:positive
435,TaskHarbor,Project Management,2025-04-28,3,We've used TaskHarbor for about a year. The Gantt chart takes ages to load. It has every feature we need. Would recommend to any growing team.,features:positive;performance:negative
436,InboxRocket,Email Marketing,2024-06-12,1,We migrated from a legacy system. Search is so slow we stopped using it. The mobile app crashes constantly. Support kept sending us canned answers.,performance:negative;reliability:negative;support:negative
437,TicketTide,Help Desk,2025-04-03,1,Our team switched to TicketTide last spring. The per-seat pricing gets painful as you grow. The knowledge base is buggy and loses data occasionally.,pricing:negative;reliability:negative
438,PlanBoard,Project Management,2025-09-29,2,We've used PlanBoard for about a year. Even our non-technical staff picked it up quickly. Rate limits on the API are far too strict. The kanban boards is buggy and loses data occasionally. Very frustrating experience.,ease_of_use:positive;integrations:negative;reliability:negative
439,Sprintly Pro,Project Management,2024-11-21,3,"Been on Sprintly Pro for 18 months. We migrated from a legacy system. Basic features are locked behind the enterprise plan. Navigation is a maze. Cheap, and the support team is lovely. Not a single outage in two years. Very frustrating experience.",ease_of_use:negative;pricing:negative;pricing:positive;reliability:positive;support:positive
440,Sprintly Pro,Project Management,2025-04-09,3,Been on Sprintly Pro for 18 months. We are a team of 12 people. Expensive and support is useless. The free plan is generous. Support went above and beyond to fix our issue. Overall a great experience.,pricing:negative;pricing:positive;support:negative;support:positive
441,PlanBoard,Project Management,2024-05-12,4,"Been on PlanBoard for 18 months. The per-seat pricing gets painful as you grow. The setup documentation is outdated. Whenever we got stuck, support had an answer the same day.",onboarding:negative;pricing:negative;support:positive
442,DealNest,CRM,2025-06-01,1,Been on DealNest for 18 months. Our IT team handled the rollout. There is no phone support at all.,support:negative
443,BookBridge,Accounting,2024-07-30,5,"Our team switched to BookBridge last spring. The bank reconciliation is intuitive. Whenever we got stuck, support had an answer the same day. Great value for money.",ease_of_use:positive;pricing:positive;support:positive
444,TaskHarbor,Project Management,2025-05-23,1,Our team switched to TaskHarbor last spring. We mainly use it for the Gantt chart. The mobile app crashes constantly.,reliability:negative
445,MailMosaic,Email Marketing,2025-09-05,3,Support takes days to reply. Navigation is simple and logical. The automation options are powerful.,ease_of_use:positive;features:positive;support:negative
446,HelpHive,Help Desk,2024-03-03,1,Our team switched to HelpHive last spring. Half of our team still can't find basic settings. The API is poorly documented.,ease_of_use:negative;integrations:negative
447,ChartCove,Analytics,2025-01-03,1,Been on ChartCove for 18 months. The setup documentation is outdated. The Slack integration breaks every few weeks. Every update seems to break something.,integrations:negative;onboarding:negative;reliability:negative
448,TicketTide,Help Desk,2025-04-06,1,Our team switched to TicketTide last spring. Most of our team works remotely. They raised the price by 40% with almost no notice. Look elsewhere.,pricing:negative
449,CountWise,Accounting,2024-07-31,5,It's very easy to use day to day.,ease_of_use:positive
450,ClientOrbit,CRM,2024-05-02,5,Our team switched to ClientOrbit last spring. Our IT team handled the rollout. It's very easy to use day to day. Would recommend to any growing team.,ease_of_use:positive
451,DealNest,CRM,2025-04-01,5,"Our team switched to DealNest last spring. It's very easy to use day to day. It's fast, even with thousands of records. It just works, every single day. Overall a great experience.",ease_of_use:positive;performance:positive;reliability:positive
452,CountWise,Accounting,2024-05-14,1,Been on CountWise for 18 months. Setup took weeks.,onboarding:negative
453,PlanBoard,Project Management,2024-10-07,4,Our team switched to PlanBoard last spring. It integrates smoothly with Slack and Google Workspace. The time tracking is not intuitive at all.,ease_of_use:negative;integrations:positive
454,MetricMint,Analytics,2024-01-05,5,"Been on MetricMint for 18 months. The onboarding call was really useful. Fast, stable and never down. The per-seat price is very reasonable.",onboarding:positive;performance:positive;pricing:positive;reliability:positive
455,TaskHarbor,Project Management,2025-08-25,3,We've used TaskHarbor for about a year. Our IT team handled the rollout. We've had basically no downtime. Reports time out when the data gets large. They raised the price by 40% with almost no notice.,performance:negative;pricing:negative;reliability:positive
456,CountWise,Accounting,2024-10-27,2,We waited two weeks for a reply to a critical ticket. The interface is clean and easy to learn. Not worth the money.,ease_of_use:positive;pricing:negative;support:negative
457,ChartCove,Analytics,2024-08-01,1,Been on ChartCove for 18 months. I use it every day. The API is poorly documented.,integrations:negative
458,Sprintly Pro,Project Management,2024-07-30,2,Our team switched to Sprintly Pro last spring. Our IT team handled the rollout. We waited two weeks for a reply to a critical ticket. The Gantt chart is snappy. The workload view alone is worth it.,features:positive;performance:positive;support:negative
459,InboxRocket,Email Marketing,2025-08-21,1,Our team switched to InboxRocket last spring. Search is so slow we stopped using it. Very frustrating experience.,performance:negative
460,DealNest,CRM,2025-06-14,1,Been on DealNest for 18 months. Every update seems to break something.,reliability:negative
461,TicketTide,Help Desk,2024-09-04,3,"Whenever we got stuck, support had an answer the same day. It gets painfully slow with a few thousand records. Way too expensive for what you get.",performance:negative;pricing:negative;support:positive
462,LedgerLeaf,Accounting,2024-08-18,1,Been on LedgerLeaf for 18 months. Setup took weeks. It crashes a lot and support never helps. Would not recommend.,onboarding:negative;reliability:negative;support:negative
463,ClientOrbit,CRM,2024-09-07,2,"We've used ClientOrbit for about a year. Way too expensive for what you get. Whenever we got stuck, support had an answer the same day. The Slack integration breaks every few weeks.",integrations:negative;pricing:negative;support:positive
464,Sprintly Pro,Project Management,2024-02-28,1,Our team switched to Sprintly Pro last spring. Hidden fees showed up on our second invoice. We waited two weeks for a reply to a critical ticket.,pricing:negative;support:negative
465,TaskHarbor,Project Management,2024-05-02,1,Our team switched to TaskHarbor last spring. We evaluated it against two competitors. The workload view is not intuitive at all. Key features from the demo still aren't available. Very frustrating experience.,ease_of_use:negative;features:negative
466,SupportLoop,Help Desk,2025-02-02,3,We are a team of 58 people. Importing our old data was easy. The live chat widget is the best we've seen. There is no phone support at all.,features:positive;onboarding:positive;support:negative
467,PlanBoard,Project Management,2025-04-19,5,Been on PlanBoard for 18 months. Our account manager is responsive and helpful.,support:positive
468,Pipely,CRM,2025-03-06,4,Been on Pipely for 18 months. Most of our team works remotely. Support takes days to reply. Connecting our existing tools took minutes.,integrations:positive;support:negative
469,HelpHive,Help Desk,2024-01-04,3,Our team switched to HelpHive last spring. Setup was quick and painless. Reports are flexible and easy to customize. We saved money by replacing two tools with it. Expensive and support is useless.,features:positive;onboarding:positive;pricing:negative;pricing:positive;support:negative
470,HelpHive,Help Desk,2025-02-04,4,We've used HelpHive for about a year. We've had basically no downtime. Setup was fast and the interface is intuitive. Customer support rarely fixes anything.,ease_of_use:positive;onboarding:positive;reliability:positive;support:negative
471,SendGarden,Email Marketing,2024-05-30,4,Been on SendGarden for 18 months. Our IT team handled the rollout. The Salesforce integration works out of the box. Setup was fast and the interface is intuitive. It takes far too many clicks to do simple things. Support went above and beyond to fix our issue.,ease_of_use:negative;ease_of_use:positive;integrations:positive;onboarding:positive;support:positive
472,SupportLoop,Help Desk,2025-03-06,2,Been on SupportLoop for 18 months. Search is so slow we stopped using it. Setup was quick and painless. Every update seems to break something.,onboarding:positive;performance:negative;reliability:negative
473,TicketTide,Help Desk,2024-04-28,3,Been on TicketTide for 18 months. I use it every day. The Slack integration breaks every few weeks. It has every feature we need. Very frustrating experience.,features:positive;integrations:negative
474,MetricMint,Analytics,2025-04-11,4,We've used MetricMint for about a year. We evaluated it against two competitors. The Salesforce integration works out of the box. Not a single outage in two years. The per-seat pricing gets painful as you grow.,integrations:positive;pricing:negative;reliability:positive
475,InsightForge,Analytics,2025-07-30,1,Our team switched to InsightForge last spring. We migrated from a legacy system. Setup took weeks. Basic features are locked behind the enterprise plan. Look elsewhere.,onboarding:negative;pricing:negative
476,BookBridge,Accounting,2024-06-15,2,Most of our team works remotely. Everything is where you expect it to be. Connecting our existing tools took minutes. It gets painfully slow with a few thousand records.,ease_of_use:positive;integrations:positive;performance:negative
477,PlanBoard,Project Management,2024-02-28,1,Been on PlanBoard for 18 months. Our account manager disappeared after we signed. Overall a great experience.,support:negative
478,LedgerLeaf,Accounting,2024-08-22,2,"We've used LedgerLeaf for about a year. Whenever we got stuck, support had an answer the same day. The automation options are powerful. Expensive and support is useless. Would recommend to any growing team.",features:positive;pricing:negative;support:negative;support:positive
479,DealNest,CRM,2025-06-12,5,We've used DealNest for about a year. We mainly use it for the email sync. We've had basically no downtime. Overall a disappointment.,reliability:positive
480,CountWise,Accounting,2025-02-18,5,"Our team switched to CountWise last spring. Connecting our existing tools took minutes. It just works, every single day. Support went above and beyond to fix our issue. Love it.",integrations:positive;reliability:positive;support:positive
481,SupportLoop,Help Desk,2024-02-29,1,It costs twice as much as the competitors.,pricing:negative
482,LedgerLeaf,Accounting,2025-01-23,1,We've used LedgerLeaf for about a year. The mobile app crashes constantly.,reliability:negative
483,ClientOrbit,CRM,2025-06-23,5,"Been on ClientOrbit for 18 months. We mainly use it for the email sync. It integrates smoothly with Slack and Google Workspace. Fast, stable and never down.",integrations:positive;performance:positive;reliability:positive
484,InsightForge,Analytics,2025-01-06,1,Too basic for a growing team. It crashes a lot and support never helps. Would not recommend.,features:negative;reliability:negative;support:negative
485,InsightForge,Analytics,2024-05-30,4,Been on InsightForge for 18 months. Most of our team works remotely. It has every feature we need. Expensive and support is useless.,features:positive;pricing:negative;support:negative
486,LedgerLeaf,Accounting,2025-09-18,1,We migrated from a legacy system. Search is so slow we stopped using it.,performance:negative
487,SupportLoop,Help Desk,2025-05-14,5,Our team switched to SupportLoop last spring. The interface is clean and easy to learn. Support went above and beyond to fix our issue. Love it.,ease_of_use:positive;support:positive
488,PlanBoard,Project Management,2024-10-28,2,Been on PlanBoard for 18 months. They raised the price by 40% with almost no notice. We were up and running in a day.,onboarding:positive;pricing:negative
489,ChartCove,Analytics,2024-04-04,4,Our team switched to ChartCove last spring. The dashboards is not intuitive at all. The automation options are powerful. The support team actually solves problems. Overall a great experience.,ease_of_use:negative;features:positive;support:positive
490,MetricMint,Analytics,2024-08-11,5,We've used MetricMint for about a year. We migrated from a legacy system. We were up and running in a day. The per-seat price is very reasonable.,onboarding:positive;pricing:positive
491,MetricMint,Analytics,2025-08-24,2,We've used MetricMint for about a year. The app freezes several times a day. The API is great but the pricing tiers are confusing and steep. It takes far too many clicks to do simple things.,ease_of_use:negative;integrations:positive;performance:negative;pricing:negative
492,PlanBoard,Project Management,2025-08-15,3,Reports time out when the data gets large. The workload view alone is worth it. We were up and running in a day.,features:positive;onboarding:positive;performance:negative
493,LedgerLeaf,Accounting,2024-05-03,5,Been on LedgerLeaf for 18 months. Customer support rarely fixes anything. The automation options are powerful.,features:positive
494,MetricMint,Analytics,2024-11-25,2,We've used MetricMint for about a year. I use it every day. The dashboards alone is worth it. The custom reports takes ages to load. Our account manager disappeared after we signed.,features:positive;performance:negative;support:negative
495,InboxRocket,Email Marketing,2025-08-22,1,Our team switched to InboxRocket last spring. I use it every day. The automation workflows is buggy and loses data occasionally. Look elsewhere.,reliability:negative
496,InsightForge,Analytics,2025-02-10,5,We've used InsightForge for about a year. Our IT team handled the rollout. The dashboards is snappy.,performance:positive
497,Pipely,CRM,2025-08-15,4,"We've used Pipely for about a year. Not cheap, but worth every cent. Our account manager disappeared after we signed.",pricing:positive;support:negative
498,PlanBoard,Project Management,2024-11-09,5,Our team switched to PlanBoard last spring. Great value for money. The Salesforce integration works out of the box.,integrations:positive;pricing:positive
499,InsightForge,Analytics,2025-04-10,3,Our team switched to InsightForge last spring. Our IT team handled the rollout. Everything is where you expect it to be. Support takes days to reply. Setup was quick and painless.,ease_of_use:positive;onboarding:positive;support:negative
500,Sprintly Pro,Project Management,2025-01-09,4,The time tracking is not intuitive at all. Customer support answers within minutes. The Gantt chart is snappy.,ease_of_use:negative;performance:positive;support:positive
501,HelpHive,Help Desk,2025-05-17,1,Our team switched to HelpHive last spring. The API is poorly documented. Overall a disappointment.,integrations:negative
502,InboxRocket,Email Marketing,2024-12-12,5,"We've used InboxRocket for about a year. Most of our team works remotely. Everything is where you expect it to be. It just works, every single day. The API is well designed.",ease_of_use:positive;integrations:positive;reliability:positive
503,MailMosaic,Email Marketing,2024-04-10,1,Been on MailMosaic for 18 months. We migrated from a legacy system. Support takes days to reply. Way too expensive for what you get. Onboarding was confusing and badly organized. Very frustrating experience.,onboarding:negative;pricing:negative;support:negative
504,TaskHarbor,Project Management,2025-08-02,5,Our team switched to TaskHarbor last spring. We are a team of 115 people. We were up and running in a day. New features ship regularly. It handles our large datasets without slowing down. Love it.,features:positive;onboarding:positive;performance:positive
505,DealNest,CRM,2025-05-22,4,We've used DealNest for about a year. The API is great but the pricing tiers are confusing and steep. The setup documentation is outdated. The pipeline view is missing basic options. Would not recommend.,features:negative;integrations:positive;onboarding:negative;pricing:negative
506,TicketTide,Help Desk,2024-11-02,1,Been on TicketTide for 18 months. We evaluated it against two competitors. There's no native integration with our accounting tool.,integrations:negative
507,MetricMint,Analytics,2024-02-19,3,We migrated from a legacy system. The learning curve is steep. We saved money by replacing two tools with it.,ease_of_use:negative;pricing:positive
508,ClientOrbit,CRM,2024-09-18,4,We've used ClientOrbit for about a year. Importing our old data was a nightmare. Reports time out when the data gets large. We've had basically no downtime.,onboarding:negative;performance:negative;reliability:positive
509,TaskHarbor,Project Management,2024-12-04,5,We migrated from a legacy system. Zapier support covers everything else we need. Search results come back in a blink.,integrations:positive
510,MetricMint,Analytics,2024-06-08,5,Our team switched to MetricMint last spring. It's very easy to use day to day. The onboarding guides were clear. The funnel analysis is snappy. Would recommend to any growing team.,ease_of_use:positive;performance:positive
511,SupportLoop,Help Desk,2024-12-02,3,It gets painfully slow with a few thousand records. Navigation is simple and logical. The onboarding guides were clear.,ease_of_use:positive;onboarding:positive;performance:negative
512,ChartCove,Analytics,2025-01-28,5,Been on ChartCove for 18 months. Most of our team works remotely. It's cheaper than the alternatives we looked at. Importing our old data was easy. Would recommend to any growing team.,onboarding:positive;pricing:positive
513,Sprintly Pro,Project Management,2024-07-11,2,We've used Sprintly Pro for about a year. We evaluated it against two competitors. Every update seems to break something. Setup was fast and the interface is intuitive. Hidden fees showed up on our second invoice. It takes far too many clicks to do simple things.,ease_of_use:negative;ease_of_use:positive;onboarding:positive;pricing:negative;reliability:negative
514,PlanBoard,Project Management,2025-03-02,1,We've used PlanBoard for about a year. Every update seems to break something. It costs twice as much as the competitors. Rate limits on the API are far too strict. Would not recommend.,integrations:negative;pricing:negative;reliability:negative
515,Pipely,CRM,2024-09-07,3,We've used Pipely for about a year. Our IT team handled the rollout. The per-seat price is very reasonable. The automation options are powerful. There is no phone support at all.,features:positive;pricing:positive;support:negative
516,MailMosaic,Email Marketing,2025-07-08,1,Been on MailMosaic for 18 months. We had several outages during business hours. The setup documentation is outdated. Too basic for a growing team.,features:negative;onboarding:negative;reliability:negative
517,CountWise,Accounting,2024-05-04,4,We've used CountWise for about a year. The app freezes several times a day. Reports are flexible and easy to customize. Rate limits on the API are far too strict. Overall a disappointment.,features:positive;integrations:negative;performance:negative
518,TaskHarbor,Project Management,2025-08-17,5,We've used TaskHarbor for about a year. Our IT team handled the rollout. The kanban boards is the best we've seen.,features:positive
519,InboxRocket,Email Marketing,2025-01-25,1,Our team switched to InboxRocket last spring. We are a team of 109 people. There is no way to customize the A/B testing. Reports time out when the data gets large. Customer support rarely fixes anything. Overall a disappointment.,features:negative;performance:negative;support:negative
520,PlanBoard,Project Management,2025-05-10,1,Our team switched to PlanBoard last spring. Our IT team handled the rollout. The kanban boards is not intuitive at all. Rate limits on the API are far too strict. Look elsewhere.,ease_of_use:negative;integrations:negative
521,InboxRocket,Email Marketing,2025-03-15,5,We've used InboxRocket for about a year. The support team actually solves problems.,support:positive
522,TaskHarbor,Project Management,2024-01-11,1,Our team switched to TaskHarbor last spring. Expensive and support is useless. Basic features are locked behind the enterprise plan. We needed a paid consultant just to get started. The roadmap has been stuck for a year. Would not recommend.,features:negative;onboarding:negative;pricing:negative;support:negative
523,BookBridge,Accounting,2024-03-21,3,Been on BookBridge for 18 months. Our IT team handled the rollout. It's cheaper than the alternatives we looked at. Importing our old data was a nightmare.,onboarding:negative;pricing:positive
524,ChartCove,Analytics,2025-09-11,4,We migrated from a legacy system. Data syncs reliably. We needed a paid consultant just to get started. Search results come back in a blink. Overall a great experience.,onboarding:negative;performance:positive;reliability:positive
525,SupportLoop,Help Desk,2025-10-01,2,Been on SupportLoop for 18 months. We are a team of 227 people. The Slack integration breaks every few weeks. Importing our old data was a nightmare. Reports are flexible and easy to customize.,features:positive;integrations:negative;onboarding:negative
526,InboxRocket,Email Marketing,2024-07-28,5,Our team switched to InboxRocket last spring. Customer support answers within minutes.,support:positive
527,Sprintly Pro,Project Management,2025-05-11,1,We are a team of 211 people. Rate limits on the API are far too strict. The app freezes several times a day. Customer support rarely fixes anything.,integrations:negative;performance:negative;support:negative
528,HelpHive,Help Desk,2025-06-09,1,We've used HelpHive for about a year. Syncing with Google Calendar is unreliable. Would not recommend.,integrations:negative
529,DealNest,CRM,2025-02-25,5,Been on DealNest for 18 months. We evaluated it against two competitors. We were up and running in a day.,onboarding:positive
530,PlanBoard,Project Management,2025-06-15,5,We've used PlanBoard for about a year. Reports are flexible and easy to customize. Never lost any data. The workload view is intuitive.,ease_of_use:positive;features:positive;reliability:positive
531,Sprintly Pro,Project Management,2024-03-12,5,Our team switched to Sprintly Pro last spring. The onboarding guides were clear. Connecting our existing tools took minutes.,integrations:positive;onboarding:positive
532,TaskHarbor,Project Management,2024-09-10,1,Been on TaskHarbor for 18 months. The Slack integration breaks every few weeks. Basic features are locked behind the enterprise plan. Importing our old data was a nightmare.,integrations:negative;onboarding:negative;pricing:negative
533,BookBridge,Accounting,2024-01-17,4,Our team switched to BookBridge last spring. Importing our old data was easy. Our account manager disappeared after we signed. Connecting our existing tools took minutes.,integrations:positive;onboarding:positive;support:negative
534,HelpHive,Help Desk,2024-02-23,5,We've used HelpHive for about a year. We migrated from a legacy system. We've had basically no downtime. Would recommend to any growing team.,reliability:positive
535,ClientOrbit,CRM,2024-07-04,5,Our team switched to ClientOrbit last spring. We mainly use it for the pipeline view. Customer support answers within minutes.,support:positive
536,MailMosaic,Email Marketing,2024-08-29,1,Been on MailMosaic for 18 months. We are a team of 108 people. Onboarding was confusing and badly organized. Would not recommend.,onboarding:negative
537,TaskHarbor,Project Management,2025-06-28,1,Our team switched to TaskHarbor last spring. There is no phone support at all.,support:negative
538,PlanBoard,Project Management,2025-08-20,3,Our team switched to PlanBoard last spring. It takes far too many clicks to do simple things. Support went above and beyond to fix our issue. There's no native integration with our accounting tool.,ease_of_use:negative;integrations:negative;support:positive
539,ChartCove,Analytics,2024-01-17,2,We've used ChartCove for about a year. We are a team of 116 people. The custom reports is intuitive. Basic features are locked behind the enterprise plan.,ease_of_use:positive;pricing:negative
540,PlanBoard,Project Management,2024-11-04,5,We've used PlanBoard for about a year. Navigation is simple and logical.,ease_of_use:positive
541,SendGarden,Email Marketing,2024-10-18,5,Our team switched to SendGarden last spring. Great value for money.,pricing:positive
542,SendGarden,Email Marketing,2024-01-02,5,The support team actually solves problems. The interface is clean and easy to learn. Zapier support covers everything else we need.,ease_of_use:positive;integrations:positive;support:positive
543,InboxRocket,Email Marketing,2024-12-20,2,We've used InboxRocket for about a year. Not worth the money. Key features from the demo still aren't available. Connecting our existing tools took minutes.,features:negative;integrations:positive;pricing:negative
544,ClientOrbit,CRM,2024-11-08,2,We've used ClientOrbit for about a year. We evaluated it against two competitors. The Salesforce integration works out of the box. We waited two weeks for a reply to a critical ticket. Highly recommend.,integrations:positive;support:negative
545,SendGarden,Email Marketing,2025-08-19,4,We've used SendGarden for about a year. Way too expensive for what you get. It gets painfully slow with a few thousand records. Our account manager is responsive and helpful.,performance:negative;pricing:negative;support:positive
546,HelpHive,Help Desk,2024-12-31,4,We migrated from a legacy system. Setup was quick and painless. We had several outages during business hours.,onboarding:positive;reliability:negative
547,TaskHarbor,Project Management,2024-05-12,2,Our team switched to TaskHarbor last spring. Setup was fast and the interface is intuitive. I use it every day. Way too expensive for what you get. Would not recommend.,ease_of_use:positive;onboarding:positive;pricing:negative
548,BookBridge,Accounting,2025-01-17,3,Our team switched to BookBridge last spring. Most of our team works remotely. Expensive and support is useless. We've had basically no downtime. The Slack integration breaks every few weeks.,integrations:negative;pricing:negative;reliability:positive;support:negative
549,TicketTide,Help Desk,2024-04-30,1,Reports time out when the data gets large. The setup documentation is outdated. The Slack integration breaks every few weeks. Would not recommend.,integrations:negative;onboarding:negative;performance:negative
550,CountWise,Accounting,2024-02-15,5,"Been on CountWise for 18 months. I use it every day. The per-seat price is very reasonable. Our account manager is responsive and helpful. We were up and running in a day. Fast, stable and never down.",onboarding:positive;performance:positive;pricing:positive;reliability:positive;support:positive
551,TicketTide,Help Desk,2025-04-10,5,Been on TicketTide for 18 months. The API is well designed. The shared inbox is the best we've seen. The support team actually solves problems. Love it.,features:positive;integrations:positive;support:positive
552,InsightForge,Analytics,2024-03-18,1,We've used InsightForge for about a year. Importing our old data was a nightmare. The app freezes several times a day.,onboarding:negative;performance:negative
553,InsightForge,Analytics,2024-06-30,5,"Been on InsightForge for 18 months. It's fast, even with thousands of records.",performance:positive
554,TicketTide,Help Desk,2024-08-31,1,Been on TicketTide for 18 months. Every update seems to break something. The ticket routing takes ages to load. Look elsewhere.,performance:negative;reliability:negative
555,TaskHarbor,Project Management,2024-09-30,5,We mainly use it for the Gantt chart. Pricing is fair for what you get.,pricing:positive
556,LedgerLeaf,Accounting,2024-12-29,5,Our team switched to LedgerLeaf last spring. It's cheaper than the alternatives we looked at.,pricing:positive
557,TicketTide,Help Desk,2024-08-14,5,We saved money by replacing two tools with it.,pricing:positive
558,TicketTide,Help Desk,2024-01-03,1,We've used TicketTide for about a year. The interface is cluttered and confusing.,ease_of_use:negative
559,Sprintly Pro,Project Management,2024-06-26,3,Our team switched to Sprintly Pro last spring. Most of our team works remotely. The Salesforce integration works out of the box. The API is great but the pricing tiers are confusing and steep. Navigation is a maze.,ease_of_use:negative;integrations:positive;pricing:negative
560,DealNest,CRM,2025-04-02,5,"Been on DealNest for 18 months. We were up and running in a day. It's fast, even with thousands of records.",onboarding:positive;performance:positive
561,TaskHarbor,Project Management,2024-02-11,5,Been on TaskHarbor for 18 months. Customer support answers within minutes.,support:positive
562,CountWise,Accounting,2025-09-11,3,Been on CountWise for 18 months. It crashes a lot and support never helps. Never lost any data.,reliability:negative;reliability:positive;support:negative
563,MailMosaic,Email Marketing,2025-03-25,1,Been on MailMosaic for 18 months. We needed a paid consultant just to get started. Syncing with Google Calendar is unreliable.,integrations:negative;onboarding:negative
564,TicketTide,Help Desk,2024-10-22,4,"Our team switched to TicketTide last spring. Whenever we got stuck, support had an answer the same day. Syncing fails silently. The onboarding guides were clear.",onboarding:positive;reliability:negative;support:positive
565,Sprintly Pro,Project Management,2024-07-21,1,Our team switched to Sprintly Pro last spring. I use it every day. Search is so slow we stopped using it.,performance:negative
566,CountWise,Accounting,2024-10-09,3,Our team switched to CountWise last spring. Zapier support covers everything else we need. Customer support rarely fixes anything. Reports are flexible and easy to customize.,features:positive;integrations:positive;support:negative
567,InsightForge,Analytics,2024-04-26,4,Our team switched to InsightForge last spring. Our IT team handled the rollout. We had several outages during business hours. Our account manager is responsive and helpful. Connecting our existing tools took minutes.,integrations:positive;reliability:negative;support:positive
568,PlanBoard,Project Management,2024-01-07,3,Been on PlanBoard for 18 months. The kanban boards is buggy and loses data occasionally. The Slack integration breaks every few weeks. It handles our large datasets without slowing down. Very frustrating experience.,integrations:negative;performance:positive;reliability:negative
569,MailMosaic,Email Marketing,2024-11-12,5,"Been on MailMosaic for 18 months. We are a team of 74 people. Whenever we got stuck, support had an answer the same day. Everything is where you expect it to be. Pages load instantly. Highly recommend.",ease_of_use:positive;performance:positive;support:positive
570,SendGarden,Email Marketing,2024-11-05,5,The Salesforce integration works out of the box. Would recommend to any growing team.,integrations:positive
571,Sprintly Pro,Project Management,2024-02-16,5,We've used Sprintly Pro for about a year. We evaluated it against two competitors. We were up and running in a day. The time tracking alone is worth it. Not a single outage in two years.,features:positive;onboarding:positive;reliability:positive
572,DealNest,CRM,2025-04-21,5,We've used DealNest for about a year. Reports are flexible and easy to customize. The onboarding guides were clear.,features:positive;onboarding:positive
573,Pipely,CRM,2024-05-25,1,Been on Pipely for 18 months. It gets painfully slow with a few thousand records. We had several outages during business hours. We waited two weeks for a reply to a critical ticket.,performance:negative;reliability:negative;support:negative
574,Pipely,CRM,2024-07-16,1,Our team switched to Pipely last spring. We mainly use it for the deal tracking. Navigation is a maze. Setup took weeks.,ease_of_use:negative;onboarding:negative
575,LedgerLeaf,Accounting,2025-03-02,3,Our team switched to LedgerLeaf last spring. The expense tracking is the best we've seen. Onboarding was confusing and badly organized.,features:positive;onboarding:negative
576,MetricMint,Analytics,2025-05-26,5,"Our team switched to MetricMint last spring. It just works, every single day. Pricing is fair for what you get.",pricing:positive;reliability:positive
577,Pipely,CRM,2025-01-19,4,"We are a team of 239 people. The automation options are powerful. Expensive and support is useless. It just works, every single day.",features:positive;pricing:negative;reliability:positive;support:negative
578,InsightForge,Analytics,2024-01-01,4,"Been on InsightForge for 18 months. Great features, terrible price. Onboarding was confusing and badly organized. The app freezes several times a day. The Slack integration breaks every few weeks. Look elsewhere.",features:positive;integrations:negative;onboarding:negative;performance:negative;pricing:negative
579,PlanBoard,Project Management,2025-04-10,3,"We've used PlanBoard for about a year. Importing our old data was easy. Easy to use, but it gets slow with big projects. Love it.",ease_of_use:positive;onboarding:positive;performance:negative
580,BookBridge,Accounting,2025-08-02,5,We are a team of 34 people. Pages load instantly. Highly recommend.,performance:positive
581,ChartCove,Analytics,2024-07-22,1,Search is so slow we stopped using it. Look elsewhere.,performance:negative
582,InboxRocket,Email Marketing,2024-03-29,2,We've used InboxRocket for about a year. Half of our team still can't find basic settings. We needed a paid consultant just to get started. The API is great but the pricing tiers are confusing and steep. The mobile app crashes constantly.,ease_of_use:negative;integrations:positive;onboarding:negative;pricing:negative;reliability:negative
583,MailMosaic,Email Marketing,2025-05-18,3,We've used MailMosaic for about a year. We are a team of 72 people. Key features from the demo still aren't available. The onboarding call was really useful. Everything is where you expect it to be. Overall a disappointment.,ease_of_use:positive;features:negative;onboarding:positive
584,LedgerLeaf,Accounting,2024-09-05,4,Our team switched to LedgerLeaf last spring. Most of our team works remotely. The expense tracking alone is worth it. Customer support rarely fixes anything. Overall a disappointment.,features:positive;support:negative
585,Pipely,CRM,2025-09-20,4,Our team switched to Pipely last spring. It crashes a lot and support never helps. Our IT team handled the rollout. Setup was quick and painless. Would recommend to any growing team.,onboarding:positive;reliability:negative;support:negative
586,HelpHive,Help Desk,2024-05-26,4,Been on HelpHive for 18 months. The automation options are powerful. Reports time out when the data gets large.,features:positive;performance:negative
587,InboxRocket,Email Marketing,2024-10-31,2,Been on InboxRocket for 18 months. Our IT team handled the rollout. The Slack integration breaks every few weeks. The automation workflows alone is worth it.,features:positive;integrations:negative
588,MailMosaic,Email Marketing,2024-08-06,1,The interface is cluttered and confusing. There is no phone support at all.,ease_of_use:negative;support:negative
589,SupportLoop,Help Desk,2025-05-24,2,Been on SupportLoop for 18 months. Setup was quick and painless. The shared inbox is not intuitive at all. Very frustrating experience.,ease_of_use:negative;onboarding:positive
590,LedgerLeaf,Accounting,2024-05-11,1,We've used LedgerLeaf for about a year. Our account manager disappeared after we signed. The invoicing is missing basic options. The Slack integration breaks every few weeks.,features:negative;integrations:negative;support:negative
591,MailMosaic,Email Marketing,2025-09-08,3,Our team switched to MailMosaic last spring. The API is great but the pricing tiers are confusing and steep. Live chat support is fast and friendly. New features ship regularly. The API is poorly documented.,features:positive;integrations:negative;integrations:positive;pricing:negative;support:positive
592,MetricMint,Analytics,2024-09-05,1,Been on MetricMint for 18 months. We evaluated it against two competitors. Navigation is a maze.,ease_of_use:negative
593,ChartCove,Analytics,2024-05-09,1,Been on ChartCove for 18 months. The custom reports is not intuitive at all. Expensive and support is useless. Overall a disappointment.,ease_of_use:negative;pricing:negative;support:negative
594,Pipely,CRM,2025-01-05,3,Our IT team handled the rollout. Support kept sending us canned answers. Even our non-technical staff picked it up quickly. Key features from the demo still aren't available.,ease_of_use:positive;features:negative;support:negative
595,PlanBoard,Project Management,2025-03-16,1,Our team switched to PlanBoard last spring. We are a team of 115 people. The time tracking is missing basic options.,features:negative
596,TicketTide,Help Desk,2024-03-12,5,Been on TicketTide for 18 months. The interface is clean and easy to learn. Not a single outage in two years.,ease_of_use:positive;reliability:positive
597,CountWise,Accounting,2024-09-23,5,"Our team switched to CountWise last spring. Most of our team works remotely. Our account manager is responsive and helpful. Cheap, and the support team is lovely. We've had basically no downtime.",pricing:positive;reliability:positive;support:positive
598,TicketTide,Help Desk,2025-04-25,1,It takes far too many clicks to do simple things. The API is poorly documented. It costs twice as much as the competitors. Would not recommend.,ease_of_use:negative;integrations:negative;pricing:negative
599,InsightForge,Analytics,2025-08-30,5,Been on InsightForge for 18 months. We evaluated it against two competitors. Search results come back in a blink. Highly recommend.,performance:positive
600,Sprintly Pro,Project Management,2024-05-22,2,We've had basically no downtime. The Gantt chart takes ages to load. Everything is where you expect it to be.,ease_of_use:positive;performance:negative;reliability:positive
601,TaskHarbor,Project Management,2025-07-02,3,Every update seems to break something. It crashes a lot and support never helps. Live chat support is fast and friendly. The API is well designed.,integrations:positive;reliability:negative;support:negative;support:positive
602,MetricMint,Analytics,2025-04-30,5,We've used MetricMint for about a year. Setup was fast and the interface is intuitive. We mainly use it for the dashboards. The onboarding call was really useful.,ease_of_use:positive;onboarding:positive
603,Sprintly Pro,Project Management,2025-02-08,1,Every update seems to break something.,reliability:negative
604,Sprintly Pro,Project Management,2024-09-28,3,"The per-seat pricing gets painful as you grow. It's fast, even with thousands of records. Too basic for a growing team.",features:negative;performance:positive;pricing:negative
605,HelpHive,Help Desk,2024-12-12,1,Our team switched to HelpHive last spring. I use it every day. The mobile app crashes constantly. Overall a disappointment.,reliability:negative
606,MailMosaic,Email Marketing,2024-10-05,5,"Our team switched to MailMosaic last spring. Not cheap, but worth every cent. Pages load instantly. Connecting our existing tools took minutes.",integrations:positive;performance:positive;pricing:positive
607,BookBridge,Accounting,2024-04-24,4,Our team switched to BookBridge last spring. Most of our team works remotely. We had several outages during business hours. It takes far too many clicks to do simple things. Search results come back in a blink.,ease_of_use:negative;performance:positive;reliability:negative
608,InsightForge,Analytics,2025-06-23,1,Our team switched to InsightForge last spring. The learning curve is steep. The app freezes several times a day.,ease_of_use:negative;performance:negative
609,SendGarden,Email Marketing,2024-10-26,1,Our team switched to SendGarden last spring. Syncing with Google Calendar is unreliable.,integrations:negative
610,TaskHarbor,Project Management,2024-06-26,5,"We migrated from a legacy system. Whenever we got stuck, support had an answer the same day.",support:positive
611,LedgerLeaf,Accounting,2024-01-20,2,Been on LedgerLeaf for 18 months. Our IT team handled the rollout. Our account manager is responsive and helpful. There's no native integration with our accounting tool.,integrations:negative;support:positive
612,MailMosaic,Email Marketing,2024-10-06,5,"We've used MailMosaic for about a year. It's fast, even with thousands of records. It integrates smoothly with Slack and Google Workspace. Not a single outage in two years.",integrations:positive;performance:positive;reliability:positive
613,Pipely,CRM,2025-01-20,5,"Our team switched to Pipely last spring. We migrated from a legacy system. Not cheap, but worth every cent. Zapier support covers everything else we need. Search results come back in a blink.",integrations:positive;performance:positive;pricing:positive
614,DealNest,CRM,2024-11-21,1,Our team switched to DealNest last spring. The email sync takes ages to load.,performance:negative
615,TicketTide,Help Desk,2024-03-10,1,We mainly use it for the ticket routing. There is no phone support at all. Importing our old data was a nightmare. The knowledge base takes ages to load.,onboarding:negative;performance:negative;support:negative
616,HelpHive,Help Desk,2025-05-09,5,"We've used HelpHive for about a year. Our IT team handled the rollout. It just works, every single day.",reliability:positive
617,TaskHarbor,Project Management,2025-03-06,5,"We've used TaskHarbor for about a year. It's fast, even with thousands of records. Never lost any data. Navigation is simple and logical.",ease_of_use:positive;performance:positive;reliability:positive
618,HelpHive,Help Desk,2025-02-03,5,Our team switched to HelpHive last spring. The shared inbox alone is worth it. Data syncs reliably. We were up and running in a day. Would recommend to any growing team.,features:positive;onboarding:positive;reliability:positive
619,HelpHive,Help Desk,2025-05-10,5,We've used HelpHive for about a year. Setup was quick and painless. The knowledge base is the best we've seen.,features:positive;onboarding:positive
620,DealNest,CRM,2025-08-04,5,We've used DealNest for about a year. We are a team of 66 people. Search results come back in a blink. Navigation is simple and logical.,ease_of_use:positive;performance:positive
621,Sprintly Pro,Project Management,2024-08-31,5,Our team switched to Sprintly Pro last spring. We evaluated it against two competitors. Customer support answers within minutes. Would recommend to any growing team.,support:positive
622,SupportLoop,Help Desk,2024-09-05,1,We've used SupportLoop for about a year. I use it every day. It costs twice as much as the competitors. The shared inbox is buggy and loses data occasionally.,pricing:negative;reliability:negative
623,ClientOrbit,CRM,2025-04-08,5,Our team switched to ClientOrbit last spring. The Salesforce integration works out of the box. The interface is clean and easy to learn.,ease_of_use:positive;integrations:positive
624,ClientOrbit,CRM,2024-10-26,4,Our team switched to ClientOrbit last spring. It's cheaper than the alternatives we looked at. We waited two weeks for a reply to a critical ticket. Love it.,pricing:positive;support:negative
625,MailMosaic,Email Marketing,2025-08-21,1,Been on MailMosaic for 18 months. We evaluated it against two competitors. The roadmap has been stuck for a year.,features:negative
626,PlanBoard,Project Management,2024-11-10,1,Our team switched to PlanBoard last spring. We evaluated it against two competitors. They raised the price by 40% with almost no notice. It takes far too many clicks to do simple things. Overall a disappointment.,ease_of_use:negative;pricing:negative
627,Pipely,CRM,2025-05-24,5,Our team switched to Pipely last spring. We mainly use it for the contact management. It's cheaper than the alternatives we looked at.,pricing:positive
628,InsightForge,Analytics,2025-09-19,1,Been on InsightForge for 18 months. It crashes a lot and support never helps. It costs twice as much as the competitors.,pricing:negative;reliability:negative;support:negative
629,PlanBoard,Project Management,2025-04-15,1,Been on PlanBoard for 18 months. It crashes a lot and support never helps. Search is so slow we stopped using it. The learning curve is steep.,ease_of_use:negative;performance:negative;reliability:negative;support:negative
630,ChartCove,Analytics,2025-06-25,2,We've used ChartCove for about a year. The funnel analysis is not intuitive at all. Connecting our existing tools took minutes. Key features from the demo still aren't available.,ease_of_use:negative;features:negative;integrations:positive
631,BookBridge,Accounting,2024-08-30,5,Our team switched to BookBridge last spring. The automation options are powerful.,features:positive
632,PlanBoard,Project Management,2025-02-18,5,We are a team of 139 people. Navigation is simple and logical. The support team actually solves problems. Pages load instantly.,ease_of_use:positive;performance:positive;support:positive
633,PlanBoard,Project Management,2024-11-13,5,We've used PlanBoard for about a year. The per-seat price is very reasonable. Search results come back in a blink. The kanban boards is intuitive.,ease_of_use:positive;performance:positive;pricing:positive
634,MailMosaic,Email Marketing,2024-04-22,1,Most of our team works remotely. The mobile app crashes constantly. The setup documentation is outdated.,onboarding:negative;reliability:negative
635,SupportLoop,Help Desk,2025-09-04,4,We've used SupportLoop for about a year. We evaluated it against two competitors. Our account manager is responsive and helpful. The interface is cluttered and confusing. Key features from the demo still aren't available.,ease_of_use:negative;features:negative;support:positive
636,MetricMint,Analytics,2025-09-25,5,Been on MetricMint for 18 months. Data syncs reliably. The onboarding guides were clear. Would recommend to any growing team.,onboarding:positive;reliability:positive
637,SendGarden,Email Marketing,2025-08-22,3,Been on SendGarden for 18 months. The segmentation is buggy and loses data occasionally. Way too expensive for what you get. The email editor takes ages to load. Setup was fast and the interface is intuitive.,ease_of_use:positive;onboarding:positive;performance:negative;pricing:negative;reliability:negative
638,PlanBoard,Project Management,2025-02-10,3,The Slack integration breaks every few weeks. It handles our large datasets without slowing down. We've had basically no downtime.,integrations:negative;performance:positive;reliability:positive
639,Pipely,CRM,2025-05-03,4,Been on Pipely for 18 months. We migrated from a legacy system. There is no phone support at all. Expensive and support is useless. Never lost any data.,pricing:negative;reliability:positive;support:negative
640,CountWise,Accounting,2025-07-15,4,We've used CountWise for about a year. It takes far too many clicks to do simple things. The API is great but the pricing tiers are confusing and steep. We were up and running in a day. It integrates smoothly with Slack and Google Workspace.,ease_of_use:negative;integrations:positive;onboarding:positive;pricing:negative
641,Pipely,CRM,2024-09-12,4,Our IT team handled the rollout. The deal tracking is the best we've seen. It costs twice as much as the competitors.,features:positive;pricing:negative
642,MailMosaic,Email Marketing,2025-07-05,1,We've used MailMosaic for about a year. We evaluated it against two competitors. Too basic for a growing team. Way too expensive for what you get. We had several outages during business hours.,features:negative;pricing:negative;reliability:negative
643,LedgerLeaf,Accounting,2024-09-29,1,We've used LedgerLeaf for about a year. Our IT team handled the rollout. Setup took weeks.,onboarding:negative
644,ClientOrbit,CRM,2024-07-24,5,We've used ClientOrbit for about a year. The Salesforce integration works out of the box. The free plan is generous. Would recommend to any growing team.,integrations:positive;pricing:positive
645,DealNest,CRM,2024-07-15,4,"We are a team of 238 people. Key features from the demo still aren't available. Setup took weeks. Whenever we got stuck, support had an answer the same day.",features:negative;onboarding:negative;support:positive
646,Pipely,CRM,2024-12-18,5,We evaluated it against two competitors. Pages load instantly. Love it.,performance:positive
647,TaskHarbor,Project Management,2024-10-11,2,Been on TaskHarbor for 18 months. Importing our old data was a nightmare. The workload view is the best we've seen. Search is so slow we stopped using it.,features:positive;onboarding:negative;performance:negative
648,Pipely,CRM,2024-10-31,5,I use it every day. We've had basically no downtime. Overall a great experience.,reliability:positive
649,MailMosaic,Email Marketing,2025-01-10,5,The onboarding call was really useful. Overall a great experience.,onboarding:positive
650,SupportLoop,Help Desk,2025-07-09,2,Been on SupportLoop for 18 months. Key features from the demo still aren't available. Pricing is fair for what you get.,features:negative;pricing:positive
651,PlanBoard,Project Management,2024-01-22,1,Most of our team works remotely. It costs twice as much as the competitors. Overall a disappointment.,pricing:negative
652,InsightForge,Analytics,2025-03-30,4,Our team switched to InsightForge last spring. Live chat support is fast and friendly. The interface is clean and easy to learn. The dashboards is buggy and loses data occasionally.,ease_of_use:positive;reliability:negative;support:positive
653,CountWise,Accounting,2024-07-11,1,Our team switched to CountWise last spring. We evaluated it against two competitors. The roadmap has been stuck for a year.,features:negative
654,LedgerLeaf,Accounting,2024-11-05,3,Been on LedgerLeaf for 18 months. The API is great but the pricing tiers are confusing and steep. Importing our old data was a nightmare.,integrations:positive;onboarding:negative;pricing:negative
655,Sprintly Pro,Project Management,2024-08-20,3,"Our team switched to Sprintly Pro last spring. Great features, terrible price. They raised the price by 40% with almost no notice. It handles our large datasets without slowing down. Connecting our existing tools took minutes.",features:positive;integrations:positive;performance:positive;pricing:negative
656,DealNest,CRM,2025-02-16,4,"Been on DealNest for 18 months. It's fast, even with thousands of records. It integrates smoothly with Slack and Google Workspace. Too basic for a growing team.",features:negative;integrations:positive;performance:positive
657,CountWise,Accounting,2024-03-31,3,"We've used CountWise for about a year. Easy to use, but it gets slow with big projects. Never lost any data. The tax reports takes ages to load. Importing our old data was a nightmare. Would not recommend.",ease_of_use:positive;onboarding:negative;performance:negative;reliability:positive
658,MetricMint,Analytics,2025-07-06,5,"Our team switched to MetricMint last spring. Not a single outage in two years. Whenever we got stuck, support had an answer the same day. Zapier support covers everything else we need. Would recommend to any growing team.",integrations:positive;reliability:positive;support:positive
659,MetricMint,Analytics,2024-05-29,5,"We've used MetricMint for about a year. It's fast, even with thousands of records.",performance:positive
660,CountWise,Accounting,2025-01-30,2,"Our team switched to CountWise last spring. I use it every day. Cheap, and the support team is lovely. Not worth the money. There's no native integration with our accounting tool. The expense tracking is buggy and loses data occasionally.",integrations:negative;pricing:negative;pricing:positive;reliability:negative;support:positive
661,SendGarden,Email Marketing,2025-07-24,1,Been on SendGarden for 18 months. Our IT team handled the rollout. Onboarding was confusing and badly organized. Our account manager disappeared after we signed. Look elsewhere.,onboarding:negative;support:negative
662,MetricMint,Analytics,2024-11-29,1,Our team switched to MetricMint last spring. The app freezes several times a day. Importing our old data was a nightmare. Key features from the demo still aren't available.,features:negative;onboarding:negative;performance:negative
663,TaskHarbor,Project Management,2025-08-15,1,Our team switched to TaskHarbor last spring. Customer support rarely fixes anything. There's no native integration with our accounting tool. We had several outages during business hours. Look elsewhere.,integrations:negative;reliability:negative;support:negative
664,BookBridge,Accounting,2024-08-19,1,We migrated from a legacy system. Customer support rarely fixes anything.,support:negative
665,SendGarden,Email Marketing,2025-06-19,4,We've used SendGarden for about a year. Our IT team handled the rollout. Importing our old data was easy. We've had basically no downtime. There's no native integration with our accounting tool.,integrations:negative;onboarding:positive;reliability:positive
666,InboxRocket,Email Marketing,2025-06-21,5,Most of our team works remotely. Pages load instantly.,performance:positive
667,TaskHarbor,Project Management,2024-02-07,1,Our team switched to TaskHarbor last spring. We evaluated it against two competitors. The workload view takes ages to load.,performance:negative
668,MetricMint,Analytics,2024-04-19,3,Our team switched to MetricMint last spring. Importing our old data was a nightmare. It's cheaper than the alternatives we looked at. We've had basically no downtime.,onboarding:negative;pricing:positive;reliability:positive
669,BookBridge,Accounting,2025-08-18,3,Every update seems to break something. New features ship regularly. Love it.,features:positive;reliability:negative
670,SupportLoop,Help Desk,2024-06-11,4,Been on SupportLoop for 18 months. The live chat widget is the best we've seen. Rate limits on the API are far too strict. The onboarding call was really useful.,features:positive;integrations:negative;onboarding:positive
671,InboxRocket,Email Marketing,2025-07-02,1,We've used InboxRocket for about a year. Most of our team works remotely. Rate limits on the API are far too strict.,integrations:negative
672,SendGarden,Email Marketing,2025-09-21,3,We've used SendGarden for about a year. We migrated from a legacy system. The interface is cluttered and confusing. It's cheaper than the alternatives we looked at. The Slack integration breaks every few weeks. Overall a disappointment.,ease_of_use:negative;integrations:negative;pricing:positive
673,Sprintly Pro,Project Management,2025-05-07,2,"Our team switched to Sprintly Pro last spring. Fast, stable and never down. The Salesforce integration works out of the box. We waited two weeks for a reply to a critical ticket.",integrations:positive;performance:positive;reliability:positive;support:negative
674,InboxRocket,Email Marketing,2024-06-12,1,Been on InboxRocket for 18 months. We mainly use it for the automation workflows. Key features from the demo still aren't available. Would not recommend.,features:negative
675,LedgerLeaf,Accounting,2025-02-21,5,Been on LedgerLeaf for 18 months. The onboarding call was really useful. Search results come back in a blink. Connecting our existing tools took minutes. Love it.,integrations:positive;onboarding:positive;performance:positive
676,Sprintly Pro,Project Management,2025-02-25,4,"Been on Sprintly Pro for 18 months. We were up and running in a day. It's very easy to use day to day. It just works, every single day. The API is great but the pricing tiers are confusing and steep.",ease_of_use:positive;integrations:positive;onboarding:positive;pricing:negative;reliability:positive
677,Pipely,CRM,2024-05-16,2,Our team switched to Pipely last spring. The onboarding call was really useful. Syncing fails silently. Navigation is a maze.,ease_of_use:negative;onboarding:positive;reliability:negative
678,TicketTide,Help Desk,2025-10-01,1,Our team switched to TicketTide last spring. Onboarding was confusing and badly organized.,onboarding:negative
679,TaskHarbor,Project Management,2024-09-02,5,Been on TaskHarbor for 18 months. The support team actually solves problems. Would recommend to any growing team.,support:positive
680,InboxRocket,Email Marketing,2024-02-11,5,We've used InboxRocket for about a year. I use it every day. The interface is clean and easy to learn. Would recommend to any growing team.,ease_of_use:positive
681,BookBridge,Accounting,2024-06-16,1,Our team switched to BookBridge last spring. We mainly use it for the tax reports. Navigation is a maze. We had several outages during business hours. Syncing with Google Calendar is unreliable.,ease_of_use:negative;integrations:negative;reliability:negative
682,InboxRocket,Email Marketing,2024-11-25,1,Our team switched to InboxRocket last spring. Way too expensive for what you get.,pricing:negative
683,ClientOrbit,CRM,2024-11-06,5,"We've used ClientOrbit for about a year. It just works, every single day. The email sync is the best we've seen. The API is well designed. Highly recommend.",features:positive;integrations:positive;reliability:positive
684,SendGarden,Email Marketing,2024-04-20,1,Been on SendGarden for 18 months. Most of our team works remotely. Setup took weeks.,onboarding:negative
685,InboxRocket,Email Marketing,2024-11-29,5,Our team switched to InboxRocket last spring. We've had basically no downtime. The API is well designed.,integrations:positive;reliability:positive
686,PlanBoard,Project Management,2024-03-19,1,Been on PlanBoard for 18 months. The Slack integration breaks every few weeks. Syncing fails silently. Look elsewhere.,integrations:negative;reliability:negative
687,MailMosaic,Email Marketing,2025-03-03,5,Been on MailMosaic for 18 months. We were up and running in a day.,onboarding:positive
688,ChartCove,Analytics,2024-01-29,4,"We've used ChartCove for about a year. Fast, stable and never down. There's no native integration with our accounting tool. Customer support answers within minutes.",integrations:negative;performance:positive;reliability:positive;support:positive
689,LedgerLeaf,Accounting,2024-06-17,1,Most of our team works remotely. It takes far too many clicks to do simple things.,ease_of_use:negative
690,DealNest,CRM,2024-06-06,5,Been on DealNest for 18 months. I use it every day. The Salesforce integration works out of the box. Look elsewhere.,integrations:positive
691,InsightForge,Analytics,2024-01-06,3,We've used InsightForge for about a year. We evaluated it against two competitors. The custom reports alone is worth it. Our account manager disappeared after we signed. Connecting our existing tools took minutes.,features:positive;integrations:positive;support:negative
692,InsightForge,Analytics,2024-04-09,2,It takes far too many clicks to do simple things. The custom reports is the best we've seen.,ease_of_use:negative;features:positive
693,InboxRocket,Email Marketing,2024-04-07,3,We've used InboxRocket for about a year. Our account manager disappeared after we signed. Pages load instantly.,performance:positive;support:negative
694,SendGarden,Email Marketing,2024-10-11,1,The mobile app crashes constantly. The roadmap has been stuck for a year. The API is poorly documented.,features:negative;integrations:negative;reliability:negative
695,LedgerLeaf,Accounting,2024-09-12,2,Been on LedgerLeaf for 18 months. The interface is cluttered and confusing. The API is poorly documented. Not a single outage in two years.,ease_of_use:negative;integrations:negative;reliability:positive
696,LedgerLeaf,Accounting,2025-05-31,2,Been on LedgerLeaf for 18 months. Most of our team works remotely. Support kept sending us canned answers. It's very easy to use day to day. There's no native integration with our accounting tool. Overall a disappointment.,ease_of_use:positive;integrations:negative;support:negative
697,CountWise,Accounting,2024-07-27,1,Been on CountWise for 18 months. We are a team of 297 people. The setup documentation is outdated. Would not recommend.,onboarding:negative
698,Sprintly Pro,Project Management,2024-02-10,1,Been on Sprintly Pro for 18 months. The per-seat pricing gets painful as you grow. Too basic for a growing team.,features:negative;pricing:negative
699,CountWise,Accounting,2025-09-11,5,We migrated from a legacy system. Navigation is simple and logical.,ease_of_use:positive
700,LedgerLeaf,Accounting,2024-06-10,5,"Been on LedgerLeaf for 18 months. Most of our team works remotely. It just works, every single day.",reliability:positive
701,ClientOrbit,CRM,2025-03-01,5,We've used ClientOrbit for about a year. Never lost any data. Pages load instantly.,performance:positive;reliability:positive
702,TicketTide,Help Desk,2024-12-26,1,Been on TicketTide for 18 months. Reporting is very limited. Half of our team still can't find basic settings. Setup took weeks. Overall a disappointment.,ease_of_use:negative;features:negative;onboarding:negative
703,HelpHive,Help Desk,2025-04-30,4,"We've used HelpHive for about a year. Great features, terrible price. There is no phone support at all.",features:positive;pricing:negative;support:negative
704,SupportLoop,Help Desk,2025-04-15,5,"We've used SupportLoop for about a year. Not cheap, but worth every cent. Everything is where you expect it to be. The Salesforce integration works out of the box.",ease_of_use:positive;integrations:positive;pricing:positive
705,CountWise,Accounting,2025-03-09,5,Most of our team works remotely. Our account manager is responsive and helpful. Connecting our existing tools took minutes.,integrations:positive;support:positive
706,TaskHarbor,Project Management,2024-04-12,1,Been on TaskHarbor for 18 months. Setup took weeks. It costs twice as much as the competitors. Very frustrating experience.,onboarding:negative;pricing:negative
707,InsightForge,Analytics,2025-09-18,2,"We've used InsightForge for about a year. Pricing is fair for what you get. The support team actually solves problems. Easy to use, but it gets slow with big projects. Connecting our existing tools took minutes.",ease_of_use:positive;performance:negative;pricing:positive;support:positive
708,InboxRocket,Email Marketing,2025-08-14,3,Been on InboxRocket for 18 months. Not a single outage in two years. The Slack integration breaks every few weeks. The email editor takes ages to load.,integrations:negative;performance:negative;reliability:positive
709,SendGarden,Email Marketing,2025-04-12,5,We've used SendGarden for about a year. We mainly use it for the A/B testing. It's cheaper than the alternatives we looked at.,pricing:positive
710,BookBridge,Accounting,2024-07-18,5,"We've used BookBridge for about a year. I use it every day. It just works, every single day. Not cheap, but worth every cent. Love it.",pricing:positive;reliability:positive
711,TaskHarbor,Project Management,2025-08-22,5,Great value for money. Overall a great experience.,pricing:positive
712,HelpHive,Help Desk,2024-07-10,1,It costs twice as much as the competitors. It gets painfully slow with a few thousand records.,performance:negative;pricing:negative
713,CountWise,Accounting,2025-07-31,4,We've used CountWise for about a year. Rate limits on the API are far too strict. The bank reconciliation takes ages to load. Setup was quick and painless.,integrations:negative;onboarding:positive;performance:negative
714,SupportLoop,Help Desk,2025-08-15,5,The knowledge base alone is worth it.,features:positive
715,Sprintly Pro,Project Management,2024-05-10,5,We've used Sprintly Pro for about a year. The automation options are powerful. Would recommend to any growing team.,features:positive
716,ClientOrbit,CRM,2025-03-27,3,"It just works, every single day. It gets painfully slow with a few thousand records.",performance:negative;reliability:positive
717,PlanBoard,Project Management,2025-06-16,1,Not worth the money.,pricing:negative
718,MailMosaic,Email Marketing,2024-03-18,5,I use it every day. Connecting our existing tools took minutes. The onboarding guides were clear. Reports are flexible and easy to customize.,features:positive;integrations:positive;onboarding:positive
719,ChartCove,Analytics,2025-03-19,3,We evaluated it against two competitors. Data syncs reliably. It takes far too many clicks to do simple things.,ease_of_use:negative;reliability:positive
720,InboxRocket,Email Marketing,2025-01-01,5,Our IT team handled the rollout. The Salesforce integration works out of the box. Live chat support is fast and friendly. Reports are flexible and easy to customize.,features:positive;integrations:positive;support:positive
721,BookBridge,Accounting,2025-02-21,5,Been on BookBridge for 18 months. Never lost any data. Love it.,reliability:positive
722,DealNest,CRM,2024-04-28,1,Our team switched to DealNest last spring. Too basic for a growing team. Support kept sending us canned answers. Onboarding was confusing and badly organized.,features:negative;onboarding:negative;support:negative
723,BookBridge,Accounting,2024-02-16,1,Our team switched to BookBridge last spring. It gets painfully slow with a few thousand records.,performance:negative
724,Sprintly Pro,Project Management,2024-08-12,4,Our IT team handled the rollout. It handles our large datasets without slowing down. The API is poorly documented. It crashes a lot and support never helps. Setup was quick and painless.,integrations:negative;onboarding:positive;performance:positive;reliability:negative;support:negative
725,TicketTide,Help Desk,2025-08-14,5,We've used TicketTide for about a year. We mainly use it for the shared inbox. Everything is where you expect it to be. It has every feature we need. Great value for money.,ease_of_use:positive;features:positive;pricing:positive
726,InboxRocket,Email Marketing,2024-05-08,4,Been on InboxRocket for 18 months. It crashes a lot and support never helps. We are a team of 286 people. Search results come back in a blink. Customer support answers within minutes. Highly recommend.,performance:positive;reliability:negative;support:negative;support:positive
727,DealNest,CRM,2025-04-28,5,Been on DealNest for 18 months. Setup was quick and painless. Very frustrating experience.,onboarding:positive
728,InboxRocket,Email Marketing,2025-02-28,5,Been on InboxRocket for 18 months. We were up and running in a day. Love it.,onboarding:positive
729,MailMosaic,Email Marketing,2025-05-15,5,Our team switched to MailMosaic last spring. The support team actually solves problems. Setup was quick and painless. Pages load instantly. Love it.,onboarding:positive;performance:positive;support:positive
730,MailMosaic,Email Marketing,2024-01-28,4,Our team switched to MailMosaic last spring. We evaluated it against two competitors. The setup documentation is outdated. We've had basically no downtime.,onboarding:negative;reliability:positive
731,InboxRocket,Email Marketing,2024-11-26,5,We've used InboxRocket for about a year. The onboarding guides were clear. Zapier support covers everything else we need. The A/B testing is intuitive. Highly recommend.,ease_of_use:positive;integrations:positive;onboarding:positive
732,SendGarden,Email Marketing,2024-08-22,1,Our team switched to SendGarden last spring. Navigation is a maze. Very frustrating experience.,ease_of_use:negative
733,MailMosaic,Email Marketing,2024-05-12,5,"Been on MailMosaic for 18 months. We evaluated it against two competitors. It's fast, even with thousands of records. Everything is where you expect it to be.",ease_of_use:positive;performance:positive
734,InsightForge,Analytics,2025-07-07,5,We've used InsightForge for about a year. I use it every day. Customer support answers within minutes. We've had basically no downtime.,reliability:positive;support:positive
735,CountWise,Accounting,2024-03-05,4,We've used CountWise for about a year. The expense tracking is buggy and loses data occasionally. Importing our old data was easy. There is no phone support at all. Overall a disappointment.,onboarding:positive;reliability:negative;support:negative
736,TicketTide,Help Desk,2025-08-06,5,The knowledge base is snappy.,performance:positive
737,TaskHarbor,Project Management,2025-04-20,2,Our team switched to TaskHarbor last spring. We are a team of 155 people. The API is poorly documented. It takes far too many clicks to do simple things. We've had basically no downtime.,ease_of_use:negative;integrations:negative;reliability:positive
738,SupportLoop,Help Desk,2024-02-13,4,We mainly use it for the ticket routing. The API is poorly documented. Even our non-technical staff picked it up quickly. Data syncs reliably.,ease_of_use:positive;integrations:negative;reliability:positive
739,SendGarden,Email Marketing,2025-02-15,4,Been on SendGarden for 18 months. We evaluated it against two competitors. The API is great but the pricing tiers are confusing and steep. The A/B testing is the best we've seen. Great value for money. Customer support answers within minutes. Love it.,features:positive;integrations:positive;pricing:negative;pricing:positive;support:positive
740,TicketTide,Help Desk,2025-05-13,4,We've used TicketTide for about a year. Navigation is simple and logical. It costs twice as much as the competitors.,ease_of_use:positive;pricing:negative
741,MailMosaic,Email Marketing,2024-09-19,3,"We've used MailMosaic for about a year. Whenever we got stuck, support had an answer the same day. It costs twice as much as the competitors. Would not recommend.",pricing:negative;support:positive
742,ChartCove,Analytics,2025-06-17,4,"Our team switched to ChartCove last spring. Setup took weeks. Every update seems to break something. Our account manager is responsive and helpful. Fast, stable and never down.",onboarding:negative;performance:positive;reliability:negative;reliability:positive;support:positive
743,MetricMint,Analytics,2024-07-06,5,"We've used MetricMint for about a year. Setup was quick and painless. Whenever we got stuck, support had an answer the same day.",onboarding:positive;support:positive
744,MetricMint,Analytics,2024-05-08,2,"Been on MetricMint for 18 months. We had several outages during business hours. It gets painfully slow with a few thousand records. Great features, terrible price.",features:positive;performance:negative;pricing:negative;reliability:negative
745,PlanBoard,Project Management,2025-07-18,1,Been on PlanBoard for 18 months. We mainly use it for the Gantt chart. There is no way to customize the kanban boards. It costs twice as much as the competitors. Syncing with Google Calendar is unreliable. Would not recommend.,features:negative;integrations:negative;pricing:negative
746,Pipely,CRM,2025-01-15,4,"Been on Pipely for 18 months. The onboarding call was really useful. Great features, terrible price.",features:positive;onboarding:positive;pricing:negative
747,PlanBoard,Project Management,2025-06-17,2,Rate limits on the API are far too strict. The interface is clean and easy to learn. Highly recommend.,ease_of_use:positive;integrations:negative
748,InsightForge,Analytics,2024-02-16,5,We mainly use it for the custom reports. Navigation is simple and logical.,ease_of_use:positive
749,TaskHarbor,Project Management,2024-03-14,1,Setup took weeks. Very frustrating experience.,onboarding:negative
750,TicketTide,Help Desk,2024-07-16,5,We've used TicketTide for about a year. Not a single outage in two years. Importing our old data was easy.,onboarding:positive;reliability:positive
751,SendGarden,Email Marketing,2025-08-13,5,The email editor is snappy. Even our non-technical staff picked it up quickly. Live chat support is fast and friendly.,ease_of_use:positive;performance:positive;support:positive
752,MetricMint,Analytics,2024-07-22,2,Our team switched to MetricMint last spring. The per-seat price is very reasonable. The learning curve is steep. Support went above and beyond to fix our issue.,ease_of_use:negative;pricing:positive;support:positive
753,CountWise,Accounting,2024-11-12,5,We've used CountWise for about a year. Setup was fast and the interface is intuitive. It integrates smoothly with Slack and Google Workspace. It's cheaper than the alternatives we looked at. We've had basically no downtime.,ease_of_use:positive;integrations:positive;onboarding:positive;pricing:positive;reliability:positive
754,PlanBoard,Project Management,2024-02-08,1,Our team switched to PlanBoard last spring. We evaluated it against two competitors. The kanban boards is not intuitive at all. Would not recommend.,ease_of_use:negative
755,ChartCove,Analytics,2024-07-19,3,Our team switched to ChartCove last spring. We evaluated it against two competitors. We waited two weeks for a reply to a critical ticket. The API is great but the pricing tiers are confusing and steep.,integrations:positive;pricing:negative;support:negative
756,MailMosaic,Email Marketing,2024-01-05,1,Our team switched to MailMosaic last spring. I use it every day. Rate limits on the API are far too strict. Very frustrating experience.,integrations:negative
757,SupportLoop,Help Desk,2024-02-22,4,"We migrated from a legacy system. The Salesforce integration works out of the box. Easy to use, but it gets slow with big projects.",ease_of_use:positive;integrations:positive;performance:negative
758,TicketTide,Help Desk,2025-05-10,2,"Been on TicketTide for 18 months. The setup documentation is outdated. It takes far too many clicks to do simple things. It's fast, even with thousands of records.",ease_of_use:negative;onboarding:negative;performance:positive
759,InboxRocket,Email Marketing,2025-01-11,1,Been on InboxRocket for 18 months. We migrated from a legacy system. The learning curve is steep.,ease_of_use:negative
760,SendGarden,Email Marketing,2025-02-07,5,Been on SendGarden for 18 months. Most of our team works remotely. Everything is where you expect it to be.,ease_of_use:positive
761,DealNest,CRM,2025-03-17,5,Our team switched to DealNest last spring. The deal tracking is snappy.,performance:positive
762,HelpHive,Help Desk,2024-12-14,1,Our team switched to HelpHive last spring. Most of our team works remotely. Importing our old data was a nightmare.,onboarding:negative
763,ClientOrbit,CRM,2024-05-20,5,"Been on ClientOrbit for 18 months. We evaluated it against two competitors. It just works, every single day.",reliability:positive
764,LedgerLeaf,Accounting,2024-10-31,3,Been on LedgerLeaf for 18 months. Pages load instantly. Basic features are locked behind the enterprise plan. Overall a great experience.,performance:positive;pricing:negative
765,DealNest,CRM,2025-03-02,5,We've used DealNest for about a year. We mainly use it for the deal tracking. The contact management alone is worth it. Importing our old data was easy. Navigation is simple and logical.,ease_of_use:positive;features:positive;onboarding:positive
766,InboxRocket,Email Marketing,2024-10-25,1,Been on InboxRocket for 18 months. Support kept sending us canned answers. Look elsewhere.,support:negative
767,SendGarden,Email Marketing,2024-03-27,4,Our team switched to SendGarden last spring. Most of our team works remotely. The automation options are powerful. Hidden fees showed up on our second invoice.,features:positive;pricing:negative
768,Sprintly Pro,Project Management,2024-05-18,4,Been on Sprintly Pro for 18 months. I use it every day. The onboarding guides were clear. The Slack integration breaks every few weeks. Navigation is a maze.,ease_of_use:negative;integrations:negative;onboarding:positive
769,CountWise,Accounting,2024-12-15,2,"Been on CountWise for 18 months. It just works, every single day. The interface is clean and easy to learn. The API is poorly documented. Highly recommend.",ease_of_use:positive;integrations:negative;reliability:positive
770,MailMosaic,Email Marketing,2024-06-02,2,Our team switched to MailMosaic last spring. The automation workflows is snappy. There is no phone support at all. Setup was fast and the interface is intuitive.,ease_of_use:positive;onboarding:positive;performance:positive;support:negative
771,DealNest,CRM,2025-03-09,5,We've used DealNest for about a year. We mainly use it for the pipeline view. Data syncs reliably. Great value for money. It's very easy to use day to day.,ease_of_use:positive;pricing:positive;reliability:positive
772,DealNest,CRM,2024-09-16,5,Our team switched to DealNest last spring. The Salesforce integration works out of the box.,integrations:positive
773,InsightForge,Analytics,2024-11-21,3,Our team switched to InsightForge last spring. Setup was quick and painless. Too basic for a growing team. Syncing fails silently.,features:negative;onboarding:positive;reliability:negative
774,BookBridge,Accounting,2025-05-29,5,Our team switched to BookBridge last spring. It's very easy to use day to day.,ease_of_use:positive
775,InsightForge,Analytics,2024-09-14,4,"We've used InsightForge for about a year. Setup was quick and painless. Easy to use, but it gets slow with big projects. Highly recommend.",ease_of_use:positive;onboarding:positive;performance:negative
776,ChartCove,Analytics,2025-06-30,1,We've used ChartCove for about a year. Most of our team works remotely. Rate limits on the API are far too strict.,integrations:negative
777,PlanBoard,Project Management,2024-07-25,5,Been on PlanBoard for 18 months. Great value for money.,pricing:positive
778,Pipely,CRM,2025-09-02,1,Been on Pipely for 18 months. Expensive and support is useless. Customer support rarely fixes anything. The pipeline view takes ages to load.,performance:negative;pricing:negative;support:negative
779,BookBridge,Accounting,2024-09-20,1,Been on BookBridge for 18 months. Key features from the demo still aren't available.,features:negative
780,LedgerLeaf,Accounting,2025-03-30,3,The API is poorly documented. Support went above and beyond to fix our issue. Would recommend to any growing team.,integrations:negative;support:positive
781,ClientOrbit,CRM,2024-04-15,5,"We've used ClientOrbit for about a year. Not cheap, but worth every cent.",pricing:positive
782,ClientOrbit,CRM,2024-01-26,4,Our team switched to ClientOrbit last spring. Customer support answers within minutes. Every update seems to break something.,reliability:negative;support:positive
783,SendGarden,Email Marketing,2025-03-07,1,Our team switched to SendGarden last spring. Our account manager disappeared after we signed.,support:negative
784,HelpHive,Help Desk,2025-07-19,5,We are a team of 108 people. The onboarding call was really useful. Live chat support is fast and friendly. Reports are flexible and easy to customize.,features:positive;onboarding:positive;support:positive
785,InsightForge,Analytics,2024-08-07,5,Been on InsightForge for 18 months. It's cheaper than the alternatives we looked at. Even our non-technical staff picked it up quickly.,ease_of_use:positive;pricing:positive
786,TaskHarbor,Project Management,2025-07-31,5,Been on TaskHarbor for 18 months. Our IT team handled the rollout. The workload view is snappy. Very frustrating experience.,performance:positive
787,TaskHarbor,Project Management,2025-05-07,2,"Been on TaskHarbor for 18 months. We evaluated it against two competitors. The Slack integration breaks every few weeks. Whenever we got stuck, support had an answer the same day.",integrations:negative;support:positive
788,ClientOrbit,CRM,2024-04-17,2,Been on ClientOrbit for 18 months. Our IT team handled the rollout. The pipeline view is missing basic options. Live chat support is fast and friendly. The pipeline view takes ages to load. Very frustrating experience.,features:negative;performance:negative;support:positive
789,ClientOrbit,CRM,2024-04-30,3,We are a team of 104 people. Pricing is fair for what you get. Everything is where you expect it to be. Syncing with Google Calendar is unreliable.,ease_of_use:positive;integrations:negative;pricing:positive
790,CountWise,Accounting,2025-02-05,5,We've used CountWise for about a year. Zapier support covers everything else we need.,integrations:positive
791,LedgerLeaf,Accounting,2024-09-19,5,Our team switched to LedgerLeaf last spring. Our account manager is responsive and helpful. Overall a great experience.,support:positive
792,HelpHive,Help Desk,2024-03-30,3,Every update seems to break something. Setup was fast and the interface is intuitive. Our account manager disappeared after we signed. Look elsewhere.,ease_of_use:positive;onboarding:positive;reliability:negative;support:negative
793,ChartCove,Analytics,2025-04-24,5,We've used ChartCove for about a year. Never lost any data.,reliability:positive
794,MailMosaic,Email Marketing,2025-02-26,5,We've had basically no downtime. We were up and running in a day. The support team actually solves problems.,onboarding:positive;reliability:positive;support:positive
795,HelpHive,Help Desk,2024-09-29,1,We are a team of 99 people. Importing our old data was a nightmare. Syncing fails silently. Overall a disappointment.,onboarding:negative;reliability:negative
796,SendGarden,Email Marketing,2024-12-31,5,We've used SendGarden for about a year. Connecting our existing tools took minutes.,integrations:positive
797,ChartCove,Analytics,2024-12-26,4,"We are a team of 190 people. Not a single outage in two years. It takes far too many clicks to do simple things. Great features, terrible price.",ease_of_use:negative;features:positive;pricing:negative;reliability:positive
798,TicketTide,Help Desk,2024-12-08,5,We've used TicketTide for about a year. The onboarding call was really useful.,onboarding:positive
799,TicketTide,Help Desk,2024-03-01,4,"The interface is cluttered and confusing. It gets painfully slow with a few thousand records. Whenever we got stuck, support had an answer the same day.",ease_of_use:negative;performance:negative;support:positive
800,DealNest,CRM,2024-11-02,1,The learning curve is steep. Reports time out when the data gets large.,ease_of_use:negative;performance:negative
801,Sprintly Pro,Project Management,2024-05-29,2,We've used Sprintly Pro for about a year. Zapier support covers everything else we need. The app freezes several times a day. Great value for money. Expensive and support is useless.,integrations:positive;performance:negative;pricing:negative;pricing:positive;support:negative
802,MailMosaic,Email Marketing,2024-06-17,5,The automation workflows is snappy. Zapier support covers everything else we need. The automation options are powerful.,features:positive;integrations:positive;performance:positive
803,SendGarden,Email Marketing,2024-06-22,1,The app freezes several times a day. The automation workflows is buggy and loses data occasionally. Very frustrating experience.,performance:negative;reliability:negative
804,ChartCove,Analytics,2024-08-15,3,"Our team switched to ChartCove last spring. Great features, terrible price. The roadmap has been stuck for a year. The custom reports is buggy and loses data occasionally.",features:negative;features:positive;pricing:negative;reliability:negative
805,CountWise,Accounting,2025-02-26,5,Our team switched to CountWise last spring. Never lost any data. Setup was fast and the interface is intuitive. Love it.,ease_of_use:positive;onboarding:positive;reliability:positive
806,PlanBoard,Project Management,2024-03-02,1,We've used PlanBoard for about a year. Customer support rarely fixes anything.,support:negative
807,ClientOrbit,CRM,2025-07-09,4,Been on ClientOrbit for 18 months. The deal tracking alone is worth it. The contact management is not intuitive at all. It costs twice as much as the competitors.,ease_of_use:negative;features:positive;pricing:negative
808,MetricMint,Analytics,2024-03-18,1,We've used MetricMint for about a year. Syncing fails silently. Syncing with Google Calendar is unreliable. The setup documentation is outdated.,integrations:negative;onboarding:negative;reliability:negative
809,ChartCove,Analytics,2025-07-10,5,We are a team of 25 people. It handles our large datasets without slowing down. It has every feature we need. The onboarding call was really useful.,features:positive;onboarding:positive;performance:positive
810,CountWise,Accounting,2025-04-24,5,"It handles our large datasets without slowing down. It just works, every single day. The per-seat price is very reasonable.",performance:positive;pricing:positive;reliability:positive
811,Pipely,CRM,2024-09-02,1,We evaluated it against two competitors. Importing our old data was a nightmare. There's no native integration with our accounting tool. It crashes a lot and support never helps.,integrations:negative;onboarding:negative;reliability:negative;support:negative
812,TaskHarbor,Project Management,2025-01-07,3,"I use it every day. Every update seems to break something. Setup took weeks. It takes far too many clicks to do simple things. Fast, stable and never down. Very frustrating experience.",ease_of_use:negative;onboarding:negative;performance:positive;reliability:negative;reliability:positive
813,SendGarden,Email Marketing,2024-03-29,4,Been on SendGarden for 18 months. Importing our old data was easy. The learning curve is steep. Would not recommend.,ease_of_use:negative;onboarding:positive
814,MailMosaic,Email Marketing,2024-09-15,1,Our team switched to MailMosaic last spring. The interface is cluttered and confusing. Way too expensive for what you get. Search is so slow we stopped using it. Look elsewhere.,ease_of_use:negative;performance:negative;pricing:negative
815,Sprintly Pro,Project Management,2024-06-09,1,Importing our old data was a nightmare. Reporting is very limited. Would not recommend.,features:negative;onboarding:negative
816,MailMosaic,Email Marketing,2025-01-21,3,We've used MailMosaic for about a year. We evaluated it against two competitors. Customer support answers within minutes. Search results come back in a blink. We had several outages during business hours.,performance:positive;reliability:negative;support:positive
817,MailMosaic,Email Marketing,2025-04-15,1,Been on MailMosaic for 18 months. We evaluated it against two competitors. We needed a paid consultant just to get started. Too basic for a growing team. Syncing fails silently.,features:negative;onboarding:negative;reliability:negative
818,TicketTide,Help Desk,2025-06-23,1,Been on TicketTide for 18 months. Half of our team still can't find basic settings. Support kept sending us canned answers.,ease_of_use:negative;support:negative
819,Sprintly Pro,Project Management,2024-05-31,5,"We've used Sprintly Pro for about a year. Whenever we got stuck, support had an answer the same day. Even our non-technical staff picked it up quickly.",ease_of_use:positive;support:positive
820,BookBridge,Accounting,2024-05-21,2,We've used BookBridge for about a year. I use it every day. We had several outages during business hours. It costs twice as much as the competitors. Support went above and beyond to fix our issue.,pricing:negative;reliability:negative;support:positive
821,SupportLoop,Help Desk,2024-07-19,4,The live chat widget is not intuitive at all. Search results come back in a blink. Our account manager is responsive and helpful.,ease_of_use:negative;performance:positive;support:positive
822,HelpHive,Help Desk,2024-11-07,5,We've used HelpHive for about a year. Our IT team handled the rollout. The ticket routing is snappy.,performance:positive
823,BookBridge,Accounting,2024-01-14,1,Our team switched to BookBridge last spring. I use it every day. Key features from the demo still aren't available.,features:negative
824,InsightForge,Analytics,2024-10-05,2,Been on InsightForge for 18 months. We had several outages during business hours. The support team actually solves problems. The roadmap has been stuck for a year.,features:negative;reliability:negative;support:positive
825,TicketTide,Help Desk,2024-11-12,1,Our team switched to TicketTide last spring. We mainly use it for the knowledge base. The Slack integration breaks every few weeks.,integrations:negative
826,CountWise,Accounting,2024-06-04,1,Navigation is a maze. Syncing with Google Calendar is unreliable. Very frustrating experience.,ease_of_use:negative;integrations:negative
827,TaskHarbor,Project Management,2025-08-28,5,Our team switched to TaskHarbor last spring. We evaluated it against two competitors. The time tracking is the best we've seen.,features:positive
828,PlanBoard,Project Management,2025-04-15,1,We've used PlanBoard for about a year. Basic features are locked behind the enterprise plan. Support kept sending us canned answers. Every update seems to break something. Overall a disappointment.,pricing:negative;reliability:negative;support:negative
829,PlanBoard,Project Management,2024-11-15,4,We've used PlanBoard for about a year. We mainly use it for the kanban boards. Navigation is a maze. Connecting our existing tools took minutes. Love it.,ease_of_use:negative;integrations:positive
830,PlanBoard,Project Management,2024-04-25,4,Been on PlanBoard for 18 months. Onboarding was confusing and badly organized. The roadmap has been stuck for a year. Navigation is simple and logical.,ease_of_use:positive;features:negative;onboarding:negative
831,TaskHarbor,Project Management,2025-08-30,5,"Customer support answers within minutes. Fast, stable and never down. Highly recommend.",performance:positive;reliability:positive;support:positive
832,PlanBoard,Project Management,2025-01-03,5,"We migrated from a legacy system. It just works, every single day. The kanban boards alone is worth it. Setup was quick and painless. Would recommend to any growing team.",features:positive;onboarding:positive;reliability:positive
833,MetricMint,Analytics,2025-02-24,1,Been on MetricMint for 18 months. We had several outages during business hours. Basic features are locked behind the enterprise plan.,pricing:negative;reliability:negative
834,MailMosaic,Email Marketing,2025-06-23,2,We've used MailMosaic for about a year. We are a team of 195 people. Reports time out when the data gets large. Support went above and beyond to fix our issue.,performance:negative;support:positive
835,MetricMint,Analytics,2025-03-03,1,Our team switched to MetricMint last spring. Search is so slow we stopped using it. Overall a disappointment.,performance:negative
836,InsightForge,Analytics,2024-04-22,2,"Been on InsightForge for 18 months. We migrated from a legacy system. It takes far too many clicks to do simple things. Cheap, and the support team is lovely.",ease_of_use:negative;pricing:positive;support:positive
837,SendGarden,Email Marketing,2025-06-06,3,Been on SendGarden for 18 months. The API is poorly documented. It's cheaper than the alternatives we looked at. We were up and running in a day.,integrations:negative;onboarding:positive;pricing:positive
838,InboxRocket,Email Marketing,2024-08-30,1,Been on InboxRocket for 18 months. Syncing fails silently.,reliability:negative
839,DealNest,CRM,2025-09-16,5,We migrated from a legacy system. The support team actually solves problems.,support:positive
840,DealNest,CRM,2024-12-04,5,Been on DealNest for 18 months. We migrated from a legacy system. Pages load instantly.,performance:positive
841,LedgerLeaf,Accounting,2024-08-12,5,We've used LedgerLeaf for about a year. Our IT team handled the rollout. The support team actually solves problems. Navigation is simple and logical. Great value for money. Would recommend to any growing team.,ease_of_use:positive;pricing:positive;support:positive
842,TicketTide,Help Desk,2024-09-22,1,Our team switched to TicketTide last spring. Most of our team works remotely. We needed a paid consultant just to get started. Look elsewhere.,onboarding:negative
843,PlanBoard,Project Management,2024-09-03,5,"It integrates smoothly with Slack and Google Workspace. It's fast, even with thousands of records. Would recommend to any growing team.",integrations:positive;performance:positive
844,SendGarden,Email Marketing,2024-03-28,1,We've used SendGarden for about a year. We mainly use it for the A/B testing. Syncing fails silently.,reliability:negative
845,ClientOrbit,CRM,2024-06-13,5,Been on ClientOrbit for 18 months. It handles our large datasets without slowing down. We saved money by replacing two tools with it.,performance:positive;pricing:positive
846,InsightForge,Analytics,2025-09-24,2,Been on InsightForge for 18 months. I use it every day. Basic features are locked behind the enterprise plan. The Salesforce integration works out of the box. The setup documentation is outdated. Look elsewhere.,integrations:positive;onboarding:negative;pricing:negative
847,InsightForge,Analytics,2025-07-19,3,Our team switched to InsightForge last spring. We mainly use it for the custom reports. Our account manager is responsive and helpful. Way too expensive for what you get.,pricing:negative;support:positive
848,ClientOrbit,CRM,2024-08-14,4,Setup was quick and painless. Our account manager disappeared after we signed. Love it.,onboarding:positive;support:negative
849,CountWise,Accounting,2025-09-01,2,Our team switched to CountWise last spring. We mainly use it for the invoicing. The invoicing is the best we've seen. The app freezes several times a day.,features:positive;performance:negative
850,InsightForge,Analytics,2025-04-03,5,Our team switched to InsightForge last spring. We mainly use it for the dashboards. Our account manager is responsive and helpful. Setup was quick and painless. The free plan is generous.,onboarding:positive;pricing:positive;support:positive
851,TaskHarbor,Project Management,2024-09-16,5,Live chat support is fast and friendly. Love it.,support:positive
852,MailMosaic,Email Marketing,2024-03-13,2,Been on MailMosaic for 18 months. It crashes a lot and support never helps. The onboarding call was really useful. The email editor is snappy. Pricing is fair for what you get.,onboarding:positive;performance:positive;pricing:positive;reliability:negative;support:negative
853,LedgerLeaf,Accounting,2025-07-15,5,Our team switched to LedgerLeaf last spring. Our IT team handled the rollout. Zapier support covers everything else we need.,integrations:positive
854,TaskHarbor,Project Management,2025-06-29,1,Been on TaskHarbor for 18 months. The setup documentation is outdated. The API is poorly documented. Overall a disappointment.,integrations:negative;onboarding:negative
855,DealNest,CRM,2024-02-16,5,The API is well designed. We were up and running in a day. Navigation is simple and logical. Overall a great experience.,ease_of_use:positive;integrations:positive;onboarding:positive
856,InboxRocket,Email Marketing,2025-07-07,2,Our team switched to InboxRocket last spring. We are a team of 194 people. Pricing is fair for what you get. The interface is clean and easy to learn. Reporting is very limited.,ease_of_use:positive;features:negative;pricing:positive
857,InsightForge,Analytics,2025-09-11,5,The funnel analysis is intuitive. The dashboards is snappy. Highly recommend.,ease_of_use:positive;performance:positive
858,SupportLoop,Help Desk,2024-11-26,1,Been on SupportLoop for 18 months. Every update seems to break something. Would not recommend.,reliability:negative
859,SendGarden,Email Marketing,2024-06-17,5,Been on SendGarden for 18 months. The Salesforce integration works out of the box. It's cheaper than the alternatives we looked at. It handles our large datasets without slowing down. Overall a great experience.,integrations:positive;performance:positive;pricing:positive
860,HelpHive,Help Desk,2024-06-15,1,Too basic for a growing team.,features:negative
861,TaskHarbor,Project Management,2024-03-29,2,New features ship regularly. Setup took weeks.,features:positive;onboarding:negative
862,MailMosaic,Email Marketing,2024-01-21,3,I use it every day. The roadmap has been stuck for a year. It crashes a lot and support never helps. Basic features are locked behind the enterprise plan. The API is well designed. Very frustrating experience.,features:negative;integrations:positive;pricing:negative;reliability:negative;support:negative
863,TaskHarbor,Project Management,2024-05-08,1,The mobile app crashes constantly. Would not recommend.,reliability:negative
864,TaskHarbor,Project Management,2024-09-16,2,"Our team switched to TaskHarbor last spring. It just works, every single day. Expensive and support is useless. Everything is where you expect it to be.",ease_of_use:positive;pricing:negative;reliability:positive;support:negative
865,LedgerLeaf,Accounting,2024-11-03,5,Our team switched to LedgerLeaf last spring. We migrated from a legacy system. Connecting our existing tools took minutes. Highly recommend.,integrations:positive
866,ChartCove,Analytics,2024-03-12,2,Been on ChartCove for 18 months. It crashes a lot and support never helps. Everything is where you expect it to be.,ease_of_use:positive;reliability:negative;support:negative
867,TicketTide,Help Desk,2024-01-22,4,Data syncs reliably. Too basic for a growing team. It takes far too many clicks to do simple things. Look elsewhere.,ease_of_use:negative;features:negative;reliability:positive
868,Pipely,CRM,2025-01-24,1,Been on Pipely for 18 months. Search is so slow we stopped using it.,performance:negative
869,Pipely,CRM,2024-08-12,1,We've used Pipely for about a year. Syncing with Google Calendar is unreliable. Love it.,integrations:negative
870,HelpHive,Help Desk,2024-06-12,5,Our team switched to HelpHive last spring. The per-seat price is very reasonable.,pricing:positive
871,LedgerLeaf,Accounting,2025-05-24,4,"Our team switched to LedgerLeaf last spring. We needed a paid consultant just to get started. Great features, terrible price. The expense tracking is missing basic options. Very frustrating experience.",features:negative;features:positive;onboarding:negative;pricing:negative
872,DealNest,CRM,2024-01-29,5,Our team switched to DealNest last spring. We saved money by replacing two tools with it. Connecting our existing tools took minutes. We were up and running in a day.,integrations:positive;onboarding:positive;pricing:positive
873,MetricMint,Analytics,2024-07-27,4,Live chat support is fast and friendly. Hidden fees showed up on our second invoice. It has every feature we need. Would recommend to any growing team.,features:positive;pricing:negative;support:positive
874,PlanBoard,Project Management,2024-04-30,5,"Our team switched to PlanBoard last spring. Cheap, and the support team is lovely. We are a team of 74 people. The free plan is generous. Pages load instantly. We were up and running in a day.",onboarding:positive;performance:positive;pricing:positive;support:positive
875,Pipely,CRM,2025-04-20,5,Been on Pipely for 18 months. We mainly use it for the contact management. Our account manager is responsive and helpful. Pricing is fair for what you get.,pricing:positive;support:positive
876,SendGarden,Email Marketing,2024-05-27,2,The A/B testing is intuitive. Onboarding was confusing and badly organized. The Salesforce integration works out of the box.,ease_of_use:positive;integrations:positive;onboarding:negative
877,ClientOrbit,CRM,2024-01-28,1,The email sync takes ages to load. The setup documentation is outdated.,onboarding:negative;performance:negative
878,TicketTide,Help Desk,2024-04-26,3,We've used TicketTide for about a year. Even our non-technical staff picked it up quickly. Our account manager disappeared after we signed.,ease_of_use:positive;support:negative
879,Sprintly Pro,Project Management,2025-07-18,5,We evaluated it against two competitors. Zapier support covers everything else we need.,integrations:positive
880,LedgerLeaf,Accounting,2025-02-23,4,"We've used LedgerLeaf for about a year. Most of our team works remotely. There's no native integration with our accounting tool. Fast, stable and never down. The learning curve is steep. Hidden fees showed up on our second invoice. Very frustrating experience.",ease_of_use:negative;integrations:negative;performance:positive;pricing:negative;reliability:positive
881,MailMosaic,Email Marketing,2024-10-06,2,Been on MailMosaic for 18 months. Not a single outage in two years. The roadmap has been stuck for a year.,features:negative;reliability:positive
882,SendGarden,Email Marketing,2024-11-30,5,We've used SendGarden for about a year. The support team actually solves problems. We were up and running in a day. Zapier support covers everything else we need.,integrations:positive;onboarding:positive;support:positive
883,Pipely,CRM,2025-03-06,1,Our team switched to Pipely last spring. Reports time out when the data gets large. Would not recommend.,performance:negative
884,SendGarden,Email Marketing,2025-01-04,5,Been on SendGarden for 18 months. We evaluated it against two competitors. The interface is clean and easy to learn. The automation workflows is the best we've seen. Would recommend to any growing team.,ease_of_use:positive;features:positive
885,MetricMint,Analytics,2025-01-06,4,Our team switched to MetricMint last spring. They raised the price by 40% with almost no notice. It has every feature we need. The interface is clean and easy to learn.,features:positive;pricing:negative
886,InboxRocket,Email Marketing,2024-05-18,1,Our team switched to InboxRocket last spring. Our IT team handled the rollout. Hidden fees showed up on our second invoice. The mobile app crashes constantly. The email editor is not intuitive at all.,ease_of_use:negative;pricing:negative;reliability:negative
887,SendGarden,Email Marketing,2024-03-09,1,Been on SendGarden for 18 months. Basic features are locked behind the enterprise plan.,pricing:negative
888,SendGarden,Email Marketing,2025-02-01,5,"I use it every day. Whenever we got stuck, support had an answer the same day. Overall a disappointment.",support:positive
889,SupportLoop,Help Desk,2024-05-22,5,We've used SupportLoop for about a year. Data syncs reliably. Setup was fast and the interface is intuitive.,ease_of_use:positive;onboarding:positive;reliability:positive
890,DealNest,CRM,2024-12-06,1,Been on DealNest for 18 months. Reporting is very limited.,features:negative
891,CountWise,Accounting,2024-10-02,1,We've used CountWise for about a year. There is no way to customize the bank reconciliation. The Slack integration breaks every few weeks.,features:negative;integrations:negative
892,ClientOrbit,CRM,2024-12-24,1,We've used ClientOrbit for about a year. I use it every day. Too basic for a growing team. Search is so slow we stopped using it.,features:negative;performance:negative
893,BookBridge,Accounting,2024-01-27,4,We've used BookBridge for about a year. We evaluated it against two competitors. It costs twice as much as the competitors. The learning curve is steep. Never lost any data.,ease_of_use:negative;pricing:negative;reliability:positive
894,HelpHive,Help Desk,2025-09-05,1,Been on HelpHive for 18 months. I use it every day. It takes far too many clicks to do simple things. Every update seems to break something. There is no way to customize the live chat widget.,ease_of_use:negative;features:negative
895,ClientOrbit,CRM,2025-08-03,4,We migrated from a legacy system. Reporting is very limited. The email sync takes ages to load. Never lost any data.,features:negative;performance:negative;reliability:positive
896,BookBridge,Accounting,2025-04-07,1,Our team switched to BookBridge last spring. They raised the price by 40% with almost no notice. The app freezes several times a day. Very frustrating experience.,performance:negative;pricing:negative
897,HelpHive,Help Desk,2024-02-23,3,We've used HelpHive for about a year. It handles our large datasets without slowing down. The live chat widget alone is worth it. We needed a paid consultant just to get started. Would recommend to any growing team.,features:positive;onboarding:negative;performance:positive
898,ClientOrbit,CRM,2024-03-19,1,We've used ClientOrbit for about a year. We migrated from a legacy system. Our account manager disappeared after we signed.,support:negative
899,PlanBoard,Project Management,2024-07-30,5,Our team switched to PlanBoard last spring. The time tracking is the best we've seen.,features:positive
900,TicketTide,Help Desk,2025-02-04,2,Been on TicketTide for 18 months. It's cheaper than the alternatives we looked at. Onboarding was confusing and badly organized.,onboarding:negative;pricing:positive
901,TaskHarbor,Project Management,2025-08-28,5,We've used TaskHarbor for about a year. I use it every day. The Salesforce integration works out of the box. Would recommend to any growing team.,integrations:positive
902,TicketTide,Help Desk,2024-08-24,4,Been on TicketTide for 18 months. Setup was fast and the interface is intuitive. We mainly use it for the live chat widget. Reports time out when the data gets large.,ease_of_use:positive;onboarding:positive;performance:negative
903,SupportLoop,Help Desk,2025-01-01,5,Our team switched to SupportLoop last spring. The onboarding call was really useful. Very frustrating experience.,onboarding:positive
904,InboxRocket,Email Marketing,2025-04-10,1,Been on InboxRocket for 18 months. We evaluated it against two competitors. The per-seat pricing gets painful as you grow.,pricing:negative
905,SupportLoop,Help Desk,2024-06-06,2,Been on SupportLoop for 18 months. Not a single outage in two years. Setup took weeks.,onboarding:negative;reliability:positive
906,BookBridge,Accounting,2024-11-30,1,We've used BookBridge for about a year. I use it every day. Way too expensive for what you get.,pricing:negative
907,DealNest,CRM,2024-03-05,3,"We've used DealNest for about a year. The setup documentation is outdated. Easy to use, but it gets slow with big projects. Even our non-technical staff picked it up quickly. Reporting is very limited.",ease_of_use:positive;features:negative;onboarding:negative;performance:negative
908,ChartCove,Analytics,2024-06-05,3,"Syncing fails silently. Onboarding was confusing and badly organized. Cheap, and the support team is lovely. Overall a disappointment.",onboarding:negative;pricing:positive;reliability:negative;support:positive
909,PlanBoard,Project Management,2025-08-22,5,Most of our team works remotely. The API is well designed. Even our non-technical staff picked it up quickly. Pages load instantly.,ease_of_use:positive;integrations:positive;performance:positive
910,ChartCove,Analytics,2024-06-04,5,We mainly use it for the dashboards. It integrates smoothly with Slack and Google Workspace.,integrations:positive
911,BookBridge,Accounting,2025-08-19,5,Zapier support covers everything else we need. Love it.,integrations:positive
912,Sprintly Pro,Project Management,2024-09-30,5,We've used Sprintly Pro for about a year. Most of our team works remotely. Navigation is simple and logical.,ease_of_use:positive
913,TicketTide,Help Desk,2024-09-17,5,Pricing is fair for what you get. Would recommend to any growing team.,pricing:positive
914,InboxRocket,Email Marketing,2024-12-20,3,"Our IT team handled the rollout. Too basic for a growing team. Cheap, and the support team is lovely. The mobile app crashes constantly. We needed a paid consultant just to get started.",features:negative;onboarding:negative;pricing:positive;support:positive
915,MailMosaic,Email Marketing,2025-06-25,1,We mainly use it for the segmentation. Onboarding was confusing and badly organized. Look elsewhere.,onboarding:negative
916,Sprintly Pro,Project Management,2025-08-05,2,"We've used Sprintly Pro for about a year. Rate limits on the API are far too strict. Cheap, and the support team is lovely. Search is so slow we stopped using it. Customer support answers within minutes. Very frustrating experience.",integrations:negative;performance:negative;pricing:positive;support:positive
917,SendGarden,Email Marketing,2024-06-10,5,We've used SendGarden for about a year. Importing our old data was easy.,onboarding:positive
918,HelpHive,Help Desk,2024-05-21,1,The learning curve is steep. Support kept sending us canned answers.,ease_of_use:negative;support:negative
919,MetricMint,Analytics,2024-09-13,1,I use it every day. Not worth the money.,pricing:negative
920,MetricMint,Analytics,2024-06-15,5,We've used MetricMint for about a year. Never lost any data. Love it.,reliability:positive
921,Sprintly Pro,Project Management,2025-07-21,5,Been on Sprintly Pro for 18 months. We mainly use it for the time tracking. The interface is clean and easy to learn.,ease_of_use:positive
922,BookBridge,Accounting,2025-04-10,2,We've used BookBridge for about a year. Our IT team handled the rollout. The onboarding guides were clear. Pricing is fair for what you get. Support kept sending us canned answers.,onboarding:positive;pricing:positive;support:negative
923,InsightForge,Analytics,2025-02-20,5,"Been on InsightForge for 18 months. It's fast, even with thousands of records. The dashboards is the best we've seen.",features:positive;performance:positive
924,ChartCove,Analytics,2025-09-15,5,Been on ChartCove for 18 months. We mainly use it for the funnel analysis. Live chat support is fast and friendly. New features ship regularly.,features:positive;support:positive
925,Sprintly Pro,Project Management,2024-02-11,5,Our team switched to Sprintly Pro last spring. We mainly use it for the workload view. Everything is where you expect it to be. Love it.,ease_of_use:positive
926,MailMosaic,Email Marketing,2025-08-10,4,"Been on MailMosaic for 18 months. Whenever we got stuck, support had an answer the same day. Half of our team still can't find basic settings.",ease_of_use:negative;support:positive
927,Sprintly Pro,Project Management,2025-06-25,4,Our team switched to Sprintly Pro last spring. Support takes days to reply. Expensive and support is useless. Basic features are locked behind the enterprise plan. It has every feature we need. Look elsewhere.,features:positive;pricing:negative;support:negative
928,BookBridge,Accounting,2024-06-10,3,Our team switched to BookBridge last spring. Setup was fast and the interface is intuitive. We migrated from a legacy system. The API is well designed. The tax reports takes ages to load.,ease_of_use:positive;integrations:positive;onboarding:positive;performance:negative
929,LedgerLeaf,Accounting,2025-01-13,5,It integrates smoothly with Slack and Google Workspace. Customer support answers within minutes. Highly recommend.,integrations:positive;support:positive
930,MetricMint,Analytics,2025-05-21,5,"Our team switched to MetricMint last spring. It's fast, even with thousands of records. The interface is clean and easy to learn. The Salesforce integration works out of the box. Love it.",ease_of_use:positive;integrations:positive;performance:positive
931,SupportLoop,Help Desk,2024-12-08,5,The onboarding guides were clear. Search results come back in a blink. Highly recommend.,onboarding:positive;performance:positive
932,Sprintly Pro,Project Management,2025-04-17,5,"We've used Sprintly Pro for about a year. It integrates smoothly with Slack and Google Workspace. Great value for money. It just works, every single day.",integrations:positive;pricing:positive;reliability:positive
933,InsightForge,Analytics,2025-03-10,3,We've used InsightForge for about a year. The free plan is generous. Search is so slow we stopped using it. Highly recommend.,performance:negative;pricing:positive
934,DealNest,CRM,2025-03-03,1,Our team switched to DealNest last spring. We migrated from a legacy system. Support kept sending us canned answers. It costs twice as much as the competitors.,pricing:negative;support:negative
935,SupportLoop,Help Desk,2024-05-04,4,We've used SupportLoop for about a year. Reports are flexible and easy to customize. It gets painfully slow with a few thousand records.,features:positive;performance:negative
936,ChartCove,Analytics,2025-09-17,2,"Been on ChartCove for 18 months. Most of our team works remotely. The dashboards is snappy. The funnel analysis alone is worth it. We've had basically no downtime. Great features, terrible price. Highly recommend.",features:positive;performance:positive;pricing:negative;reliability:positive
937,DealNest,CRM,2024-01-22,1,Been on DealNest for 18 months. There's no native integration with our accounting tool.,integrations:negative
938,HelpHive,Help Desk,2025-07-25,3,Been on HelpHive for 18 months. We migrated from a legacy system. We saved money by replacing two tools with it. There's no native integration with our accounting tool. The roadmap has been stuck for a year.,features:negative;integrations:negative;pricing:positive
939,BookBridge,Accounting,2025-08-05,5,We've used BookBridge for about a year. The bank reconciliation is the best we've seen.,features:positive
940,SupportLoop,Help Desk,2024-09-21,2,We've used SupportLoop for about a year. I use it every day. Every update seems to break something. It gets painfully slow with a few thousand records. The support team actually solves problems.,performance:negative;reliability:negative;support:positive
941,LedgerLeaf,Accounting,2025-09-21,5,"Everything is where you expect it to be. Importing our old data was easy. Cheap, and the support team is lovely.",ease_of_use:positive;onboarding:positive;pricing:positive;support:positive
942,CountWise,Accounting,2024-10-05,1,It gets painfully slow with a few thousand records.,performance:negative
943,ClientOrbit,CRM,2025-04-18,1,Been on ClientOrbit for 18 months. We migrated from a legacy system. The per-seat pricing gets painful as you grow. Customer support rarely fixes anything. The Slack integration breaks every few weeks.,integrations:negative;pricing:negative;support:negative
944,CountWise,Accounting,2024-07-15,5,It has every feature we need.,features:positive
945,HelpHive,Help Desk,2025-06-20,4,Our team switched to HelpHive last spring. We mainly use it for the ticket routing. It handles our large datasets without slowing down. The setup documentation is outdated. Very frustrating experience.,onboarding:negative;performance:positive
946,TaskHarbor,Project Management,2025-08-27,1,Half of our team still can't find basic settings. Customer support rarely fixes anything. Very frustrating experience.,ease_of_use:negative;support:negative
947,SendGarden,Email Marketing,2024-10-22,5,Our team switched to SendGarden last spring. We mainly use it for the A/B testing. Connecting our existing tools took minutes.,integrations:positive
948,PlanBoard,Project Management,2024-06-07,3,Our team switched to PlanBoard last spring. Rate limits on the API are far too strict. Key features from the demo still aren't available. The workload view is snappy.,features:negative;integrations:negative;performance:positive
949,CountWise,Accounting,2024-07-06,3,The onboarding call was really useful. Great value for money. The invoicing is buggy and loses data occasionally.,onboarding:positive;pricing:positive;reliability:negative
950,InboxRocket,Email Marketing,2024-02-08,2,Our team switched to InboxRocket last spring. Importing our old data was a nightmare. It integrates smoothly with Slack and Google Workspace. Support kept sending us canned answers.,integrations:positive;onboarding:negative;support:negative
951,InsightForge,Analytics,2025-02-05,4,Our team switched to InsightForge last spring. It gets painfully slow with a few thousand records. We waited two weeks for a reply to a critical ticket. We've had basically no downtime.,performance:negative;reliability:positive;support:negative
952,SendGarden,Email Marketing,2024-12-15,3,Been on SendGarden for 18 months. Reports time out when the data gets large. We saved money by replacing two tools with it.,performance:negative;pricing:positive
953,SendGarden,Email Marketing,2024-11-23,5,Been on SendGarden for 18 months. We migrated from a legacy system. The support team actually solves problems. Navigation is simple and logical. Overall a great experience.,ease_of_use:positive;support:positive
954,MetricMint,Analytics,2024-03-22,5,Been on MetricMint for 18 months. Our IT team handled the rollout. The data connectors is intuitive.,ease_of_use:positive
955,Sprintly Pro,Project Management,2025-07-03,4,We've used Sprintly Pro for about a year. We mainly use it for the workload view. The API is poorly documented. The time tracking alone is worth it. The workload view takes ages to load.,features:positive;integrations:negative;performance:negative
956,MailMosaic,Email Marketing,2024-08-31,3,Been on MailMosaic for 18 months. The automation workflows takes ages to load. The API is great but the pricing tiers are confusing and steep.,integrations:positive;performance:negative;pricing:negative
957,TaskHarbor,Project Management,2025-06-16,4,We've used TaskHarbor for about a year. Our account manager is responsive and helpful. Reports are flexible and easy to customize. The workload view is buggy and loses data occasionally.,features:positive;reliability:negative;support:positive
958,InboxRocket,Email Marketing,2024-06-03,1,Our team switched to InboxRocket last spring. The A/B testing takes ages to load. Overall a disappointment.,performance:negative
959,InsightForge,Analytics,2024-08-24,1,Our team switched to InsightForge last spring. We mainly use it for the funnel analysis. The API is poorly documented. Hidden fees showed up on our second invoice. Navigation is a maze.,ease_of_use:negative;integrations:negative;pricing:negative
960,MetricMint,Analytics,2025-03-06,5,We've used MetricMint for about a year. Our account manager is responsive and helpful. We've had basically no downtime. Would recommend to any growing team.,reliability:positive;support:positive
961,CountWise,Accounting,2025-08-10,5,Our team switched to CountWise last spring. Everything is where you expect it to be.,ease_of_use:positive
962,InsightForge,Analytics,2024-01-01,1,Been on InsightForge for 18 months. Support kept sending us canned answers.,support:negative
963,DealNest,CRM,2024-05-25,1,Been on DealNest for 18 months. It gets painfully slow with a few thousand records. The email sync is not intuitive at all. Reporting is very limited.,ease_of_use:negative;features:negative;performance:negative
964,SendGarden,Email Marketing,2024-04-25,5,Our team switched to SendGarden last spring. The free plan is generous.,pricing:positive
965,ChartCove,Analytics,2025-03-29,1,We've used ChartCove for about a year. Customer support rarely fixes anything.,support:negative
966,TicketTide,Help Desk,2024-06-23,1,Our team switched to TicketTide last spring. Syncing with Google Calendar is unreliable.,integrations:negative
967,TicketTide,Help Desk,2024-04-20,2,Been on TicketTide for 18 months. Connecting our existing tools took minutes. Not a single outage in two years. The ticket routing takes ages to load.,integrations:positive;performance:negative;reliability:positive
968,TicketTide,Help Desk,2024-12-30,5,Our team switched to TicketTide last spring. Importing our old data was easy. It integrates smoothly with Slack and Google Workspace.,integrations:positive;onboarding:positive
969,SupportLoop,Help Desk,2024-11-12,5,We've used SupportLoop for about a year. The shared inbox is snappy. It integrates smoothly with Slack and Google Workspace.,integrations:positive;performance:positive
970,MetricMint,Analytics,2025-04-07,1,We've used MetricMint for about a year. Too basic for a growing team. Rate limits on the API are far too strict. Look elsewhere.,features:negative;integrations:negative
971,InsightForge,Analytics,2024-10-22,3,We are a team of 251 people. It costs twice as much as the competitors. Support went above and beyond to fix our issue. We've had basically no downtime.,pricing:negative;reliability:positive;support:positive
972,HelpHive,Help Desk,2024-03-25,1,Too basic for a growing team. Importing our old data was a nightmare. Syncing with Google Calendar is unreliable.,features:negative;integrations:negative;onboarding:negative
973,PlanBoard,Project Management,2024-04-25,2,Never lost any data. Key features from the demo still aren't available. The interface is clean and easy to learn.,ease_of_use:positive;features:negative;reliability:positive
974,PlanBoard,Project Management,2025-05-15,1,Our team switched to PlanBoard last spring. Navigation is a maze.,ease_of_use:negative
975,SendGarden,Email Marketing,2025-07-30,5,We've used SendGarden for about a year. The onboarding guides were clear.,onboarding:positive
976,PlanBoard,Project Management,2024-04-20,5,Our team switched to PlanBoard last spring. It's cheaper than the alternatives we looked at.,pricing:positive
977,MailMosaic,Email Marketing,2024-03-05,3,The interface is clean and easy to learn. Support kept sending us canned answers. Overall a disappointment.,ease_of_use:positive;support:negative
978,DealNest,CRM,2024-08-20,3,Our IT team handled the rollout. Even our non-technical staff picked it up quickly. It costs twice as much as the competitors. Look elsewhere.,ease_of_use:positive;pricing:negative
979,InboxRocket,Email Marketing,2024-05-02,5,The A/B testing alone is worth it. Love it.,features:positive
980,InsightForge,Analytics,2024-11-18,3,Navigation is simple and logical. Expensive and support is useless.,ease_of_use:positive;pricing:negative;support:negative
981,HelpHive,Help Desk,2024-07-14,4,We saved money by replacing two tools with it. We needed a paid consultant just to get started.,onboarding:negative;pricing:positive
982,LedgerLeaf,Accounting,2024-10-30,3,We've used LedgerLeaf for about a year. Our IT team handled the rollout. Not worth the money. The API is poorly documented. Not a single outage in two years. Love it.,integrations:negative;pricing:negative;reliability:positive
983,LedgerLeaf,Accounting,2025-02-17,3,The onboarding call was really useful. It has every feature we need. It crashes a lot and support never helps.,features:positive;onboarding:positive;reliability:negative;support:negative
984,Sprintly Pro,Project Management,2024-07-16,1,Been on Sprintly Pro for 18 months. Most of our team works remotely. The roadmap has been stuck for a year. Would not recommend.,features:negative
985,SendGarden,Email Marketing,2024-07-08,4,"Our team switched to SendGarden last spring. Cheap, and the support team is lovely. I use it every day. The roadmap has been stuck for a year. Overall a disappointment.",features:negative;pricing:positive;support:positive
986,Pipely,CRM,2024-04-07,5,Pricing is fair for what you get.,pricing:positive
987,CountWise,Accounting,2024-07-08,5,"Our team switched to CountWise last spring. I use it every day. Whenever we got stuck, support had an answer the same day.",support:positive
988,ChartCove,Analytics,2024-11-11,5,Been on ChartCove for 18 months. Navigation is simple and logical.,ease_of_use:positive
989,MetricMint,Analytics,2024-02-07,1,Our team switched to MetricMint last spring. I use it every day. Importing our old data was a nightmare. It takes far too many clicks to do simple things. Hidden fees showed up on our second invoice. Look elsewhere.,ease_of_use:negative;onboarding:negative
990,ClientOrbit,CRM,2024-11-03,3,We've used ClientOrbit for about a year. Support went above and beyond to fix our issue. The API is poorly documented.,integrations:negative;support:positive
991,HelpHive,Help Desk,2025-07-25,1,Been on HelpHive for 18 months. The app freezes several times a day. Hidden fees showed up on our second invoice. Overall a disappointment.,performance:negative;pricing:negative
992,BookBridge,Accounting,2025-06-26,1,Our team switched to BookBridge last spring. It crashes a lot and support never helps. There is no phone support at all.,reliability:negative;support:negative
993,InboxRocket,Email Marketing,2025-04-01,2,Our team switched to InboxRocket last spring. The onboarding guides were clear. Our account manager disappeared after we signed. Way too expensive for what you get. Look elsewhere.,onboarding:positive;pricing:negative;support:negative
994,Pipely,CRM,2025-07-05,2,We are a team of 258 people. The contact management is buggy and loses data occasionally. We saved money by replacing two tools with it. Would recommend to any growing team.,pricing:positive;reliability:negative
995,ChartCove,Analytics,2024-12-31,4,"We've used ChartCove for about a year. Most of our team works remotely. The API is poorly documented. Support takes days to reply. The learning curve is steep. Easy to use, but it gets slow with big projects.",ease_of_use:negative;ease_of_use:positive;integrations:negative;performance:negative;support:negative
996,ChartCove,Analytics,2024-02-05,3,We've used ChartCove for about a year. The Salesforce integration works out of the box. There is no phone support at all.,integrations:positive;support:negative
997,HelpHive,Help Desk,2024-06-04,1,Every update seems to break something. Love it.,reliability:negative
998,CountWise,Accounting,2025-01-16,1,We waited two weeks for a reply to a critical ticket. Look elsewhere.,support:negative
999,ClientOrbit,CRM,2024-09-25,3,"Been on ClientOrbit for 18 months. Basic features are locked behind the enterprise plan. It just works, every single day.",pricing:negative;reliability:positive
1000,PlanBoard,Project Management,2024-03-21,3,Our team switched to PlanBoard last spring. We are a team of 257 people. Connecting our existing tools took minutes. Half of our team still can't find basic settings.,ease_of_use:negative;integrations:positive
1001,DealNest,CRM,2024-05-26,3,"Our team switched to DealNest last spring. Fast, stable and never down. The learning curve is steep. Importing our old data was easy.",ease_of_use:negative;onboarding:positive;performance:positive;reliability:positive
1002,TicketTide,Help Desk,2024-07-20,2,We've used TicketTide for about a year. Reports time out when the data gets large. New features ship regularly.,features:positive;performance:negative
1003,MailMosaic,Email Marketing,2024-07-01,5,We are a team of 29 people. Not a single outage in two years. The onboarding call was really useful.,onboarding:positive;reliability:positive
1004,MetricMint,Analytics,2025-06-01,1,Our team switched to MetricMint last spring. Our IT team handled the rollout. We needed a paid consultant just to get started.,onboarding:negative
1005,CountWise,Accounting,2024-02-15,4,We've used CountWise for about a year. I use it every day. The invoicing takes ages to load. Zapier support covers everything else we need. Very frustrating experience.,integrations:positive;performance:negative
1006,Pipely,CRM,2025-01-25,3,There is no phone support at all. The learning curve is steep. Search results come back in a blink.,ease_of_use:negative;performance:positive;support:negative
1007,LedgerLeaf,Accounting,2025-04-02,5,Been on LedgerLeaf for 18 months. Search results come back in a blink. Even our non-technical staff picked it up quickly. Would recommend to any growing team.,ease_of_use:positive;performance:positive
1008,SendGarden,Email Marketing,2024-10-18,1,The app freezes several times a day.,performance:negative
1009,ClientOrbit,CRM,2024-11-21,1,Setup took weeks. They raised the price by 40% with almost no notice. The deal tracking takes ages to load. Overall a disappointment.,onboarding:negative;performance:negative;pricing:negative
1010,DealNest,CRM,2025-08-26,1,Been on DealNest for 18 months. The app freezes several times a day.,performance:negative
1011,InboxRocket,Email Marketing,2024-05-23,3,We've used InboxRocket for about a year. The API is great but the pricing tiers are confusing and steep. We mainly use it for the automation workflows. Reports time out when the data gets large. Onboarding was confusing and badly organized. Would not recommend.,integrations:positive;onboarding:negative;performance:negative;pricing:negative
1012,HelpHive,Help Desk,2024-02-13,4,"Been on HelpHive for 18 months. Customer support rarely fixes anything. Not cheap, but worth every cent. Setup was fast and the interface is intuitive.",ease_of_use:positive;onboarding:positive;pricing:positive;support:negative
1013,HelpHive,Help Desk,2025-03-04,5,We migrated from a legacy system. Not a single outage in two years.,reliability:positive
1014,CountWise,Accounting,2024-08-17,2,The mobile app crashes constantly. Even our non-technical staff picked it up quickly. Love it.,ease_of_use:positive;reliability:negative
1015,Sprintly Pro,Project Management,2025-04-18,3,Our team switched to Sprintly Pro last spring. Most of our team works remotely. It costs twice as much as the competitors. The automation options are powerful. Half of our team still can't find basic settings.,ease_of_use:negative;features:positive;pricing:negative
1016,LedgerLeaf,Accounting,2024-08-14,4,We've used LedgerLeaf for about a year. Too basic for a growing team. The setup documentation is outdated. The app freezes several times a day. Setup was fast and the interface is intuitive.,ease_of_use:positive;features:negative;onboarding:negative;onboarding:positive;performance:negative
1017,DealNest,CRM,2024-03-31,1,Support kept sending us canned answers. The app freezes several times a day.,performance:negative;support:negative
1018,ChartCove,Analytics,2024-08-06,4,"We've used ChartCove for about a year. It just works, every single day. We waited two weeks for a reply to a critical ticket. Basic features are locked behind the enterprise plan.",pricing:negative;reliability:positive;support:negative
1019,BookBridge,Accounting,2024-04-27,5,Been on BookBridge for 18 months. Reports are flexible and easy to customize.,features:positive
1020,Sprintly Pro,Project Management,2024-12-27,1,They raised the price by 40% with almost no notice. Rate limits on the API are far too strict.,integrations:negative;pricing:negative
1021,DealNest,CRM,2025-06-10,4,We've used DealNest for about a year. The API is great but the pricing tiers are confusing and steep. Most of our team works remotely. It's cheaper than the alternatives we looked at.,integrations:positive;pricing:negative;pricing:positive
1022,InboxRocket,Email Marketing,2024-11-27,5,Our team switched to InboxRocket last spring. Live chat support is fast and friendly.,support:positive
1023,InsightForge,Analytics,2025-04-05,5,We've used InsightForge for about a year. Support went above and beyond to fix our issue. Great value for money. Overall a great experience.,pricing:positive;support:positive
1024,Pipely,CRM,2025-01-13,4,Support takes days to reply. Even our non-technical staff picked it up quickly.,ease_of_use:positive;support:negative
1025,ClientOrbit,CRM,2024-07-26,5,We evaluated it against two competitors. Even our non-technical staff picked it up quickly. Love it.,ease_of_use:positive
1026,Pipely,CRM,2025-02-16,1,Syncing with Google Calendar is unreliable. There is no way to customize the email sync. Look elsewhere.,features:negative;integrations:negative
1027,SendGarden,Email Marketing,2024-02-01,4,Too basic for a growing team. The Salesforce integration works out of the box. Love it.,features:negative;integrations:positive
1028,CountWise,Accounting,2025-03-27,1,Our team switched to CountWise last spring. Not worth the money. Overall a disappointment.,pricing:negative
1029,TaskHarbor,Project Management,2025-07-09,1,The mobile app crashes constantly. The interface is cluttered and confusing. They raised the price by 40% with almost no notice. Overall a disappointment.,ease_of_use:negative;pricing:negative;reliability:negative
1030,DealNest,CRM,2025-07-12,5,Connecting our existing tools took minutes.,integrations:positive
1031,BookBridge,Accounting,2024-03-31,3,We've used BookBridge for about a year. We mainly use it for the bank reconciliation. It crashes a lot and support never helps. The onboarding guides were clear. Love it.,onboarding:positive;reliability:negative;support:negative
1032,MailMosaic,Email Marketing,2025-03-18,4,"They raised the price by 40% with almost no notice. Fast, stable and never down. Importing our old data was a nightmare. The learning curve is steep.",ease_of_use:negative;onboarding:negative;performance:positive;pricing:negative;reliability:positive
1033,HelpHive,Help Desk,2024-04-27,5,"Our team switched to HelpHive last spring. The onboarding call was really useful. Connecting our existing tools took minutes. It's fast, even with thousands of records. Would recommend to any growing team.",integrations:positive;onboarding:positive
1034,TicketTide,Help Desk,2024-02-09,1,The shared inbox is not intuitive at all.,ease_of_use:negative
1035,InboxRocket,Email Marketing,2025-04-23,4,"We've used InboxRocket for about a year. Most of our team works remotely. There is no way to customize the email editor. Fast, stable and never down. Navigation is a maze. There's no native integration with our accounting tool. Overall a disappointment.",ease_of_use:negative;features:negative;integrations:negative;performance:positive;reliability:positive
1036,InboxRocket,Email Marketing,2025-05-30,3,"We mainly use it for the segmentation. Syncing with Google Calendar is unreliable. Whenever we got stuck, support had an answer the same day. It crashes a lot and support never helps.",integrations:negative;reliability:negative;support:negative;support:positive
1037,DealNest,CRM,2024-04-02,2,Been on DealNest for 18 months. Key features from the demo still aren't available. It handles our large datasets without slowing down.,features:negative;performance:positive
1038,SendGarden,Email Marketing,2024-08-02,1,Been on SendGarden for 18 months. The automation workflows takes ages to load. There's no native integration with our accounting tool. The email editor is buggy and loses data occasionally.,integrations:negative;reliability:negative
1039,LedgerLeaf,Accounting,2024-12-31,5,We've used LedgerLeaf for about a year. We evaluated it against two competitors. The per-seat price is very reasonable.,pricing:positive
1040,SendGarden,Email Marketing,2024-05-15,1,Been on SendGarden for 18 months. Syncing fails silently. Basic features are locked behind the enterprise plan.,pricing:negative;reliability:negative
1041,HelpHive,Help Desk,2024-10-17,1,We've used HelpHive for about a year. We are a team of 33 people. It takes far too many clicks to do simple things.,ease_of_use:negative
1042,TicketTide,Help Desk,2024-10-08,1,Customer support rarely fixes anything. Half of our team still can't find basic settings.,ease_of_use:negative;support:negative
1043,BookBridge,Accounting,2024-05-13,5,We've used BookBridge for about a year. The free plan is generous.,pricing:positive
1044,InboxRocket,Email Marketing,2025-03-15,1,Been on InboxRocket for 18 months. I use it every day. It gets painfully slow with a few thousand records.,performance:negative
1045,MetricMint,Analytics,2024-12-13,3,Our team switched to MetricMint last spring. Most of our team works remotely. The API is great but the pricing tiers are confusing and steep. The Salesforce integration works out of the box. Reports time out when the data gets large.,integrations:positive;performance:negative;pricing:negative
1046,HelpHive,Help Desk,2025-05-19,3,It integrates smoothly with Slack and Google Workspace. Expensive and support is useless.,integrations:positive;pricing:negative;support:negative
1047,DealNest,CRM,2025-01-30,5,Been on DealNest for 18 months. Our IT team handled the rollout. Importing our old data was easy. It's very easy to use day to day. Would recommend to any growing team.,ease_of_use:positive;onboarding:positive
1048,MailMosaic,Email Marketing,2025-06-25,5,Been on MailMosaic for 18 months. Connecting our existing tools took minutes.,integrations:positive
1049,Sprintly Pro,Project Management,2024-09-25,2,"We've used Sprintly Pro for about a year. The roadmap has been stuck for a year. Not cheap, but worth every cent. Every update seems to break something. Cheap, and the support team is lovely. Look elsewhere.",features:negative;pricing:positive;reliability:negative;support:positive
1050,Pipely,CRM,2025-07-27,3,Importing our old data was easy. It costs twice as much as the competitors.,onboarding:positive;pricing:negative
1051,TaskHarbor,Project Management,2025-05-25,2,We've used TaskHarbor for about a year. Not a single outage in two years. The learning curve is steep.,ease_of_use:negative;reliability:positive
1052,ChartCove,Analytics,2024-06-12,1,Basic features are locked behind the enterprise plan.,pricing:negative
1053,Sprintly Pro,Project Management,2024-07-03,1,We've used Sprintly Pro for about a year. We mainly use it for the kanban boards. Every update seems to break something. Overall a disappointment.,reliability:negative
1054,BookBridge,Accounting,2024-10-10,3,We've used BookBridge for about a year. We evaluated it against two competitors. Syncing fails silently. The onboarding call was really useful.,onboarding:positive;reliability:negative
1055,TaskHarbor,Project Management,2025-05-23,1,We've used TaskHarbor for about a year. I use it every day. It takes far too many clicks to do simple things.,ease_of_use:negative
1056,Pipely,CRM,2024-09-15,1,Importing our old data was a nightmare. Support takes days to reply.,onboarding:negative;support:negative
1057,CountWise,Accounting,2025-06-07,5,I use it every day. Everything is where you expect it to be. Setup was fast and the interface is intuitive. Support went above and beyond to fix our issue. Connecting our existing tools took minutes.,ease_of_use:positive;integrations:positive;onboarding:positive;support:positive
1058,BookBridge,Accounting,2024-07-19,5,It handles our large datasets without slowing down.,performance:positive
1059,InboxRocket,Email Marketing,2025-02-07,2,"Our team switched to InboxRocket last spring. Whenever we got stuck, support had an answer the same day. Onboarding was confusing and badly organized. The email editor is the best we've seen.",features:positive;onboarding:negative;support:positive
1060,InboxRocket,Email Marketing,2024-09-11,5,We've used InboxRocket for about a year. We were up and running in a day. Highly recommend.,onboarding:positive
1061,DealNest,CRM,2024-04-24,3,"Most of our team works remotely. Not a single outage in two years. Easy to use, but it gets slow with big projects. The Slack integration breaks every few weeks.",ease_of_use:positive;integrations:negative;performance:negative;reliability:positive
1062,HelpHive,Help Desk,2024-01-15,5,"Whenever we got stuck, support had an answer the same day. New features ship regularly.",features:positive;support:positive
1063,TaskHarbor,Project Management,2025-03-05,3,Support went above and beyond to fix our issue. Expensive and support is useless.,pricing:negative;support:negative;support:positive
1064,BookBridge,Accounting,2025-05-17,5,"We've used BookBridge for about a year. We are a team of 81 people. Not cheap, but worth every cent.",pricing:positive
1065,InboxRocket,Email Marketing,2024-12-29,5,We mainly use it for the segmentation. It handles our large datasets without slowing down. The Salesforce integration works out of the box. We were up and running in a day.,integrations:positive;onboarding:positive;performance:positive
1066,MailMosaic,Email Marketing,2024-10-09,1,Been on MailMosaic for 18 months. We migrated from a legacy system. The roadmap has been stuck for a year. Support takes days to reply. The mobile app crashes constantly.,features:negative;reliability:negative;support:negative
1067,DealNest,CRM,2024-10-29,1,We've used DealNest for about a year. Expensive and support is useless. The deal tracking takes ages to load. Too basic for a growing team.,features:negative;performance:negative;pricing:negative;support:negative
1068,Pipely,CRM,2024-10-01,3,"Our team switched to Pipely last spring. We mainly use it for the deal tracking. The automation options are powerful. Great features, terrible price. Pricing is fair for what you get. Navigation is simple and logical.",ease_of_use:positive;features:positive;pricing:negative;pricing:positive
1069,TicketTide,Help Desk,2025-05-27,1,We've used TicketTide for about a year. The ticket routing is buggy and loses data occasionally. Support kept sending us canned answers.,reliability:negative;support:negative
1070,InsightForge,Analytics,2025-02-05,4,Been on InsightForge for 18 months. We were up and running in a day. Syncing fails silently. There is no phone support at all.,onboarding:positive;reliability:negative;support:negative
1071,MailMosaic,Email Marketing,2025-03-28,2,It's cheaper than the alternatives we looked at. The interface is cluttered and confusing. The API is great but the pricing tiers are confusing and steep.,ease_of_use:negative;integrations:positive;pricing:negative;pricing:positive
1072,MailMosaic,Email Marketing,2025-01-16,5,Our team switched to MailMosaic last spring. Setup was quick and painless.,onboarding:positive
1073,SendGarden,Email Marketing,2024-05-29,2,Our team switched to SendGarden last spring. Most of our team works remotely. The segmentation is missing basic options. Setup was quick and painless. Love it.,features:negative;onboarding:positive
1074,InboxRocket,Email Marketing,2024-07-29,5,We've used InboxRocket for about a year. Pages load instantly. The per-seat price is very reasonable. The segmentation alone is worth it.,features:positive;performance:positive;pricing:positive
1075,PlanBoard,Project Management,2024-06-05,1,Been on PlanBoard for 18 months. Syncing with Google Calendar is unreliable. Would not recommend.,integrations:negative
1076,ClientOrbit,CRM,2024-08-14,4,Been on ClientOrbit for 18 months. Setup was fast and the interface is intuitive. We evaluated it against two competitors. The onboarding call was really useful. Our account manager is responsive and helpful. Every update seems to break something.,ease_of_use:positive;onboarding:positive;reliability:negative;support:positive
1077,Pipely,CRM,2024-09-12,1,Been on Pipely for 18 months. We mainly use it for the pipeline view. We had several outages during business hours. Too basic for a growing team. Search is so slow we stopped using it.,features:negative;performance:negative;reliability:negative
1078,TaskHarbor,Project Management,2024-10-02,5,The free plan is generous. Customer support answers within minutes.,pricing:positive;support:positive
1079,ChartCove,Analytics,2024-02-09,1,Our team switched to ChartCove last spring. Way too expensive for what you get. The Slack integration breaks every few weeks. Setup took weeks.,integrations:negative;onboarding:negative;pricing:negative
1080,ClientOrbit,CRM,2025-05-10,1,Our team switched to ClientOrbit last spring. We evaluated it against two competitors. Rate limits on the API are far too strict. The email sync is buggy and loses data occasionally. Expensive and support is useless.,integrations:negative;pricing:negative;reliability:negative;support:negative
1081,Sprintly Pro,Project Management,2024-10-27,1,We've used Sprintly Pro for about a year. We mainly use it for the kanban boards. They raised the price by 40% with almost no notice. The time tracking takes ages to load.,performance:negative;pricing:negative
1082,LedgerLeaf,Accounting,2024-01-08,5,Been on LedgerLeaf for 18 months. Our IT team handled the rollout. Reports are flexible and easy to customize. The support team actually solves problems. We were up and running in a day. Love it.,features:positive;onboarding:positive
1083,MetricMint,Analytics,2024-08-28,1,The custom reports is missing basic options. It takes far too many clicks to do simple things. Overall a disappointment.,ease_of_use:negative;features:negative
1084,MetricMint,Analytics,2024-06-03,5,Zapier support covers everything else we need.,integrations:positive
1085,HelpHive,Help Desk,2024-02-23,2,Been on HelpHive for 18 months. Our IT team handled the rollout. Half of our team still can't find basic settings. The onboarding call was really useful. It crashes a lot and support never helps. Zapier support covers everything else we need.,ease_of_use:negative;integrations:positive;onboarding:positive;reliability:negative;support:negative
1086,InsightForge,Analytics,2024-03-02,5,We've used InsightForge for about a year. Most of our team works remotely. It handles our large datasets without slowing down.,performance:positive
1087,TicketTide,Help Desk,2025-05-11,3,"Been on TicketTide for 18 months. I use it every day. The API is well designed. The shared inbox is intuitive. Great features, terrible price. Love it.",ease_of_use:positive;features:positive;integrations:positive;pricing:negative
1088,PlanBoard,Project Management,2024-11-07,4,"Been on PlanBoard for 18 months. Not cheap, but worth every cent. Half of our team still can't find basic settings. It has every feature we need.",ease_of_use:negative;features:positive;pricing:positive
1089,ChartCove,Analytics,2024-08-29,5,Our team switched to ChartCove last spring. The Salesforce integration works out of the box.,integrations:positive
1090,SendGarden,Email Marketing,2024-04-12,5,Been on SendGarden for 18 months. Pricing is fair for what you get. Even our non-technical staff picked it up quickly. Would not recommend.,ease_of_use:positive;pricing:positive
1091,CountWise,Accounting,2025-04-11,1,We migrated from a legacy system. The setup documentation is outdated.,onboarding:negative
1092,ChartCove,Analytics,2025-02-16,5,We've used ChartCove for about a year. Our IT team handled the rollout. Support went above and beyond to fix our issue. Search results come back in a blink. The Salesforce integration works out of the box. Overall a great experience.,integrations:positive;performance:positive;support:positive
1093,LedgerLeaf,Accounting,2025-04-27,4,Been on LedgerLeaf for 18 months. Half of our team still can't find basic settings. Hidden fees showed up on our second invoice. Setup was fast and the interface is intuitive. Every update seems to break something. Overall a disappointment.,ease_of_use:negative;ease_of_use:positive;onboarding:positive;pricing:negative;reliability:negative
1094,ChartCove,Analytics,2024-01-18,1,It takes far too many clicks to do simple things.,ease_of_use:negative
1095,MailMosaic,Email Marketing,2024-06-21,1,We've used MailMosaic for about a year. The automation workflows is buggy and loses data occasionally. Reports time out when the data gets large. Support kept sending us canned answers.,performance:negative;reliability:negative;support:negative
1096,TicketTide,Help Desk,2025-08-22,3,"Been on TicketTide for 18 months. Great features, terrible price. I use it every day. The Slack integration breaks every few weeks.",features:positive;integrations:negative;pricing:negative
1097,DealNest,CRM,2025-07-24,1,Our team switched to DealNest last spring. Not worth the money. Would not recommend.,pricing:negative
1098,DealNest,CRM,2024-07-14,5,We've had basically no downtime. It handles our large datasets without slowing down. Connecting our existing tools took minutes. Would recommend to any growing team.,integrations:positive;performance:positive;reliability:positive
1099,ChartCove,Analytics,2024-08-29,1,Half of our team still can't find basic settings. Reporting is very limited.,ease_of_use:negative;features:negative
1100,PlanBoard,Project Management,2024-01-24,1,Been on PlanBoard for 18 months. The time tracking is buggy and loses data occasionally. Onboarding was confusing and badly organized.,onboarding:negative;reliability:negative
1101,SendGarden,Email Marketing,2025-02-17,1,We've used SendGarden for about a year. I use it every day. The Slack integration breaks every few weeks. We waited two weeks for a reply to a critical ticket. Too basic for a growing team.,features:negative;integrations:negative;support:negative
1102,TaskHarbor,Project Management,2025-07-20,2,We've used TaskHarbor for about a year. Support kept sending us canned answers. It's very easy to use day to day.,ease_of_use:positive;support:negative
1103,DealNest,CRM,2024-05-27,4,"Been on DealNest for 18 months. The mobile app crashes constantly. Not cheap, but worth every cent.",pricing:positive;reliability:negative
1104,TicketTide,Help Desk,2025-07-25,5,Our team switched to TicketTide last spring. We mainly use it for the knowledge base. Live chat support is fast and friendly. It integrates smoothly with Slack and Google Workspace. Would recommend to any growing team.,integrations:positive;support:positive
1105,MailMosaic,Email Marketing,2024-11-12,2,We've used MailMosaic for about a year. We are a team of 69 people. There's no native integration with our accounting tool. The automation workflows is the best we've seen. We were up and running in a day.,features:positive;integrations:negative;onboarding:positive
1106,ChartCove,Analytics,2024-11-04,2,Been on ChartCove for 18 months. I use it every day. The funnel analysis is not intuitive at all. The per-seat price is very reasonable.,ease_of_use:negative;pricing:positive
1107,SupportLoop,Help Desk,2024-09-14,1,We've used SupportLoop for about a year. Expensive and support is useless. Importing our old data was a nightmare.,onboarding:negative;pricing:negative;support:negative
1108,MailMosaic,Email Marketing,2025-06-08,5,Been on MailMosaic for 18 months. The onboarding call was really useful.,onboarding:positive
1109,MailMosaic,Email Marketing,2025-09-29,1,Been on MailMosaic for 18 months. Rate limits on the API are far too strict. We needed a paid consultant just to get started.,integrations:negative;onboarding:negative
1110,Sprintly Pro,Project Management,2025-06-13,4,We've used Sprintly Pro for about a year. The automation options are powerful. The setup documentation is outdated. Would not recommend.,features:positive;onboarding:negative
1111,TaskHarbor,Project Management,2025-08-16,4,Our team switched to TaskHarbor last spring. There's no native integration with our accounting tool. We saved money by replacing two tools with it. There is no way to customize the workload view. Overall a disappointment.,features:negative;integrations:negative;pricing:positive
1112,MailMosaic,Email Marketing,2024-09-29,5,Been on MailMosaic for 18 months. Data syncs reliably.,reliability:positive
1113,BookBridge,Accounting,2025-06-08,4,Our team switched to BookBridge last spring. We mainly use it for the expense tracking. The roadmap has been stuck for a year. The API is great but the pricing tiers are confusing and steep. The app freezes several times a day. Overall a disappointment.,features:negative;integrations:positive;performance:negative;pricing:negative
1114,HelpHive,Help Desk,2025-04-16,3,Been on HelpHive for 18 months. Support takes days to reply. Everything is where you expect it to be. The API is well designed.,ease_of_use:positive;integrations:positive;support:negative
1115,Sprintly Pro,Project Management,2024-11-24,3,We've used Sprintly Pro for about a year. Most of our team works remotely. The API is great but the pricing tiers are confusing and steep. Importing our old data was easy.,integrations:positive;onboarding:positive;pricing:negative
1116,SendGarden,Email Marketing,2025-03-25,5,Our team switched to SendGarden last spring. We are a team of 39 people. Customer support answers within minutes.,support:positive
1117,MetricMint,Analytics,2025-05-10,5,Our team switched to MetricMint last spring. The free plan is generous. Would recommend to any growing team.,pricing:positive
1118,Sprintly Pro,Project Management,2024-01-16,1,Been on Sprintly Pro for 18 months. I use it every day. The mobile app crashes constantly. Would not recommend.,reliability:negative
1119,MetricMint,Analytics,2025-09-20,1,Our team switched to MetricMint last spring. Reports time out when the data gets large.,performance:negative
1120,PlanBoard,Project Management,2025-04-09,1,Setup took weeks. The app freezes several times a day.,onboarding:negative;performance:negative
1121,InboxRocket,Email Marketing,2025-06-25,4,We mainly use it for the email editor. The API is great but the pricing tiers are confusing and steep. The free plan is generous. Syncing with Google Calendar is unreliable.,integrations:negative;integrations:positive;pricing:negative;pricing:positive
1122,InboxRocket,Email Marketing,2024-01-06,5,We migrated from a legacy system. New features ship regularly.,features:positive
1123,MetricMint,Analytics,2024-09-12,5,The data connectors is the best we've seen. Even our non-technical staff picked it up quickly. Highly recommend.,ease_of_use:positive;features:positive
1124,BookBridge,Accounting,2024-06-24,4,Been on BookBridge for 18 months. There is no way to customize the expense tracking. The API is poorly documented. We've had basically no downtime.,features:negative;integrations:negative;reliability:positive
1125,CountWise,Accounting,2024-12-05,2,Most of our team works remotely. The tax reports is buggy and loses data occasionally. Great value for money. The invoicing is not intuitive at all. Overall a disappointment.,ease_of_use:negative;pricing:positive;reliability:negative
1126,HelpHive,Help Desk,2024-11-24,3,Our team switched to HelpHive last spring. We had several outages during business hours. The shared inbox is snappy. It crashes a lot and support never helps. The interface is clean and easy to learn.,ease_of_use:positive;performance:positive;reliability:negative;support:negative
1127,InboxRocket,Email Marketing,2024-07-11,4,"Our team switched to InboxRocket last spring. Easy to use, but it gets slow with big projects. The per-seat pricing gets painful as you grow.",ease_of_use:positive;performance:negative;pricing:negative
1128,MetricMint,Analytics,2024-12-16,3,"I use it every day. It just works, every single day. The interface is cluttered and confusing. Highly recommend.",ease_of_use:negative;reliability:positive
1129,TaskHarbor,Project Management,2025-02-23,2,Been on TaskHarbor for 18 months. Reports time out when the data gets large. Navigation is simple and logical. Importing our old data was easy. Look elsewhere.,ease_of_use:positive;onboarding:positive;performance:negative
1130,ChartCove,Analytics,2024-05-18,2,Been on ChartCove for 18 months. Our account manager is responsive and helpful. Reporting is very limited.,features:negative;support:positive
1131,ClientOrbit,CRM,2025-01-22,5,Our team switched to ClientOrbit last spring. We mainly use it for the contact management. The deal tracking is snappy.,performance:positive
1132,Sprintly Pro,Project Management,2024-11-22,5,We've used Sprintly Pro for about a year. Search results come back in a blink.,performance:positive
1133,HelpHive,Help Desk,2025-03-12,2,We evaluated it against two competitors. The roadmap has been stuck for a year. Pages load instantly. Syncing fails silently.,features:negative;performance:positive;reliability:negative
1134,MailMosaic,Email Marketing,2025-08-12,1,Been on MailMosaic for 18 months. Navigation is a maze. The roadmap has been stuck for a year.,ease_of_use:negative;features:negative
1135,PlanBoard,Project Management,2024-07-30,4,Been on PlanBoard for 18 months. The API is great but the pricing tiers are confusing and steep. New features ship regularly.,features:positive;integrations:positive;pricing:negative
1136,SendGarden,Email Marketing,2024-03-13,1,The mobile app crashes constantly. It gets painfully slow with a few thousand records. Support kept sending us canned answers. Overall a disappointment.,performance:negative;reliability:negative;support:negative
1137,BookBridge,Accounting,2024-05-16,5,We evaluated it against two competitors. Live chat support is fast and friendly.,support:positive
1138,ChartCove,Analytics,2024-12-23,5,We've used ChartCove for about a year. Most of our team works remotely. Our account manager is responsive and helpful. Overall a great experience.,support:positive
1139,CountWise,Accounting,2025-05-01,2,"Our team switched to CountWise last spring. Importing our old data was a nightmare. It just works, every single day. Pages load instantly.",onboarding:negative;performance:positive;reliability:positive
1140,InboxRocket,Email Marketing,2025-06-20,5,Been on InboxRocket for 18 months. We mainly use it for the automation workflows. Data syncs reliably. It has every feature we need.,features:positive;reliability:positive
1141,Pipely,CRM,2025-05-08,3,"We've used Pipely for about a year. Easy to use, but it gets slow with big projects. Reports are flexible and easy to customize.",ease_of_use:positive;features:positive;performance:negative
1142,TicketTide,Help Desk,2025-01-26,3,"We've used TicketTide for about a year. It's fast, even with thousands of records. The learning curve is steep. Fast, stable and never down. Highly recommend.",ease_of_use:negative;performance:positive;reliability:positive
1143,Sprintly Pro,Project Management,2024-10-12,2,Our team switched to Sprintly Pro last spring. It's very easy to use day to day. Great value for money. Rate limits on the API are far too strict.,ease_of_use:positive;integrations:negative;pricing:positive
1144,SupportLoop,Help Desk,2024-08-31,5,It has every feature we need. The knowledge base is intuitive. The shared inbox is snappy. Love it.,ease_of_use:positive;features:positive;performance:positive
1145,ChartCove,Analytics,2024-03-17,5,Our team switched to ChartCove last spring. We migrated from a legacy system. Setup was quick and painless. Connecting our existing tools took minutes. The automation options are powerful.,features:positive;integrations:positive;onboarding:positive
1146,Sprintly Pro,Project Management,2025-06-27,4,"Our team switched to Sprintly Pro last spring. We've had basically no downtime. New features ship regularly. Easy to use, but it gets slow with big projects. It's fast, even with thousands of records.",ease_of_use:positive;features:positive;performance:negative;performance:positive;reliability:positive
1147,MetricMint,Analytics,2024-03-17,3,"Our team switched to MetricMint last spring. They raised the price by 40% with almost no notice. The Slack integration breaks every few weeks. Reports time out when the data gets large. Easy to use, but it gets slow with big projects.",ease_of_use:positive;integrations:negative;performance:negative;pricing:negative
1148,ClientOrbit,CRM,2024-05-17,5,Our team switched to ClientOrbit last spring. Great value for money. Customer support answers within minutes. Highly recommend.,pricing:positive;support:positive
1149,SendGarden,Email Marketing,2024-07-14,5,"Our team switched to SendGarden last spring. We mainly use it for the automation workflows. Whenever we got stuck, support had an answer the same day. The email editor is the best we've seen. It just works, every single day. Overall a great experience.",features:positive;reliability:positive;support:positive
1150,SendGarden,Email Marketing,2024-06-01,1,Been on SendGarden for 18 months. The app freezes several times a day.,performance:negative
1151,Pipely,CRM,2024-04-12,1,Been on Pipely for 18 months. We evaluated it against two competitors. The contact management is not intuitive at all. The mobile app crashes constantly. Our account manager disappeared after we signed.,ease_of_use:negative;reliability:negative;support:negative
1152,Sprintly Pro,Project Management,2025-06-24,5,We mainly use it for the kanban boards. We were up and running in a day. Our account manager is responsive and helpful. Never lost any data.,onboarding:positive;reliability:positive;support:positive
1153,MailMosaic,Email Marketing,2024-07-14,5,"It's fast, even with thousands of records.",performance:positive
1154,ChartCove,Analytics,2024-10-03,3,The funnel analysis is buggy and loses data occasionally. Setup was fast and the interface is intuitive.,ease_of_use:positive;onboarding:positive;reliability:negative
1155,DealNest,CRM,2025-09-17,1,We mainly use it for the deal tracking. Every update seems to break something. Hidden fees showed up on our second invoice. Customer support rarely fixes anything.,pricing:negative;reliability:negative;support:negative
1156,MailMosaic,Email Marketing,2024-07-29,3,Been on MailMosaic for 18 months. It's very easy to use day to day. Reporting is very limited.,ease_of_use:positive;features:negative
1157,SupportLoop,Help Desk,2024-07-11,5,We've used SupportLoop for about a year. We evaluated it against two competitors. Importing our old data was easy.,onboarding:positive
1158,MailMosaic,Email Marketing,2025-04-03,5,Been on MailMosaic for 18 months. The A/B testing is intuitive. New features ship regularly. Love it.,ease_of_use:positive;features:positive
1159,CountWise,Accounting,2025-03-15,5,We've used CountWise for about a year. We evaluated it against two competitors. Connecting our existing tools took minutes.,integrations:positive
1160,SendGarden,Email Marketing,2024-01-28,1,We've used SendGarden for about a year. The segmentation is buggy and loses data occasionally. Not worth the money. The roadmap has been stuck for a year. Would not recommend.,features:negative;pricing:negative;reliability:negative
1161,Sprintly Pro,Project Management,2024-03-06,3,Support went above and beyond to fix our issue. It crashes a lot and support never helps. Key features from the demo still aren't available.,features:negative;reliability:negative;support:negative;support:positive
1162,Sprintly Pro,Project Management,2024-04-05,3,Hidden fees showed up on our second invoice. The Gantt chart is intuitive.,ease_of_use:positive;pricing:negative
1163,ClientOrbit,CRM,2025-08-24,1,Been on ClientOrbit for 18 months. We mainly use it for the contact management. There's no native integration with our accounting tool. Love it.,integrations:negative
1164,BookBridge,Accounting,2024-11-13,4,Our team switched to BookBridge last spring. I use it every day. Connecting our existing tools took minutes. We waited two weeks for a reply to a critical ticket. Data syncs reliably. Love it.,integrations:positive;reliability:positive;support:negative
1165,ClientOrbit,CRM,2024-12-02,1,Our IT team handled the rollout. It gets painfully slow with a few thousand records.,performance:negative
1166,InsightForge,Analytics,2024-06-11,1,Been on InsightForge for 18 months. It costs twice as much as the competitors. Key features from the demo still aren't available.,features:negative;pricing:negative
1167,PlanBoard,Project Management,2025-08-20,5,We've used PlanBoard for about a year. Live chat support is fast and friendly. The interface is clean and easy to learn. The onboarding guides were clear.,ease_of_use:positive;onboarding:positive;support:positive
1168,TicketTide,Help Desk,2024-07-09,3,It takes far too many clicks to do simple things. Not a single outage in two years. We needed a paid consultant just to get started.,ease_of_use:negative;onboarding:negative;reliability:positive
1169,SupportLoop,Help Desk,2025-01-30,4,Our team switched to SupportLoop last spring. Most of our team works remotely. Too basic for a growing team. The onboarding guides were clear. Hidden fees showed up on our second invoice. Overall a disappointment.,features:negative;onboarding:positive;pricing:negative
1170,LedgerLeaf,Accounting,2024-03-11,3,We've used LedgerLeaf for about a year. Most of our team works remotely. Setup was fast and the interface is intuitive. Support kept sending us canned answers. There's no native integration with our accounting tool.,ease_of_use:positive;integrations:negative;onboarding:positive;support:negative
1171,MetricMint,Analytics,2024-06-19,5,Our team switched to MetricMint last spring. Most of our team works remotely. It has every feature we need. It's cheaper than the alternatives we looked at. Would recommend to any growing team.,features:positive;pricing:positive
1172,TaskHarbor,Project Management,2024-10-23,4,We've used TaskHarbor for about a year. We migrated from a legacy system. Customer support rarely fixes anything. The interface is clean and easy to learn. The onboarding call was really useful.,ease_of_use:positive;onboarding:positive;support:negative
1173,SupportLoop,Help Desk,2024-12-16,5,"Our team switched to SupportLoop last spring. It's fast, even with thousands of records. The API is well designed. Highly recommend.",integrations:positive;performance:positive
1174,InboxRocket,Email Marketing,2024-02-12,5,We've used InboxRocket for about a year. We are a team of 59 people. The API is well designed. Importing our old data was easy.,integrations:positive;onboarding:positive
1175,InsightForge,Analytics,2025-06-19,1,We've used InsightForge for about a year. There's no native integration with our accounting tool. The interface is cluttered and confusing. Not worth the money.,ease_of_use:negative;integrations:negative;pricing:negative
1176,MetricMint,Analytics,2024-11-16,1,Been on MetricMint for 18 months. We migrated from a legacy system. It gets painfully slow with a few thousand records. Syncing fails silently. Very frustrating experience.,performance:negative;reliability:negative
1177,MailMosaic,Email Marketing,2024-01-26,1,It costs twice as much as the competitors. Too basic for a growing team. Importing our old data was a nightmare.,features:negative;onboarding:negative;pricing:negative
1178,DealNest,CRM,2025-04-02,1,Been on DealNest for 18 months. Way too expensive for what you get. Reporting is very limited.,features:negative;pricing:negative
1179,HelpHive,Help Desk,2024-03-31,3,Our team switched to HelpHive last spring. The onboarding guides were clear. It crashes a lot and support never helps.,onboarding:positive;reliability:negative;support:negative
1180,SendGarden,Email Marketing,2024-10-13,1,Not worth the money. The learning curve is steep.,ease_of_use:negative;pricing:negative
1181,PlanBoard,Project Management,2024-05-30,3,Our team switched to PlanBoard last spring. It's very easy to use day to day. Expensive and support is useless. The per-seat pricing gets painful as you grow. Reports are flexible and easy to customize.,ease_of_use:positive;features:positive;pricing:negative;support:negative
1182,HelpHive,Help Desk,2024-01-11,4,Our team switched to HelpHive last spring. The mobile app crashes constantly. It has every feature we need. The app freezes several times a day.,features:positive;performance:negative;reliability:negative
1183,DealNest,CRM,2024-12-28,1,We've used DealNest for about a year. We migrated from a legacy system. There is no phone support at all.,support:negative
1184,DealNest,CRM,2024-09-19,5,Our team switched to DealNest last spring. We migrated from a legacy system. The onboarding guides were clear. Overall a great experience.,onboarding:positive
1185,InsightForge,Analytics,2024-11-23,1,Our team switched to InsightForge last spring. Importing our old data was a nightmare.,onboarding:negative
1186,MetricMint,Analytics,2025-07-10,2,Our team switched to MetricMint last spring. Most of our team works remotely. The Salesforce integration works out of the box. Never lost any data. The setup documentation is outdated.,integrations:positive;onboarding:negative;reliability:positive
1187,PlanBoard,Project Management,2025-03-13,1,We've used PlanBoard for about a year. The per-seat pricing gets painful as you grow. Onboarding was confusing and badly organized. The time tracking is not intuitive at all. Overall a disappointment.,ease_of_use:negative;onboarding:negative;pricing:negative
1188,BookBridge,Accounting,2025-02-08,1,Been on BookBridge for 18 months. We mainly use it for the tax reports. Way too expensive for what you get.,pricing:negative
1189,TaskHarbor,Project Management,2025-04-05,1,Our team switched to TaskHarbor last spring. It takes far too many clicks to do simple things. We had several outages during business hours. The per-seat pricing gets painful as you grow.,ease_of_use:negative;pricing:negative;reliability:negative
1190,BookBridge,Accounting,2025-01-06,5,Our team switched to BookBridge last spring. Data syncs reliably.,reliability:positive
1191,InboxRocket,Email Marketing,2025-01-07,5,"The free plan is generous. Fast, stable and never down. Highly recommend.",performance:positive;pricing:positive;reliability:positive
1192,BookBridge,Accounting,2024-03-18,1,Been on BookBridge for 18 months. There is no way to customize the bank reconciliation.,features:negative
1193,PlanBoard,Project Management,2024-09-09,5,"We've used PlanBoard for about a year. We mainly use it for the workload view. It just works, every single day.",reliability:positive
1194,LedgerLeaf,Accounting,2024-03-13,1,We've used LedgerLeaf for about a year. The bank reconciliation is missing basic options. Would not recommend.,features:negative
1195,Sprintly Pro,Project Management,2024-01-03,5,We've used Sprintly Pro for about a year. Customer support answers within minutes.,support:positive
1196,BookBridge,Accounting,2024-05-26,5,Our team switched to BookBridge last spring. Never lost any data.,reliability:positive
1197,ClientOrbit,CRM,2024-05-31,5,Been on ClientOrbit for 18 months. The Salesforce integration works out of the box. The per-seat price is very reasonable.,pricing:positive
1198,TaskHarbor,Project Management,2024-01-07,1,I use it every day. Onboarding was confusing and badly organized. Syncing fails silently.,onboarding:negative;reliability:negative
1199,InsightForge,Analytics,2024-06-01,5,We've had basically no downtime. It's very easy to use day to day. Live chat support is fast and friendly.,ease_of_use:positive;reliability:positive;support:positive
1200,HelpHive,Help Desk,2024-09-19,4,Our team switched to HelpHive last spring. We migrated from a legacy system. Our account manager disappeared after we signed. Even our non-technical staff picked it up quickly. The per-seat pricing gets painful as you grow.,ease_of_use:positive;pricing:negative;support:negative
1201,DealNest,CRM,2025-01-07,4,Our team switched to DealNest last spring. They raised the price by 40% with almost no notice. Everything is where you expect it to be. Support kept sending us canned answers.,ease_of_use:positive;pricing:negative;support:negative
1202,DealNest,CRM,2024-11-24,5,We've used DealNest for about a year. Our IT team handled the rollout. We've had basically no downtime. Highly recommend.,reliability:positive
1203,Sprintly Pro,Project Management,2024-04-27,1,Support takes days to reply. There is no way to customize the workload view.,features:negative;support:negative
1204,SupportLoop,Help Desk,2025-09-14,5,Been on SupportLoop for 18 months. We mainly use it for the ticket routing. Great value for money. Love it.,pricing:positive
1205,LedgerLeaf,Accounting,2025-08-01,3,Our team switched to LedgerLeaf last spring. We migrated from a legacy system. Expensive and support is useless. The per-seat price is very reasonable. The API is poorly documented. Importing our old data was easy.,integrations:negative;onboarding:positive;pricing:negative;pricing:positive;support:negative
1206,TicketTide,Help Desk,2024-03-11,1,Been on TicketTide for 18 months. The mobile app crashes constantly. Look elsewhere.,reliability:negative
1207,SendGarden,Email Marketing,2025-09-23,5,We've had basically no downtime. It has every feature we need. Love it.,features:positive;reliability:positive
1208,SendGarden,Email Marketing,2025-01-29,3,"Reports time out when the data gets large. Great features, terrible price. The per-seat pricing gets painful as you grow.",features:positive;performance:negative;pricing:negative
1209,BookBridge,Accounting,2024-07-11,1,Been on BookBridge for 18 months. It costs twice as much as the competitors.,pricing:negative
1210,BookBridge,Accounting,2024-03-31,5,"The bank reconciliation is snappy. Cheap, and the support team is lovely. Overall a disappointment.",performance:positive;pricing:positive;support:positive
1211,DealNest,CRM,2024-04-19,2,Been on DealNest for 18 months. Zapier support covers everything else we need. The API is great but the pricing tiers are confusing and steep. Pages load instantly. Love it.,integrations:positive;performance:positive;pricing:negative
1212,CountWise,Accounting,2024-10-18,2,Been on CountWise for 18 months. Our account manager is responsive and helpful. The roadmap has been stuck for a year. Basic features are locked behind the enterprise plan.,features:negative;pricing:negative;support:positive
1213,MetricMint,Analytics,2025-10-02,5,Been on MetricMint for 18 months. We mainly use it for the funnel analysis. The API is well designed.,integrations:positive
1214,SendGarden,Email Marketing,2024-11-19,5,We've used SendGarden for about a year. We are a team of 166 people. The free plan is generous. The automation options are powerful.,features:positive;pricing:positive
1215,SupportLoop,Help Desk,2024-05-19,1,Our team switched to SupportLoop last spring. We evaluated it against two competitors. Search is so slow we stopped using it. Importing our old data was a nightmare. Look elsewhere.,onboarding:negative;performance:negative
1216,ClientOrbit,CRM,2024-10-21,4,"Been on ClientOrbit for 18 months. Navigation is a maze. Setup took weeks. Not cheap, but worth every cent. Look elsewhere.",ease_of_use:negative;onboarding:negative;pricing:positive
1217,TicketTide,Help Desk,2024-04-03,4,We've used TicketTide for about a year. The support team actually solves problems. The API is great but the pricing tiers are confusing and steep.,integrations:positive;pricing:negative;support:positive
1218,TaskHarbor,Project Management,2025-09-10,1,Our team switched to TaskHarbor last spring. We evaluated it against two competitors. It gets painfully slow with a few thousand records.,performance:negative
1219,Pipely,CRM,2024-04-13,5,We've used Pipely for about a year. Our IT team handled the rollout. The interface is clean and easy to learn. It has every feature we need.,ease_of_use:positive;features:positive
1220,InboxRocket,Email Marketing,2025-03-19,4,We've used InboxRocket for about a year. There is no way to customize the A/B testing. It crashes a lot and support never helps. Support went above and beyond to fix our issue.,features:negative;reliability:negative;support:negative;support:positive
1221,SendGarden,Email Marketing,2025-03-30,2,"We've used SendGarden for about a year. Cheap, and the support team is lovely. Reports time out when the data gets large. Overall a great experience.",performance:negative;pricing:positive;support:positive
1222,DealNest,CRM,2024-09-29,1,Been on DealNest for 18 months. Reporting is very limited. Rate limits on the API are far too strict.,features:negative;integrations:negative
1223,InboxRocket,Email Marketing,2025-06-10,1,We mainly use it for the segmentation. Half of our team still can't find basic settings. The setup documentation is outdated. Way too expensive for what you get. Look elsewhere.,ease_of_use:negative;onboarding:negative;pricing:negative
1224,BookBridge,Accounting,2025-07-31,5,We've used BookBridge for about a year. I use it every day. Everything is where you expect it to be. The API is well designed.,ease_of_use:positive;integrations:positive
1225,BookBridge,Accounting,2025-04-16,2,We've used BookBridge for about a year. The onboarding call was really useful. There's no native integration with our accounting tool.,integrations:negative;onboarding:positive
1226,ClientOrbit,CRM,2024-10-27,3,"Been on ClientOrbit for 18 months. Our IT team handled the rollout. There's no native integration with our accounting tool. Even our non-technical staff picked it up quickly. It just works, every single day. Would recommend to any growing team.",ease_of_use:positive;integrations:negative;reliability:positive
1227,LedgerLeaf,Accounting,2025-09-28,5,Our team switched to LedgerLeaf last spring. We mainly use it for the bank reconciliation. The Salesforce integration works out of the box. Love it.,integrations:positive
1228,TaskHarbor,Project Management,2024-10-03,1,We've used TaskHarbor for about a year. Our account manager disappeared after we signed. Look elsewhere.,support:negative
1229,Pipely,CRM,2025-05-21,5,We mainly use it for the pipeline view. Setup was quick and painless. Not a single outage in two years. Pages load instantly.,onboarding:positive;performance:positive;reliability:positive
1230,MetricMint,Analytics,2025-04-09,5,Our team switched to MetricMint last spring. Never lost any data. Great value for money. The funnel analysis is snappy. Love it.,performance:positive;pricing:positive;reliability:positive
1231,MailMosaic,Email Marketing,2024-07-14,5,"Been on MailMosaic for 18 months. We mainly use it for the segmentation. Whenever we got stuck, support had an answer the same day.",support:positive
1232,TicketTide,Help Desk,2025-02-20,1,Been on TicketTide for 18 months. We needed a paid consultant just to get started.,onboarding:negative
1233,DealNest,CRM,2025-09-25,2,Been on DealNest for 18 months. The API is great but the pricing tiers are confusing and steep. There is no way to customize the contact management. The onboarding guides were clear. The email sync is snappy.,features:negative;integrations:positive;onboarding:positive;performance:positive;pricing:negative
1234,ChartCove,Analytics,2025-06-01,4,"Been on ChartCove for 18 months. It just works, every single day. Support takes days to reply.",reliability:positive;support:negative
1235,TicketTide,Help Desk,2024-03-19,1,We've used TicketTide for about a year. I use it every day. We had several outages during business hours. Hidden fees showed up on our second invoice.,reliability:negative
1236,InsightForge,Analytics,2025-05-11,3,"Been on InsightForge for 18 months. Navigation is simple and logical. Not a single outage in two years. Great features, terrible price. Our account manager disappeared after we signed.",ease_of_use:positive;features:positive;pricing:negative;reliability:positive;support:negative
1237,Pipely,CRM,2025-02-05,1,Our team switched to Pipely last spring. Our account manager disappeared after we signed. Not worth the money. The interface is cluttered and confusing. Very frustrating experience.,ease_of_use:negative;pricing:negative;support:negative
1238,InsightForge,Analytics,2024-10-04,1,Our team switched to InsightForge last spring. The setup documentation is outdated. Overall a disappointment.,onboarding:negative
1239,SendGarden,Email Marketing,2025-02-04,2,"Been on SendGarden for 18 months. We are a team of 240 people. It just works, every single day. It costs twice as much as the competitors.",pricing:negative;reliability:positive
1240,MailMosaic,Email Marketing,2024-04-29,2,"Been on MailMosaic for 18 months. Our IT team handled the rollout. Great features, terrible price. Support takes days to reply. Overall a great experience.",features:positive;pricing:negative;support:negative
1241,LedgerLeaf,Accounting,2025-09-27,1,We mainly use it for the bank reconciliation. The expense tracking is not intuitive at all.,ease_of_use:negative
1242,SendGarden,Email Marketing,2025-05-25,1,Been on SendGarden for 18 months. We are a team of 200 people. Reporting is very limited. We needed a paid consultant just to get started.,features:negative;onboarding:negative
1243,MetricMint,Analytics,2025-08-10,5,We saved money by replacing two tools with it. Never lost any data.,pricing:positive;reliability:positive
1244,TaskHarbor,Project Management,2024-08-29,5,Been on TaskHarbor for 18 months. We mainly use it for the time tracking. Live chat support is fast and friendly. We were up and running in a day. The automation options are powerful. Highly recommend.,features:positive;onboarding:positive;support:positive
1245,TicketTide,Help Desk,2024-06-06,5,Our IT team handled the rollout. New features ship regularly. Data syncs reliably. Would recommend to any growing team.,features:positive;reliability:positive
1246,MailMosaic,Email Marketing,2024-04-25,4,Our team switched to MailMosaic last spring. The roadmap has been stuck for a year. Zapier support covers everything else we need. We were up and running in a day.,features:negative;integrations:positive;onboarding:positive
1247,HelpHive,Help Desk,2024-12-12,4,We've used HelpHive for about a year. The API is great but the pricing tiers are confusing and steep. There's no native integration with our accounting tool. We waited two weeks for a reply to a critical ticket.,integrations:negative;integrations:positive;pricing:negative;support:negative
1248,ClientOrbit,CRM,2024-11-15,2,"The contact management is the best we've seen. Easy to use, but it gets slow with big projects. The API is well designed. It gets painfully slow with a few thousand records.",ease_of_use:positive;features:positive;integrations:positive;performance:negative
1249,Pipely,CRM,2024-12-30,4,"The contact management is not intuitive at all. It just works, every single day. Importing our old data was easy.",ease_of_use:negative;onboarding:positive;reliability:positive
1250,Sprintly Pro,Project Management,2025-09-13,5,We've used Sprintly Pro for about a year. The onboarding call was really useful. We've had basically no downtime. Highly recommend.,onboarding:positive;reliability:positive
1251,Sprintly Pro,Project Management,2024-05-12,1,Our team switched to Sprintly Pro last spring. The app freezes several times a day. It takes far too many clicks to do simple things. Very frustrating experience.,ease_of_use:negative;performance:negative
1252,InsightForge,Analytics,2024-12-08,1,We mainly use it for the data connectors. Every update seems to break something. Very frustrating experience.,reliability:negative
1253,SupportLoop,Help Desk,2025-01-04,5,"Our team switched to SupportLoop last spring. It just works, every single day. Our account manager is responsive and helpful.",reliability:positive;support:positive
1254,InsightForge,Analytics,2024-04-16,1,Been on InsightForge for 18 months. It gets painfully slow with a few thousand records.,performance:negative
1255,PlanBoard,Project Management,2025-05-04,4,"Our team switched to PlanBoard last spring. Cheap, and the support team is lovely. There's no native integration with our accounting tool. Customer support answers within minutes.",integrations:negative;pricing:positive;support:positive
1256,LedgerLeaf,Accounting,2024-06-14,5,Been on LedgerLeaf for 18 months. Even our non-technical staff picked it up quickly. Pages load instantly. Overall a great experience.,ease_of_use:positive;performance:positive
1257,ChartCove,Analytics,2024-12-25,1,We've used ChartCove for about a year. There is no phone support at all. We had several outages during business hours. Very frustrating experience.,reliability:negative;support:negative
1258,MetricMint,Analytics,2025-07-10,5,We've used MetricMint for about a year. It's very easy to use day to day.,ease_of_use:positive
1259,SendGarden,Email Marketing,2024-10-16,1,Our team switched to SendGarden last spring. We had several outages during business hours. Support takes days to reply. It costs twice as much as the competitors.,pricing:negative;reliability:negative;support:negative
1260,SendGarden,Email Marketing,2025-09-24,4,Our team switched to SendGarden last spring. Search results come back in a blink. We needed a paid consultant just to get started. It's cheaper than the alternatives we looked at. Highly recommend.,onboarding:negative;performance:positive;pricing:positive
1261,Pipely,CRM,2024-09-13,2,Been on Pipely for 18 months. Expensive and support is useless. Even our non-technical staff picked it up quickly. Overall a great experience.,ease_of_use:positive;pricing:negative;support:negative
1262,BookBridge,Accounting,2025-05-16,4,Been on BookBridge for 18 months. The API is well designed. Every update seems to break something. The free plan is generous.,integrations:positive;pricing:positive;reliability:negative
1263,TicketTide,Help Desk,2024-03-20,5,Our team switched to TicketTide last spring. Our IT team handled the rollout. Everything is where you expect it to be. New features ship regularly. Data syncs reliably.,ease_of_use:positive;features:positive;reliability:positive
1264,SupportLoop,Help Desk,2024-09-05,1,We've used SupportLoop for about a year. Reports time out when the data gets large. Overall a disappointment.,performance:negative
1265,MetricMint,Analytics,2025-01-29,2,We've used MetricMint for about a year. I use it every day. Hidden fees showed up on our second invoice. Not a single outage in two years. Customer support rarely fixes anything.,pricing:negative;reliability:positive;support:negative
1266,Pipely,CRM,2024-03-23,3,We are a team of 175 people. Search is so slow we stopped using it. They raised the price by 40% with almost no notice. The contact management is intuitive. Overall a disappointment.,ease_of_use:positive;performance:negative;pricing:negative
1267,MailMosaic,Email Marketing,2025-05-26,5,We've used MailMosaic for about a year. I use it every day. The A/B testing is intuitive. The email editor alone is worth it. Live chat support is fast and friendly.,ease_of_use:positive;features:positive;support:positive
1268,ClientOrbit,CRM,2025-01-10,5,We've used ClientOrbit for about a year. Zapier support covers everything else we need. Pricing is fair for what you get.,integrations:positive;pricing:positive
1269,ClientOrbit,CRM,2024-04-02,4,Been on ClientOrbit for 18 months. We migrated from a legacy system. Setup was fast and the interface is intuitive. Search is so slow we stopped using it. The onboarding call was really useful. The contact management is intuitive.,ease_of_use:positive;onboarding:positive;performance:negative
1270,LedgerLeaf,Accounting,2024-11-10,1,Been on LedgerLeaf for 18 months. Our IT team handled the rollout. The setup documentation is outdated. The tax reports takes ages to load. There is no phone support at all. Overall a disappointment.,onboarding:negative;performance:negative;support:negative
1271,HelpHive,Help Desk,2024-06-21,2,Been on HelpHive for 18 months. Most of our team works remotely. Search is so slow we stopped using it. We waited two weeks for a reply to a critical ticket. The onboarding guides were clear.,onboarding:positive;performance:negative;support:negative
1272,LedgerLeaf,Accounting,2025-06-03,4,Data syncs reliably. Not worth the money.,pricing:negative;reliability:positive
1273,SendGarden,Email Marketing,2025-08-25,1,Our team switched to SendGarden last spring. We mainly use it for the segmentation. Onboarding was confusing and badly organized.,onboarding:negative
1274,MetricMint,Analytics,2024-12-13,1,Importing our old data was a nightmare.,onboarding:negative
1275,HelpHive,Help Desk,2025-08-06,4,"We've used HelpHive for about a year. Navigation is simple and logical. Easy to use, but it gets slow with big projects. There is no way to customize the ticket routing.",ease_of_use:positive;features:negative;performance:negative
1276,InsightForge,Analytics,2025-09-26,4,We needed a paid consultant just to get started. The Slack integration breaks every few weeks. The automation options are powerful. Would not recommend.,features:positive;integrations:negative;onboarding:negative
1277,MailMosaic,Email Marketing,2025-02-16,1,Our team switched to MailMosaic last spring. Most of our team works remotely. Half of our team still can't find basic settings. Too basic for a growing team.,ease_of_use:negative;features:negative
1278,TicketTide,Help Desk,2024-12-22,4,Been on TicketTide for 18 months. The knowledge base is the best we've seen. Expensive and support is useless. Great value for money. Importing our old data was easy.,features:positive;onboarding:positive;pricing:negative;pricing:positive;support:negative
1279,CountWise,Accounting,2024-12-19,4,Been on CountWise for 18 months. It crashes a lot and support never helps. Customer support answers within minutes. Love it.,reliability:negative;support:negative;support:positive
1280,LedgerLeaf,Accounting,2025-05-25,4,Our team switched to LedgerLeaf last spring. Navigation is a maze. Our account manager is responsive and helpful. The onboarding guides were clear.,ease_of_use:negative;onboarding:positive;support:positive
1281,ChartCove,Analytics,2024-01-16,4,"Been on ChartCove for 18 months. Most of our team works remotely. Pages load instantly. Cheap, and the support team is lovely. Even our non-technical staff picked it up quickly. Not worth the money.",ease_of_use:positive;performance:positive;pricing:negative;pricing:positive;support:positive
1282,PlanBoard,Project Management,2024-09-13,5,We've used PlanBoard for about a year. Most of our team works remotely. It has every feature we need. Highly recommend.,features:positive
1283,InsightForge,Analytics,2025-07-23,1,Been on InsightForge for 18 months. We migrated from a legacy system. Customer support rarely fixes anything. There's no native integration with our accounting tool. Overall a disappointment.,integrations:negative;support:negative
1284,InsightForge,Analytics,2024-06-01,1,Been on InsightForge for 18 months. The dashboards is not intuitive at all.,ease_of_use:negative
1285,HelpHive,Help Desk,2025-03-23,4,We've used HelpHive for about a year. Support takes days to reply. The live chat widget is snappy.,performance:positive;support:negative
1286,InsightForge,Analytics,2025-05-06,1,We've used InsightForge for about a year. The app freezes several times a day.,performance:negative
1287,TaskHarbor,Project Management,2025-04-22,1,We've used TaskHarbor for about a year. Too basic for a growing team. Love it.,features:negative
1288,PlanBoard,Project Management,2024-05-03,5,Been on PlanBoard for 18 months. The kanban boards is the best we've seen.,features:positive
1289,Sprintly Pro,Project Management,2024-05-19,2,"Been on Sprintly Pro for 18 months. Navigation is a maze. Cheap, and the support team is lovely.",ease_of_use:negative;pricing:positive;support:positive
1290,TaskHarbor,Project Management,2025-01-12,1,Been on TaskHarbor for 18 months. The time tracking is buggy and loses data occasionally. The Slack integration breaks every few weeks.,integrations:negative;reliability:negative
1291,InsightForge,Analytics,2024-08-14,5,Our team switched to InsightForge last spring. I use it every day. It handles our large datasets without slowing down. Setup was quick and painless. Overall a great experience.,onboarding:positive;performance:positive
1292,Sprintly Pro,Project Management,2025-02-27,4,It has every feature we need. Support went above and beyond to fix our issue. The time tracking is buggy and loses data occasionally.,features:positive;reliability:negative;support:positive
1293,LedgerLeaf,Accounting,2024-02-13,3,Support went above and beyond to fix our issue. Not worth the money. Navigation is simple and logical. Would not recommend.,ease_of_use:positive;pricing:negative;support:positive
1294,SupportLoop,Help Desk,2025-02-04,1,We've used SupportLoop for about a year. Onboarding was confusing and badly organized.,onboarding:negative
1295,Sprintly Pro,Project Management,2025-05-27,5,Zapier support covers everything else we need. Our account manager is responsive and helpful. Setup was fast and the interface is intuitive. Highly recommend.,ease_of_use:positive;integrations:positive;onboarding:positive;support:positive
1296,InsightForge,Analytics,2024-12-17,2,"The interface is clean and easy to learn. Not worth the money. Easy to use, but it gets slow with big projects. We needed a paid consultant just to get started.",ease_of_use:positive;onboarding:negative;performance:negative;pricing:negative
1297,HelpHive,Help Desk,2024-02-17,3,"We've used HelpHive for about a year. Easy to use, but it gets slow with big projects. Importing our old data was easy. Overall a great experience.",ease_of_use:positive;onboarding:positive;performance:negative
1298,ClientOrbit,CRM,2024-11-09,2,Our team switched to ClientOrbit last spring. The setup documentation is outdated. Never lost any data. Connecting our existing tools took minutes.,integrations:positive;onboarding:negative;reliability:positive
1299,SupportLoop,Help Desk,2024-09-11,1,Our team switched to SupportLoop last spring. Our IT team handled the rollout. There's no native integration with our accounting tool. Support takes days to reply. Syncing fails silently.,integrations:negative;reliability:negative;support:negative
1300,DealNest,CRM,2025-06-19,3,"Been on DealNest for 18 months. Cheap, and the support team is lovely. The API is poorly documented. Search is so slow we stopped using it.",integrations:negative;performance:negative;pricing:positive;support:positive
1301,TaskHarbor,Project Management,2024-09-28,5,We migrated from a legacy system. Support went above and beyond to fix our issue. It handles our large datasets without slowing down. Would recommend to any growing team.,performance:positive;support:positive
1302,MailMosaic,Email Marketing,2024-06-05,4,Our team switched to MailMosaic last spring. Customer support rarely fixes anything. We were up and running in a day. The A/B testing is buggy and loses data occasionally. Overall a great experience.,onboarding:positive;reliability:negative;support:negative
1303,TicketTide,Help Desk,2024-04-22,1,Been on TicketTide for 18 months. Onboarding was confusing and badly organized. Search is so slow we stopped using it. Navigation is a maze. Overall a disappointment.,ease_of_use:negative;onboarding:negative;performance:negative
1304,CountWise,Accounting,2024-02-24,1,Been on CountWise for 18 months. The learning curve is steep.,ease_of_use:negative
1305,PlanBoard,Project Management,2024-03-21,5,Never lost any data. The interface is clean and easy to learn.,ease_of_use:positive;reliability:positive
1306,DealNest,CRM,2025-06-21,1,Our team switched to DealNest last spring. Most of our team works remotely. The roadmap has been stuck for a year. Every update seems to break something.,features:negative;reliability:negative
1307,DealNest,CRM,2024-12-03,3,We've used DealNest for about a year. Not a single outage in two years. The API is poorly documented. Look elsewhere.,integrations:negative;reliability:positive
1308,MetricMint,Analytics,2025-09-19,3,Been on MetricMint for 18 months. We migrated from a legacy system. Expensive and support is useless. Customer support answers within minutes.,pricing:negative;support:negative;support:positive
1309,ChartCove,Analytics,2025-06-08,1,We've used ChartCove for about a year. Customer support rarely fixes anything. Very frustrating experience.,support:negative
1310,Sprintly Pro,Project Management,2024-12-09,5,Our team switched to Sprintly Pro last spring. The workload view alone is worth it. It integrates smoothly with Slack and Google Workspace.,features:positive;integrations:positive
1311,LedgerLeaf,Accounting,2024-05-22,3,Our team switched to LedgerLeaf last spring. Setup was fast and the interface is intuitive. There is no phone support at all. Overall a disappointment.,ease_of_use:positive;onboarding:positive;support:negative
1312,CountWise,Accounting,2025-02-14,5,We've used CountWise for about a year. The tax reports is snappy. Not a single outage in two years.,performance:positive;reliability:positive
1313,SendGarden,Email Marketing,2024-08-20,1,Our team switched to SendGarden last spring. We evaluated it against two competitors. Syncing fails silently. Very frustrating experience.,reliability:negative
1314,HelpHive,Help Desk,2025-03-23,4,Been on HelpHive for 18 months. The knowledge base takes ages to load. It integrates smoothly with Slack and Google Workspace. The per-seat pricing gets painful as you grow.,integrations:positive;performance:negative;pricing:negative
1315,Sprintly Pro,Project Management,2024-07-26,1,Our team switched to Sprintly Pro last spring. I use it every day. The mobile app crashes constantly.,reliability:negative
1316,DealNest,CRM,2025-04-29,3,"Our team switched to DealNest last spring. Most of our team works remotely. It's fast, even with thousands of records. The setup documentation is outdated.",onboarding:negative;performance:positive
1317,InsightForge,Analytics,2024-03-20,2,"We waited two weeks for a reply to a critical ticket. Cheap, and the support team is lovely. Overall a disappointment.",pricing:positive;support:negative;support:positive
1318,ChartCove,Analytics,2024-03-17,3,"Our team switched to ChartCove last spring. We migrated from a legacy system. Everything is where you expect it to be. Great features, terrible price. Reports are flexible and easy to customize. Syncing with Google Calendar is unreliable.",ease_of_use:positive;features:positive;integrations:negative;pricing:negative
1319,MetricMint,Analytics,2025-06-01,2,"The support team actually solves problems. Not cheap, but worth every cent. Setup was fast and the interface is intuitive. Too basic for a growing team.",ease_of_use:positive;features:negative;onboarding:positive;pricing:positive;support:positive
1320,DealNest,CRM,2024-08-08,1,Been on DealNest for 18 months. We evaluated it against two competitors. Reports time out when the data gets large. Every update seems to break something. The deal tracking is not intuitive at all.,ease_of_use:negative;performance:negative;reliability:negative
1321,SupportLoop,Help Desk,2024-03-21,5,We are a team of 182 people. It's cheaper than the alternatives we looked at. Very frustrating experience.,pricing:positive
1322,Pipely,CRM,2024-05-28,1,Our team switched to Pipely last spring. They raised the price by 40% with almost no notice. The app freezes several times a day. Very frustrating experience.,pricing:negative
1323,DealNest,CRM,2024-10-08,5,"We've used DealNest for about a year. Whenever we got stuck, support had an answer the same day.",support:positive
1324,HelpHive,Help Desk,2025-04-09,5,We've used HelpHive for about a year. We mainly use it for the ticket routing. The automation options are powerful. Never lost any data.,features:positive;reliability:positive
1325,PlanBoard,Project Management,2025-06-04,5,We've used PlanBoard for about a year. Most of our team works remotely. We saved money by replacing two tools with it. The onboarding guides were clear. It's very easy to use day to day.,ease_of_use:positive;onboarding:positive;pricing:positive
1326,ChartCove,Analytics,2024-08-01,4,The onboarding guides were clear. Zapier support covers everything else we need. Not worth the money.,integrations:positive;onboarding:positive;pricing:negative
1327,LedgerLeaf,Accounting,2024-06-17,5,Been on LedgerLeaf for 18 months. Even our non-technical staff picked it up quickly.,ease_of_use:positive
1328,MailMosaic,Email Marketing,2025-06-15,5,"The email editor is intuitive. Cheap, and the support team is lovely.",ease_of_use:positive;pricing:positive;support:positive
1329,ChartCove,Analytics,2024-06-19,1,Our team switched to ChartCove last spring. We evaluated it against two competitors. Reports time out when the data gets large. Look elsewhere.,performance:negative
1330,Sprintly Pro,Project Management,2024-11-23,2,Been on Sprintly Pro for 18 months. Pricing is fair for what you get. Reporting is very limited. Setup was fast and the interface is intuitive.,ease_of_use:positive;features:negative;onboarding:positive;pricing:positive
1331,CountWise,Accounting,2024-04-17,5,We've used CountWise for about a year. Our account manager is responsive and helpful. Pages load instantly.,performance:positive;support:positive
1332,SendGarden,Email Marketing,2025-04-13,2,"We've used SendGarden for about a year. We evaluated it against two competitors. Cheap, and the support team is lovely. We needed a paid consultant just to get started. The API is poorly documented. Look elsewhere.",integrations:negative;onboarding:negative;pricing:positive;support:positive
1333,SendGarden,Email Marketing,2025-04-07,5,Been on SendGarden for 18 months. We evaluated it against two competitors. New features ship regularly. Live chat support is fast and friendly.,features:positive;support:positive
1334,SupportLoop,Help Desk,2025-03-12,5,Been on SupportLoop for 18 months. I use it every day. Customer support answers within minutes. Navigation is simple and logical.,ease_of_use:positive;support:positive
1335,MailMosaic,Email Marketing,2025-01-08,1,We've used MailMosaic for about a year. We migrated from a legacy system. Expensive and support is useless. The Slack integration breaks every few weeks.,integrations:negative;pricing:negative;support:negative
1336,PlanBoard,Project Management,2024-07-30,5,We've used PlanBoard for about a year. We mainly use it for the kanban boards. Great value for money.,pricing:positive
1337,ClientOrbit,CRM,2025-06-21,1,The mobile app crashes constantly.,reliability:negative
1338,InsightForge,Analytics,2025-06-03,1,The dashboards takes ages to load. Overall a disappointment.,performance:negative
1339,Pipely,CRM,2025-08-17,1,We've used Pipely for about a year. We migrated from a legacy system. Syncing with Google Calendar is unreliable.,integrations:negative
1340,SendGarden,Email Marketing,2024-11-20,3,Been on SendGarden for 18 months. We evaluated it against two competitors. Setup was fast and the interface is intuitive. Reports time out when the data gets large. Overall a disappointment.,ease_of_use:positive;onboarding:positive;performance:negative
1341,BookBridge,Accounting,2024-06-04,4,We've used BookBridge for about a year. We had several outages during business hours. We were up and running in a day. Live chat support is fast and friendly.,onboarding:positive;reliability:negative;support:positive
1342,ClientOrbit,CRM,2024-02-26,5,Our IT team handled the rollout. It handles our large datasets without slowing down. Data syncs reliably. Even our non-technical staff picked it up quickly.,ease_of_use:positive;performance:positive;reliability:positive
1343,HelpHive,Help Desk,2024-04-03,1,Our team switched to HelpHive last spring. We waited two weeks for a reply to a critical ticket.,support:negative
1344,Sprintly Pro,Project Management,2025-05-03,3,"We've used Sprintly Pro for about a year. Live chat support is fast and friendly. The API is great but the pricing tiers are confusing and steep. It just works, every single day.",integrations:positive;pricing:negative;reliability:positive;support:positive
1345,BookBridge,Accounting,2024-11-30,2,We've used BookBridge for about a year. Most of our team works remotely. The per-seat price is very reasonable. Half of our team still can't find basic settings. The roadmap has been stuck for a year. Overall a disappointment.,ease_of_use:negative;features:negative;pricing:positive
1346,InboxRocket,Email Marketing,2024-03-30,3,Been on InboxRocket for 18 months. We mainly use it for the automation workflows. Navigation is a maze. It crashes a lot and support never helps. It has every feature we need. Data syncs reliably.,ease_of_use:negative;features:positive;reliability:negative;reliability:positive;support:negative
1347,MailMosaic,Email Marketing,2024-01-08,3,Been on MailMosaic for 18 months. Data syncs reliably. The onboarding guides were clear. It crashes a lot and support never helps. Overall a great experience.,onboarding:positive;reliability:negative;reliability:positive;support:negative
1348,MetricMint,Analytics,2024-08-22,5,Our team switched to MetricMint last spring. The onboarding call was really useful.,onboarding:positive
1349,InsightForge,Analytics,2024-08-25,1,We mainly use it for the custom reports. Rate limits on the API are far too strict.,integrations:negative
1350,HelpHive,Help Desk,2024-11-23,1,The knowledge base is missing basic options.,features:negative
1351,PlanBoard,Project Management,2024-03-04,5,Our team switched to PlanBoard last spring. Search results come back in a blink. It's very easy to use day to day.,ease_of_use:positive;performance:positive
1352,BookBridge,Accounting,2024-06-29,5,"Been on BookBridge for 18 months. Not cheap, but worth every cent. Reports are flexible and easy to customize.",features:positive;pricing:positive
1353,TicketTide,Help Desk,2025-04-07,5,Been on TicketTide for 18 months. The support team actually solves problems. The API is well designed. It's very easy to use day to day. Would recommend to any growing team.,ease_of_use:positive;integrations:positive;support:positive
1354,LedgerLeaf,Accounting,2025-07-08,4,Been on LedgerLeaf for 18 months. Most of our team works remotely. Zapier support covers everything else we need. Not a single outage in two years. The setup documentation is outdated.,integrations:positive;onboarding:negative;reliability:positive
1355,InsightForge,Analytics,2025-06-30,1,Our team switched to InsightForge last spring. There is no phone support at all. It gets painfully slow with a few thousand records. Key features from the demo still aren't available. Look elsewhere.,features:negative;performance:negative;support:negative
1356,DealNest,CRM,2024-05-24,3,"Our team switched to DealNest last spring. We mainly use it for the contact management. Importing our old data was a nightmare. It just works, every single day. Support takes days to reply.",onboarding:negative;reliability:positive;support:negative
1357,DealNest,CRM,2025-06-12,2,The deal tracking is intuitive. Reports time out when the data gets large. Syncing with Google Calendar is unreliable. Overall a disappointment.,ease_of_use:positive;integrations:negative;performance:negative
1358,ChartCove,Analytics,2024-08-05,1,We've used ChartCove for about a year. There's no native integration with our accounting tool. Overall a great experience.,integrations:negative
1359,Pipely,CRM,2024-08-14,1,Been on Pipely for 18 months. Most of our team works remotely. There is no way to customize the deal tracking. The mobile app crashes constantly. Overall a disappointment.,features:negative;reliability:negative
1360,MetricMint,Analytics,2025-08-07,5,Most of our team works remotely. Support went above and beyond to fix our issue. Would recommend to any growing team.,support:positive
1361,CountWise,Accounting,2025-07-18,1,We've used CountWise for about a year. The invoicing is missing basic options. Overall a disappointment.,features:negative
1362,SendGarden,Email Marketing,2024-07-17,5,We've used SendGarden for about a year. Even our non-technical staff picked it up quickly. Love it.,ease_of_use:positive
1363,InboxRocket,Email Marketing,2025-08-06,5,New features ship regularly.,features:positive
1364,MailMosaic,Email Marketing,2024-02-02,1,Our IT team handled the rollout. Our account manager disappeared after we signed. It gets painfully slow with a few thousand records. Too basic for a growing team. Overall a disappointment.,features:negative;performance:negative;support:negative
1365,CountWise,Accounting,2024-07-25,4,Been on CountWise for 18 months. It integrates smoothly with Slack and Google Workspace. Reports time out when the data gets large. Every update seems to break something.,integrations:positive;reliability:negative
1366,PlanBoard,Project Management,2024-09-23,1,Our team switched to PlanBoard last spring. We are a team of 89 people. Rate limits on the API are far too strict.,integrations:negative
1367,LedgerLeaf,Accounting,2025-01-07,1,We've used LedgerLeaf for about a year. Our IT team handled the rollout. There's no native integration with our accounting tool.,integrations:negative
1368,MetricMint,Analytics,2024-02-15,5,Been on MetricMint for 18 months. Most of our team works remotely. We were up and running in a day. Even our non-technical staff picked it up quickly.,ease_of_use:positive;onboarding:positive
1369,SupportLoop,Help Desk,2025-07-17,1,We've used SupportLoop for about a year. The interface is cluttered and confusing. Rate limits on the API are far too strict.,ease_of_use:negative;integrations:negative
1370,CountWise,Accounting,2025-01-09,1,Our team switched to CountWise last spring. The per-seat pricing gets painful as you grow. The setup documentation is outdated.,onboarding:negative;pricing:negative
1371,ClientOrbit,CRM,2025-05-04,5,Our team switched to ClientOrbit last spring. We evaluated it against two competitors. The onboarding call was really useful. Live chat support is fast and friendly. The interface is clean and easy to learn. Would recommend to any growing team.,ease_of_use:positive;onboarding:positive;support:positive
1372,TicketTide,Help Desk,2024-02-29,1,Been on TicketTide for 18 months. Half of our team still can't find basic settings. Reporting is very limited.,ease_of_use:negative;features:negative
1373,DealNest,CRM,2024-01-03,4,We've had basically no downtime. Importing our old data was easy. The deal tracking is missing basic options.,features:negative;onboarding:positive;reliability:positive
1374,Sprintly Pro,Project Management,2025-08-13,5,Been on Sprintly Pro for 18 months. Setup was fast and the interface is intuitive. We are a team of 31 people. Navigation is simple and logical. Search results come back in a blink. Pricing is fair for what you get.,ease_of_use:positive;onboarding:positive;performance:positive;pricing:positive
1375,ClientOrbit,CRM,2024-04-07,1,Our team switched to ClientOrbit last spring. Reporting is very limited. Overall a disappointment.,features:negative
1376,LedgerLeaf,Accounting,2025-05-28,5,We've used LedgerLeaf for about a year. The support team actually solves problems. Would recommend to any growing team.,support:positive
1377,SupportLoop,Help Desk,2024-04-19,4,Our team switched to SupportLoop last spring. Setup was fast and the interface is intuitive. Key features from the demo still aren't available. The ticket routing is intuitive. Importing our old data was easy.,ease_of_use:positive;features:negative;onboarding:positive
1378,MailMosaic,Email Marketing,2024-12-18,5,We've had basically no downtime. Importing our old data was easy.,onboarding:positive;reliability:positive
1379,DealNest,CRM,2024-04-29,3,Our team switched to DealNest last spring. We are a team of 162 people. The contact management is not intuitive at all. The per-seat pricing gets painful as you grow. Support went above and beyond to fix our issue.,ease_of_use:negative;pricing:negative;support:positive
1380,TicketTide,Help Desk,2024-03-06,1,Our team switched to TicketTide last spring. There is no way to customize the live chat widget. The setup documentation is outdated. Syncing fails silently.,features:negative;onboarding:negative;reliability:negative
1381,SendGarden,Email Marketing,2024-03-18,3,Rate limits on the API are far too strict. Never lost any data. Everything is where you expect it to be. Would not recommend.,ease_of_use:positive;integrations:negative;reliability:positive
1382,HelpHive,Help Desk,2024-01-09,1,Our team switched to HelpHive last spring. Most of our team works remotely. The setup documentation is outdated.,onboarding:negative
1383,SupportLoop,Help Desk,2025-04-13,5,Been on SupportLoop for 18 months. The support team actually solves problems. Pages load instantly.,performance:positive;support:positive
1384,DealNest,CRM,2024-01-15,2,Been on DealNest for 18 months. We evaluated it against two competitors. Search results come back in a blink. Importing our old data was easy. Support kept sending us canned answers.,onboarding:positive;performance:positive;support:negative
1385,InsightForge,Analytics,2024-12-03,4,Everything is where you expect it to be. The roadmap has been stuck for a year. Zapier support covers everything else we need. Highly recommend.,ease_of_use:positive;features:negative;integrations:positive
1386,LedgerLeaf,Accounting,2024-10-27,2,"Been on LedgerLeaf for 18 months. Great features, terrible price. The setup documentation is outdated.",features:positive;onboarding:negative;pricing:negative
1387,SupportLoop,Help Desk,2024-04-23,1,Been on SupportLoop for 18 months. The mobile app crashes constantly. Would not recommend.,reliability:negative
1388,InboxRocket,Email Marketing,2024-07-29,5,Been on InboxRocket for 18 months. The support team actually solves problems. Would not recommend.,support:positive
1389,BookBridge,Accounting,2025-01-03,5,We've used BookBridge for about a year. The invoicing is intuitive. Customer support answers within minutes. Overall a great experience.,ease_of_use:positive;support:positive
1390,TaskHarbor,Project Management,2025-03-13,2,Been on TaskHarbor for 18 months. The time tracking is intuitive. Too basic for a growing team. Setup took weeks.,ease_of_use:positive;features:negative;onboarding:negative
1391,Sprintly Pro,Project Management,2025-04-26,5,"We are a team of 189 people. It just works, every single day.",reliability:positive
1392,PlanBoard,Project Management,2025-09-04,5,Been on PlanBoard for 18 months. Pages load instantly.,performance:positive
1393,CountWise,Accounting,2025-08-02,1,Reporting is very limited. Rate limits on the API are far too strict. We waited two weeks for a reply to a critical ticket.,features:negative;integrations:negative;support:negative
1394,TicketTide,Help Desk,2025-08-27,1,We've used TicketTide for about a year. Our IT team handled the rollout. The app freezes several times a day. Look elsewhere.,performance:negative
1395,DealNest,CRM,2024-04-26,1,Our team switched to DealNest last spring. Every update seems to break something.,reliability:negative
1396,Pipely,CRM,2024-08-17,3,We've used Pipely for about a year. Most of our team works remotely. Data syncs reliably. Reports time out when the data gets large. Support went above and beyond to fix our issue. It crashes a lot and support never helps.,performance:negative;reliability:negative;reliability:positive;support:negative;support:positive
1397,Pipely,CRM,2025-01-10,4,Not a single outage in two years. Importing our old data was easy. Key features from the demo still aren't available.,features:negative;onboarding:positive;reliability:positive
1398,PlanBoard,Project Management,2024-03-29,2,"We migrated from a legacy system. New features ship regularly. Never lost any data. The kanban boards is snappy. Easy to use, but it gets slow with big projects. Highly recommend.",ease_of_use:positive;features:positive;performance:negative;performance:positive;reliability:positive
1399,TicketTide,Help Desk,2024-03-14,1,Been on TicketTide for 18 months. Support takes days to reply. Setup took weeks.,onboarding:negative;support:negative
1400,TicketTide,Help Desk,2025-09-08,1,Been on TicketTide for 18 months. It costs twice as much as the competitors. Importing our old data was a nightmare. Very frustrating experience.,onboarding:negative;pricing:negative
1401,ClientOrbit,CRM,2025-03-25,5,We've used ClientOrbit for about a year. We are a team of 99 people. We saved money by replacing two tools with it. It handles our large datasets without slowing down. The pipeline view is the best we've seen.,features:positive;performance:positive;pricing:positive
1402,PlanBoard,Project Management,2024-11-30,3,New features ship regularly. Half of our team still can't find basic settings.,ease_of_use:negative;features:positive
1403,MetricMint,Analytics,2025-09-17,1,Our team switched to MetricMint last spring. We are a team of 181 people. Not worth the money. Expensive and support is useless. Overall a disappointment.,pricing:negative;support:negative
1404,ChartCove,Analytics,2024-04-20,2,"Every update seems to break something. Whenever we got stuck, support had an answer the same day. Fast, stable and never down.",performance:positive;reliability:negative;reliability:positive;support:positive
1405,Sprintly Pro,Project Management,2025-02-27,4,"Our team switched to Sprintly Pro last spring. The workload view takes ages to load. Great features, terrible price.",features:positive;performance:negative;pricing:negative
1406,SupportLoop,Help Desk,2024-04-07,3,"Search results come back in a blink. Easy to use, but it gets slow with big projects. It's very easy to use day to day.",ease_of_use:positive;performance:negative;performance:positive
1407,InsightForge,Analytics,2024-08-24,5,Our team switched to InsightForge last spring. We evaluated it against two competitors. It's cheaper than the alternatives we looked at. Setup was fast and the interface is intuitive.,ease_of_use:positive;onboarding:positive;pricing:positive
1408,TicketTide,Help Desk,2024-02-23,2,It integrates smoothly with Slack and Google Workspace. Expensive and support is useless. Love it.,integrations:positive;pricing:negative;support:negative
1409,SupportLoop,Help Desk,2024-07-10,5,We've used SupportLoop for about a year. We mainly use it for the ticket routing. Great value for money. We were up and running in a day. The support team actually solves problems.,onboarding:positive;pricing:positive;support:positive
1410,SupportLoop,Help Desk,2024-01-05,4,We've used SupportLoop for about a year. We evaluated it against two competitors. It gets painfully slow with a few thousand records. Zapier support covers everything else we need. Setup took weeks.,integrations:positive;onboarding:negative;performance:negative
1411,DealNest,CRM,2025-02-05,3,Been on DealNest for 18 months. Most of our team works remotely. Zapier support covers everything else we need. It gets painfully slow with a few thousand records.,integrations:positive;performance:negative
1412,LedgerLeaf,Accounting,2024-07-01,1,Been on LedgerLeaf for 18 months. It costs twice as much as the competitors.,pricing:negative
1413,BookBridge,Accounting,2025-01-09,5,"Our team switched to BookBridge last spring. Whenever we got stuck, support had an answer the same day. It's fast, even with thousands of records. Navigation is simple and logical. Would recommend to any growing team.",ease_of_use:positive;performance:positive;support:positive
1414,BookBridge,Accounting,2025-03-29,1,It gets painfully slow with a few thousand records. The API is poorly documented.,integrations:negative;performance:negative
1415,DealNest,CRM,2024-07-08,5,Our IT team handled the rollout. The deal tracking is snappy. The interface is clean and easy to learn.,ease_of_use:positive;performance:positive
1416,CountWise,Accounting,2024-02-14,2,Our team switched to CountWise last spring. It's very easy to use day to day. The API is poorly documented.,ease_of_use:positive;integrations:negative
1417,LedgerLeaf,Accounting,2025-09-07,1,Our team switched to LedgerLeaf last spring. We migrated from a legacy system. Rate limits on the API are far too strict. The tax reports is not intuitive at all. Search is so slow we stopped using it. Overall a disappointment.,ease_of_use:negative;integrations:negative
1418,SendGarden,Email Marketing,2024-03-17,4,We've used SendGarden for about a year. Not worth the money. Live chat support is fast and friendly. The segmentation is intuitive.,ease_of_use:positive;pricing:negative;support:positive
1419,LedgerLeaf,Accounting,2024-03-15,5,We've had basically no downtime. Search results come back in a blink.,performance:positive;reliability:positive
1420,MailMosaic,Email Marketing,2024-02-15,1,Been on MailMosaic for 18 months. We are a team of 209 people. Syncing with Google Calendar is unreliable. The automation workflows is missing basic options. Reports time out when the data gets large. Look elsewhere.,features:negative;integrations:negative;performance:negative
1421,InboxRocket,Email Marketing,2025-04-22,5,Importing our old data was easy. Highly recommend.,onboarding:positive
1422,HelpHive,Help Desk,2024-01-04,4,We mainly use it for the shared inbox. Our account manager is responsive and helpful. The learning curve is steep.,ease_of_use:negative;support:positive
1423,CountWise,Accounting,2024-11-04,1,Been on CountWise for 18 months. We evaluated it against two competitors. It gets painfully slow with a few thousand records. There is no phone support at all. The API is poorly documented.,integrations:negative;performance:negative;support:negative
1424,ChartCove,Analytics,2024-05-12,5,Search results come back in a blink. Setup was fast and the interface is intuitive.,ease_of_use:positive;onboarding:positive;performance:positive
1425,Pipely,CRM,2024-11-30,1,We've used Pipely for about a year. We migrated from a legacy system. Rate limits on the API are far too strict.,integrations:negative
1426,BookBridge,Accounting,2025-04-29,2,We've used BookBridge for about a year. I use it every day. The app freezes several times a day. Our account manager disappeared after we signed. Never lost any data.,performance:negative;reliability:positive;support:negative
1427,InsightForge,Analytics,2025-07-13,1,Our team switched to InsightForge last spring. There is no way to customize the dashboards.,features:negative
1428,Pipely,CRM,2025-01-31,1,The pipeline view takes ages to load. Expensive and support is useless. Would not recommend.,performance:negative;pricing:negative;support:negative
1429,Pipely,CRM,2025-04-01,1,Our team switched to Pipely last spring. We evaluated it against two competitors. The app freezes several times a day. We needed a paid consultant just to get started. Very frustrating experience.,onboarding:negative;performance:negative
1430,MetricMint,Analytics,2024-01-05,4,Our team switched to MetricMint last spring. We migrated from a legacy system. Too basic for a growing team. We had several outages during business hours. Support went above and beyond to fix our issue.,features:negative;reliability:negative;support:positive
1431,InsightForge,Analytics,2024-10-03,1,We've used InsightForge for about a year. Setup took weeks.,onboarding:negative
1432,TaskHarbor,Project Management,2025-06-13,1,Our team switched to TaskHarbor last spring. Reports time out when the data gets large.,performance:negative
1433,ClientOrbit,CRM,2025-01-23,1,Our team switched to ClientOrbit last spring. We evaluated it against two competitors. The deal tracking is missing basic options. Our account manager disappeared after we signed. The interface is cluttered and confusing. Look elsewhere.,ease_of_use:negative;features:negative;support:negative
1434,MailMosaic,Email Marketing,2025-03-26,5,Been on MailMosaic for 18 months. Most of our team works remotely. Pages load instantly. Never lost any data. The A/B testing is the best we've seen.,features:positive;performance:positive;reliability:positive
1435,ClientOrbit,CRM,2024-12-28,2,We've used ClientOrbit for about a year. We saved money by replacing two tools with it. The Salesforce integration works out of the box. The email sync is missing basic options.,features:negative;integrations:positive;pricing:positive
1436,Sprintly Pro,Project Management,2024-01-15,2,Our team switched to Sprintly Pro last spring. The Gantt chart is not intuitive at all. Pages load instantly. We had several outages during business hours.,ease_of_use:negative;performance:positive;reliability:negative
1437,Sprintly Pro,Project Management,2024-07-05,1,Our IT team handled the rollout. Half of our team still can't find basic settings. The Slack integration breaks every few weeks.,ease_of_use:negative;integrations:negative
1438,TaskHarbor,Project Management,2025-01-12,5,We've used TaskHarbor for about a year. It's very easy to use day to day.,ease_of_use:positive
1439,Sprintly Pro,Project Management,2024-06-08,4,"Been on Sprintly Pro for 18 months. New features ship regularly. Cheap, and the support team is lovely. Setup took weeks. It's cheaper than the alternatives we looked at.",features:positive;onboarding:negative;pricing:positive;support:positive
1440,HelpHive,Help Desk,2025-01-25,3,"Been on HelpHive for 18 months. Easy to use, but it gets slow with big projects. There's no native integration with our accounting tool. Key features from the demo still aren't available. The interface is cluttered and confusing. Very frustrating experience.",ease_of_use:negative;ease_of_use:positive;features:negative;integrations:negative;performance:negative
1441,MetricMint,Analytics,2024-02-05,3,Been on MetricMint for 18 months. The API is great but the pricing tiers are confusing and steep. We needed a paid consultant just to get started.,integrations:positive;onboarding:negative;pricing:negative
1442,ClientOrbit,CRM,2024-12-06,1,Been on ClientOrbit for 18 months. I use it every day. The contact management takes ages to load. We had several outages during business hours. Customer support rarely fixes anything.,performance:negative;reliability:negative;support:negative
1443,Pipely,CRM,2025-03-05,1,We've used Pipely for about a year. We are a team of 183 people. The setup documentation is outdated. It gets painfully slow with a few thousand records. Look elsewhere.,onboarding:negative;performance:negative
1444,TicketTide,Help Desk,2024-06-29,5,Been on TicketTide for 18 months. The per-seat price is very reasonable. Would recommend to any growing team.,pricing:positive
1445,Pipely,CRM,2025-08-16,4,Been on Pipely for 18 months. We evaluated it against two competitors. Setup was quick and painless. The contact management alone is worth it. It gets painfully slow with a few thousand records.,features:positive;onboarding:positive;performance:negative
1446,PlanBoard,Project Management,2024-12-06,1,We've used PlanBoard for about a year. We waited two weeks for a reply to a critical ticket.,support:negative
1447,ChartCove,Analytics,2024-09-28,4,We've used ChartCove for about a year. It takes far too many clicks to do simple things. Setup was fast and the interface is intuitive. Basic features are locked behind the enterprise plan. Very frustrating experience.,ease_of_use:negative;ease_of_use:positive;onboarding:positive;pricing:negative
1448,InsightForge,Analytics,2024-07-19,4,"Been on InsightForge for 18 months. We evaluated it against two competitors. The learning curve is steep. Whenever we got stuck, support had an answer the same day.",ease_of_use:negative;support:positive
1449,MetricMint,Analytics,2025-05-17,5,"We've used MetricMint for about a year. We evaluated it against two competitors. It just works, every single day. Would recommend to any growing team.",reliability:positive
1450,MetricMint,Analytics,2025-04-11,2,Our team switched to MetricMint last spring. Our IT team handled the rollout. We saved money by replacing two tools with it. We were up and running in a day. It crashes a lot and support never helps.,onboarding:positive;pricing:positive;reliability:negative;support:negative
1451,TicketTide,Help Desk,2024-09-28,2,"Our team switched to TicketTide last spring. Fast, stable and never down. The interface is cluttered and confusing.",ease_of_use:negative;performance:positive;reliability:positive
1452,TicketTide,Help Desk,2025-05-03,1,We've used TicketTide for about a year. We needed a paid consultant just to get started. There is no way to customize the ticket routing. It takes far too many clicks to do simple things. Look elsewhere.,ease_of_use:negative;features:negative;onboarding:negative
1453,SupportLoop,Help Desk,2024-07-22,1,Been on SupportLoop for 18 months. We migrated from a legacy system. Way too expensive for what you get. Half of our team still can't find basic settings.,ease_of_use:negative;pricing:negative
1454,LedgerLeaf,Accounting,2024-12-22,5,Our team switched to LedgerLeaf last spring. We evaluated it against two competitors. The automation options are powerful. It handles our large datasets without slowing down. Importing our old data was easy. Overall a great experience.,features:positive;onboarding:positive;performance:positive
1455,TicketTide,Help Desk,2024-09-11,5,We've used TicketTide for about a year. Our IT team handled the rollout. We were up and running in a day.,onboarding:positive
1456,ChartCove,Analytics,2024-03-28,1,Been on ChartCove for 18 months. Half of our team still can't find basic settings. Syncing with Google Calendar is unreliable.,ease_of_use:negative;integrations:negative
1457,SupportLoop,Help Desk,2025-08-17,2,Been on SupportLoop for 18 months. The support team actually solves problems. We've had basically no downtime. Not worth the money. Would recommend to any growing team.,pricing:negative;reliability:positive;support:positive
1458,SupportLoop,Help Desk,2024-09-26,4,"Syncing fails silently. Great features, terrible price.",features:positive;pricing:negative;reliability:negative
1459,MetricMint,Analytics,2025-01-30,1,We've used MetricMint for about a year. Customer support rarely fixes anything. The roadmap has been stuck for a year. Basic features are locked behind the enterprise plan.,features:negative;pricing:negative;support:negative
1460,TicketTide,Help Desk,2025-05-03,5,Been on TicketTide for 18 months. We are a team of 246 people. Everything is where you expect it to be.,ease_of_use:positive
1461,BookBridge,Accounting,2025-02-23,2,Search results come back in a blink. Expensive and support is useless. Customer support answers within minutes.,performance:positive;pricing:negative;support:negative;support:positive
1462,MetricMint,Analytics,2025-09-14,1,We've used MetricMint for about a year. We evaluated it against two competitors. Support kept sending us canned answers. Way too expensive for what you get.,pricing:negative;support:negative
1463,SupportLoop,Help Desk,2024-03-25,5,We've used SupportLoop for about a year. I use it every day. The Salesforce integration works out of the box. Not a single outage in two years. Customer support answers within minutes. Love it.,integrations:positive;reliability:positive;support:positive
1464,CountWise,Accounting,2025-07-07,5,"I use it every day. We saved money by replacing two tools with it. It just works, every single day. Would recommend to any growing team.",pricing:positive;reliability:positive
1465,HelpHive,Help Desk,2025-02-20,5,Been on HelpHive for 18 months. We were up and running in a day. Setup was fast and the interface is intuitive.,ease_of_use:positive;onboarding:positive
1466,InboxRocket,Email Marketing,2025-01-09,4,Been on InboxRocket for 18 months. We migrated from a legacy system. Data syncs reliably. It gets painfully slow with a few thousand records. Reports are flexible and easy to customize.,features:positive;performance:negative;reliability:positive
1467,InsightForge,Analytics,2024-07-14,1,We migrated from a legacy system. The Slack integration breaks every few weeks. We needed a paid consultant just to get started.,integrations:negative;onboarding:negative
1468,ChartCove,Analytics,2025-05-01,3,Our team switched to ChartCove last spring. Importing our old data was easy. Great value for money. Syncing fails silently.,onboarding:positive;pricing:positive;reliability:negative
1469,InsightForge,Analytics,2024-04-29,5,Been on InsightForge for 18 months. It's very easy to use day to day. The dashboards alone is worth it.,ease_of_use:positive;features:positive
1470,LedgerLeaf,Accounting,2025-09-02,3,Been on LedgerLeaf for 18 months. The learning curve is steep. Support went above and beyond to fix our issue. Overall a great experience.,ease_of_use:negative;support:positive
1471,HelpHive,Help Desk,2025-02-21,1,Our team switched to HelpHive last spring. We needed a paid consultant just to get started. Would not recommend.,onboarding:negative
1472,ChartCove,Analytics,2025-09-18,5,We saved money by replacing two tools with it. It has every feature we need. Support went above and beyond to fix our issue. Highly recommend.,features:positive;pricing:positive;support:positive
1473,ChartCove,Analytics,2025-08-16,5,Been on ChartCove for 18 months. We evaluated it against two competitors. Zapier support covers everything else we need. Highly recommend.,integrations:positive
1474,TaskHarbor,Project Management,2025-06-27,5,We've used TaskHarbor for about a year. It's very easy to use day to day. We were up and running in a day. The support team actually solves problems. Love it.,ease_of_use:positive;onboarding:positive;support:positive
1475,TicketTide,Help Desk,2025-09-15,1,Been on TicketTide for 18 months. We waited two weeks for a reply to a critical ticket. It crashes a lot and support never helps. Rate limits on the API are far too strict.,integrations:negative;reliability:negative;support:negative
1476,SendGarden,Email Marketing,2025-09-12,2,"We've used SendGarden for about a year. Easy to use, but it gets slow with big projects. Not a single outage in two years. Live chat support is fast and friendly. Love it.",performance:negative;reliability:positive;support:positive
1477,ChartCove,Analytics,2024-12-04,1,We've used ChartCove for about a year. The roadmap has been stuck for a year.,features:negative
1478,InsightForge,Analytics,2024-10-27,3,Been on InsightForge for 18 months. Syncing fails silently. Support went above and beyond to fix our issue. Setup was quick and painless.,onboarding:positive;reliability:negative;support:positive
1479,SupportLoop,Help Desk,2024-11-29,2,Our team switched to SupportLoop last spring. We migrated from a legacy system. Our account manager is responsive and helpful. They raised the price by 40% with almost no notice. Would recommend to any growing team.,pricing:negative;support:positive
1480,PlanBoard,Project Management,2025-05-08,4,Our team switched to PlanBoard last spring. Zapier support covers everything else we need. The roadmap has been stuck for a year.,features:negative;integrations:positive
1481,InboxRocket,Email Marketing,2025-09-02,4,Been on InboxRocket for 18 months. Expensive and support is useless. We had several outages during business hours. The segmentation alone is worth it.,features:positive;pricing:negative;reliability:negative;support:negative
1482,PlanBoard,Project Management,2024-12-20,4,Been on PlanBoard for 18 months. The Gantt chart is buggy and loses data occasionally. Pages load instantly. There is no phone support at all.,performance:positive;reliability:negative;support:negative
1483,SupportLoop,Help Desk,2024-05-25,1,Our account manager disappeared after we signed.,support:negative
1484,InsightForge,Analytics,2025-08-02,1,I use it every day. The Slack integration breaks every few weeks. Importing our old data was a nightmare. The app freezes several times a day. Would not recommend.,integrations:negative;onboarding:negative;performance:negative
1485,TaskHarbor,Project Management,2024-08-21,5,Our team switched to TaskHarbor last spring. The time tracking alone is worth it. The workload view is intuitive. The onboarding call was really useful. Overall a great experience.,ease_of_use:positive;features:positive;onboarding:positive
1486,Pipely,CRM,2025-06-23,1,We mainly use it for the email sync. We waited two weeks for a reply to a critical ticket.,support:negative
1487,DealNest,CRM,2024-03-07,3,Our team switched to DealNest last spring. We are a team of 86 people. There is no phone support at all. Great value for money.,pricing:positive;support:negative
1488,Sprintly Pro,Project Management,2024-08-26,3,"We've used Sprintly Pro for about a year. Great features, terrible price. Customer support rarely fixes anything. Every update seems to break something.",features:positive;pricing:negative;reliability:negative;support:negative
1489,BookBridge,Accounting,2025-06-21,5,The support team actually solves problems. Never lost any data. Overall a great experience.,reliability:positive;support:positive
1490,LedgerLeaf,Accounting,2024-06-17,5,Our team switched to LedgerLeaf last spring. Setup was fast and the interface is intuitive. New features ship regularly.,ease_of_use:positive;features:positive;onboarding:positive
1491,TicketTide,Help Desk,2024-08-24,2,"It gets painfully slow with a few thousand records. Not cheap, but worth every cent. The shared inbox is missing basic options.",features:negative;performance:negative;pricing:positive
1492,MailMosaic,Email Marketing,2024-12-02,3,"Search results come back in a blink. Great features, terrible price.",features:positive;performance:positive;pricing:negative
1493,DealNest,CRM,2024-10-07,1,We've used DealNest for about a year. I use it every day. Importing our old data was a nightmare. Very frustrating experience.,onboarding:negative
1494,HelpHive,Help Desk,2024-06-03,3,"Our team switched to HelpHive last spring. We migrated from a legacy system. The API is poorly documented. Easy to use, but it gets slow with big projects. We saved money by replacing two tools with it. Setup took weeks. Would not recommend.",ease_of_use:positive;integrations:negative;onboarding:negative;performance:negative;pricing:positive
1495,InsightForge,Analytics,2024-11-11,2,"Importing our old data was easy. The per-seat pricing gets painful as you grow. Great features, terrible price. The data connectors alone is worth it.",features:positive;onboarding:positive;pricing:negative
1496,SendGarden,Email Marketing,2025-09-30,1,We are a team of 160 people. Support takes days to reply. The mobile app crashes constantly. The Slack integration breaks every few weeks. Look elsewhere.,integrations:negative;reliability:negative;support:negative
1497,HelpHive,Help Desk,2025-09-28,4,Been on HelpHive for 18 months. Our IT team handled the rollout. It handles our large datasets without slowing down. Syncing fails silently.,performance:positive;reliability:negative
1498,HelpHive,Help Desk,2025-09-18,5,We've used HelpHive for about a year. We migrated from a legacy system. Support went above and beyond to fix our issue.,support:positive
1499,HelpHive,Help Desk,2025-03-28,2,"Our team switched to HelpHive last spring. Whenever we got stuck, support had an answer the same day. The API is great but the pricing tiers are confusing and steep.",integrations:positive;pricing:negative;support:positive
1500,ClientOrbit,CRM,2025-08-15,1,Our IT team handled the rollout. The roadmap has been stuck for a year. Support takes days to reply. Overall a disappointment.,features:negative;support:negative
1501,InboxRocket,Email Marketing,2025-05-20,5,Been on InboxRocket for 18 months. Most of our team works remotely. Customer support answers within minutes. Connecting our existing tools took minutes. Would recommend to any growing team.,integrations:positive;support:positive
1502,ChartCove,Analytics,2024-09-19,3,Our team switched to ChartCove last spring. It takes far too many clicks to do simple things. Search results come back in a blink. Importing our old data was easy. Would recommend to any growing team.,ease_of_use:negative;onboarding:positive;performance:positive
1503,InboxRocket,Email Marketing,2025-09-30,5,Our team switched to InboxRocket last spring. The email editor alone is worth it. The setup documentation is outdated.,features:positive
1504,Sprintly Pro,Project Management,2024-05-22,2,"We've used Sprintly Pro for about a year. Great features, terrible price. The learning curve is steep. Too basic for a growing team. Setup took weeks. Overall a disappointment.",ease_of_use:negative;features:negative;features:positive;onboarding:negative;pricing:negative
1505,LedgerLeaf,Accounting,2024-07-02,1,We are a team of 293 people. Reporting is very limited. It gets painfully slow with a few thousand records. Half of our team still can't find basic settings. Overall a disappointment.,ease_of_use:negative;features:negative;performance:negative
1506,Pipely,CRM,2024-09-12,1,It gets painfully slow with a few thousand records. Onboarding was confusing and badly organized. There's no native integration with our accounting tool. Very frustrating experience.,integrations:negative;onboarding:negative;performance:negative
1507,BookBridge,Accounting,2024-06-08,1,The Slack integration breaks every few weeks. Expensive and support is useless. The invoicing takes ages to load. The mobile app crashes constantly. Very frustrating experience.,integrations:negative;performance:negative;pricing:negative;reliability:negative;support:negative
1508,TaskHarbor,Project Management,2025-03-18,2,I use it every day. The Gantt chart is intuitive. Reporting is very limited. Overall a great experience.,ease_of_use:positive;features:negative
1509,DealNest,CRM,2025-04-18,5,We've used DealNest for about a year. We mainly use it for the pipeline view. Live chat support is fast and friendly. Would recommend to any growing team.,support:positive
1510,SupportLoop,Help Desk,2025-07-02,2,Our team switched to SupportLoop last spring. Most of our team works remotely. It integrates smoothly with Slack and Google Workspace. The per-seat pricing gets painful as you grow. The roadmap has been stuck for a year.,features:negative;integrations:positive;pricing:negative
1511,Sprintly Pro,Project Management,2024-06-28,2,Been on Sprintly Pro for 18 months. The API is poorly documented. Pricing is fair for what you get. Reports are flexible and easy to customize.,features:positive;integrations:negative;pricing:positive
1512,CountWise,Accounting,2025-05-30,5,Our team switched to CountWise last spring. Pricing is fair for what you get. Highly recommend.,pricing:positive
1513,InboxRocket,Email Marketing,2024-04-26,1,We've used InboxRocket for about a year. Onboarding was confusing and badly organized. The mobile app crashes constantly. Look elsewhere.,onboarding:negative;reliability:negative
1514,SendGarden,Email Marketing,2024-06-08,3,Been on SendGarden for 18 months. The Slack integration breaks every few weeks. The support team actually solves problems. Everything is where you expect it to be.,ease_of_use:positive;integrations:negative;support:positive
1515,InsightForge,Analytics,2025-09-04,5,The data connectors is snappy. Connecting our existing tools took minutes.,integrations:positive;performance:positive
1516,TaskHarbor,Project Management,2025-01-08,5,"Been on TaskHarbor for 18 months. Our IT team handled the rollout. It's fast, even with thousands of records.",performance:positive
1517,HelpHive,Help Desk,2024-09-19,1,Been on HelpHive for 18 months. Key features from the demo still aren't available. Overall a disappointment.,features:negative
1518,CountWise,Accounting,2025-03-08,1,Navigation is a maze.,ease_of_use:negative
1519,SupportLoop,Help Desk,2025-01-29,5,The Salesforce integration works out of the box.,integrations:positive
1520,CountWise,Accounting,2024-12-24,2,"Been on CountWise for 18 months. Most of our team works remotely. It's fast, even with thousands of records. It crashes a lot and support never helps. The free plan is generous. Not a single outage in two years.",performance:positive;pricing:positive;reliability:negative;reliability:positive;support:negative
1521,Sprintly Pro,Project Management,2024-11-28,2,Been on Sprintly Pro for 18 months. Reports are flexible and easy to customize. Great value for money. There is no phone support at all.,features:positive;pricing:positive;support:negative
1522,SupportLoop,Help Desk,2025-02-14,2,Been on SupportLoop for 18 months. I use it every day. It gets painfully slow with a few thousand records. There's no native integration with our accounting tool. The ticket routing alone is worth it. Would not recommend.,features:positive;integrations:negative;performance:negative
1523,ClientOrbit,CRM,2025-05-25,3,Our team switched to ClientOrbit last spring. Not worth the money. Our account manager is responsive and helpful. Overall a disappointment.,pricing:negative;support:positive
1524,SendGarden,Email Marketing,2025-09-21,2,Been on SendGarden for 18 months. We evaluated it against two competitors. We waited two weeks for a reply to a critical ticket. It's very easy to use day to day. The A/B testing alone is worth it.,ease_of_use:positive;features:positive;support:negative
1525,BookBridge,Accounting,2024-10-06,1,Been on BookBridge for 18 months. Not worth the money. Expensive and support is useless. Would not recommend.,pricing:negative;support:negative
1526,ChartCove,Analytics,2025-02-25,2,We've used ChartCove for about a year. Expensive and support is useless. The roadmap has been stuck for a year. The Salesforce integration works out of the box.,features:negative;integrations:positive;pricing:negative;support:negative
1527,DealNest,CRM,2024-02-05,2,"Hidden fees showed up on our second invoice. Syncing with Google Calendar is unreliable. Easy to use, but it gets slow with big projects. Support takes days to reply. Look elsewhere.",ease_of_use:positive;integrations:negative;performance:negative;pricing:negative;support:negative
1528,ClientOrbit,CRM,2024-12-23,5,"Our team switched to ClientOrbit last spring. We migrated from a legacy system. It's fast, even with thousands of records.",performance:positive
1529,SupportLoop,Help Desk,2025-07-12,1,Been on SupportLoop for 18 months. Navigation is a maze.,ease_of_use:negative
1530,Sprintly Pro,Project Management,2024-11-17,1,Been on Sprintly Pro for 18 months. The learning curve is steep. Very frustrating experience.,ease_of_use:negative
1531,TaskHarbor,Project Management,2024-09-27,4,We've used TaskHarbor for about a year. Search results come back in a blink. Customer support rarely fixes anything. Basic features are locked behind the enterprise plan.,performance:positive;pricing:negative;support:negative
1532,InboxRocket,Email Marketing,2024-06-21,1,Been on InboxRocket for 18 months. We mainly use it for the A/B testing. We waited two weeks for a reply to a critical ticket. Onboarding was confusing and badly organized.,onboarding:negative;support:negative
1533,CountWise,Accounting,2024-09-05,5,Our team switched to CountWise last spring. We evaluated it against two competitors. The per-seat price is very reasonable. Customer support answers within minutes. Love it.,pricing:positive;support:positive
1534,CountWise,Accounting,2024-06-18,3,"Our team switched to CountWise last spring. It has every feature we need. Every update seems to break something. Fast, stable and never down.",features:positive;performance:positive;reliability:negative;reliability:positive
1535,HelpHive,Help Desk,2024-01-11,4,"Our team switched to HelpHive last spring. Easy to use, but it gets slow with big projects. We migrated from a legacy system. Onboarding was confusing and badly organized. The support team actually solves problems. We had several outages during business hours.",ease_of_use:positive;onboarding:negative;performance:negative;reliability:negative;support:positive
1536,ChartCove,Analytics,2024-02-17,5,Been on ChartCove for 18 months. We migrated from a legacy system. The dashboards is snappy. Highly recommend.,performance:positive
1537,ChartCove,Analytics,2024-05-18,4,Been on ChartCove for 18 months. It's very easy to use day to day. The app freezes several times a day.,ease_of_use:positive;performance:negative
1538,PlanBoard,Project Management,2024-06-23,1,We've used PlanBoard for about a year. We evaluated it against two competitors. Syncing fails silently.,reliability:negative
1539,InsightForge,Analytics,2025-03-17,4,Most of our team works remotely. Navigation is a maze. Pages load instantly. Overall a disappointment.,ease_of_use:negative;performance:positive
1540,TicketTide,Help Desk,2024-03-31,1,Search is so slow we stopped using it.,performance:negative
1541,TicketTide,Help Desk,2025-06-05,1,We migrated from a legacy system. Search is so slow we stopped using it. Too basic for a growing team. The live chat widget is buggy and loses data occasionally.,features:negative;performance:negative;reliability:negative
1542,PlanBoard,Project Management,2025-01-07,2,Our team switched to PlanBoard last spring. Most of our team works remotely. Even our non-technical staff picked it up quickly. We needed a paid consultant just to get started.,ease_of_use:positive;onboarding:negative
1543,DealNest,CRM,2025-02-27,5,"We migrated from a legacy system. The deal tracking is intuitive. It's fast, even with thousands of records.",ease_of_use:positive;performance:positive
1544,LedgerLeaf,Accounting,2024-01-18,5,Our team switched to LedgerLeaf last spring. It has every feature we need. Would recommend to any growing team.,features:positive
1545,BookBridge,Accounting,2024-08-11,1,Our team switched to BookBridge last spring. Half of our team still can't find basic settings. They raised the price by 40% with almost no notice.,ease_of_use:negative;pricing:negative
1546,InboxRocket,Email Marketing,2024-07-07,3,"We've used InboxRocket for about a year. Great features, terrible price. I use it every day. Connecting our existing tools took minutes. It handles our large datasets without slowing down.",features:positive;integrations:positive;performance:positive;pricing:negative
1547,InboxRocket,Email Marketing,2024-03-26,3,"We've used InboxRocket for about a year. Fast, stable and never down. We've had basically no downtime. Search is so slow we stopped using it. The per-seat pricing gets painful as you grow.",performance:negative;performance:positive;pricing:negative;reliability:positive
1548,MetricMint,Analytics,2025-02-22,2,"Not worth the money. The funnel analysis is the best we've seen. It just works, every single day.",features:positive;pricing:negative;reliability:positive
1549,Sprintly Pro,Project Management,2024-03-04,1,I use it every day. Not worth the money.,pricing:negative
1550,InsightForge,Analytics,2025-01-29,1,Our team switched to InsightForge last spring. It gets painfully slow with a few thousand records. There is no phone support at all. Very frustrating experience.,performance:negative;support:negative
1551,TicketTide,Help Desk,2025-06-22,5,Been on TicketTide for 18 months. I use it every day. It handles our large datasets without slowing down.,performance:positive
1552,ChartCove,Analytics,2024-09-19,5,Our team switched to ChartCove last spring. Great value for money. Overall a great experience.,pricing:positive
1553,InboxRocket,Email Marketing,2024-12-28,5,Most of our team works remotely. The onboarding call was really useful.,onboarding:positive
1554,SupportLoop,Help Desk,2024-10-14,5,Our team switched to SupportLoop last spring. Pages load instantly. Navigation is simple and logical.,ease_of_use:positive
1555,TaskHarbor,Project Management,2025-03-29,1,Rate limits on the API are far too strict.,integrations:negative
1556,MailMosaic,Email Marketing,2024-04-13,5,Our team switched to MailMosaic last spring. We are a team of 88 people. We were up and running in a day. Love it.,onboarding:positive
1557,Sprintly Pro,Project Management,2024-08-11,4,Our team switched to Sprintly Pro last spring. I use it every day. Onboarding was confusing and badly organized. Way too expensive for what you get. The Salesforce integration works out of the box.,integrations:positive;onboarding:negative;pricing:negative
1558,InsightForge,Analytics,2025-03-31,3,Been on InsightForge for 18 months. The data connectors alone is worth it. The mobile app crashes constantly. It's cheaper than the alternatives we looked at. Highly recommend.,features:positive;pricing:positive;reliability:negative
1559,Sprintly Pro,Project Management,2024-10-24,2,"Been on Sprintly Pro for 18 months. Easy to use, but it gets slow with big projects. We mainly use it for the workload view. Even our non-technical staff picked it up quickly. The per-seat price is very reasonable. The onboarding guides were clear. Would recommend to any growing team.",ease_of_use:positive;onboarding:positive;performance:negative;pricing:positive
1560,ChartCove,Analytics,2025-09-26,5,"Our team switched to ChartCove last spring. Most of our team works remotely. Whenever we got stuck, support had an answer the same day. Highly recommend.",support:positive
1561,HelpHive,Help Desk,2024-03-07,1,Our team switched to HelpHive last spring. We are a team of 113 people. It takes far too many clicks to do simple things. It gets painfully slow with a few thousand records.,ease_of_use:negative;performance:negative
1562,MetricMint,Analytics,2024-02-14,1,The dashboards takes ages to load. Navigation is a maze.,ease_of_use:negative;performance:negative
1563,TicketTide,Help Desk,2024-04-19,5,"We've used TicketTide for about a year. It's very easy to use day to day. Cheap, and the support team is lovely. Data syncs reliably.",ease_of_use:positive;pricing:positive;reliability:positive;support:positive
1564,SupportLoop,Help Desk,2025-04-29,5,Data syncs reliably. Setup was quick and painless.,onboarding:positive;reliability:positive
1565,PlanBoard,Project Management,2025-03-31,4,Our team switched to PlanBoard last spring. The automation options are powerful. It integrates smoothly with Slack and Google Workspace. The mobile app crashes constantly.,features:positive;integrations:positive;reliability:negative
1566,Sprintly Pro,Project Management,2025-08-08,5,"Our team switched to Sprintly Pro last spring. Not cheap, but worth every cent. Love it.",pricing:positive
1567,HelpHive,Help Desk,2024-03-01,3,"We've used HelpHive for about a year. Syncing fails silently. Fast, stable and never down. Half of our team still can't find basic settings. Hidden fees showed up on our second invoice. Would not recommend.",ease_of_use:negative;performance:positive;pricing:negative;reliability:negative;reliability:positive
1568,TicketTide,Help Desk,2024-07-03,1,It costs twice as much as the competitors. Reports time out when the data gets large.,performance:negative;pricing:negative
1569,TaskHarbor,Project Management,2025-06-22,5,Our team switched to TaskHarbor last spring. It has every feature we need.,features:positive
1570,InsightForge,Analytics,2024-06-15,2,"Most of our team works remotely. Reporting is very limited. Great features, terrible price. Very frustrating experience.",features:negative;features:positive;pricing:negative
1571,Sprintly Pro,Project Management,2024-09-08,1,The app freezes several times a day. Every update seems to break something.,performance:negative;reliability:negative
1572,MetricMint,Analytics,2025-09-29,1,We've used MetricMint for about a year. I use it every day. The learning curve is steep. Overall a disappointment.,ease_of_use:negative
1573,LedgerLeaf,Accounting,2024-09-21,5,Our team switched to LedgerLeaf last spring. We mainly use it for the invoicing. Our account manager is responsive and helpful. The free plan is generous.,pricing:positive;support:positive
1574,TicketTide,Help Desk,2024-02-28,5,Our team switched to TicketTide last spring. Our IT team handled the rollout. Customer support answers within minutes. The knowledge base is the best we've seen.,features:positive;support:positive
1575,TicketTide,Help Desk,2025-01-01,1,Been on TicketTide for 18 months. The per-seat pricing gets painful as you grow. The knowledge base is not intuitive at all. Overall a disappointment.,ease_of_use:negative;pricing:negative
1576,Sprintly Pro,Project Management,2024-11-28,3,Our team switched to Sprintly Pro last spring. There is no phone support at all. There's no native integration with our accounting tool. Reports time out when the data gets large. The API is great but the pricing tiers are confusing and steep.,integrations:negative;integrations:positive;performance:negative;pricing:negative;support:negative
1577,MailMosaic,Email Marketing,2024-01-25,1,Been on MailMosaic for 18 months. The roadmap has been stuck for a year. The API is poorly documented. Support takes days to reply. Overall a disappointment.,features:negative;support:negative
1578,ClientOrbit,CRM,2024-05-16,3,Been on ClientOrbit for 18 months. We migrated from a legacy system. We waited two weeks for a reply to a critical ticket. Navigation is a maze. Not a single outage in two years. Would not recommend.,ease_of_use:negative;reliability:positive;support:negative
1579,SupportLoop,Help Desk,2025-05-08,1,Our team switched to SupportLoop last spring. There is no phone support at all.,support:negative
1580,ChartCove,Analytics,2025-06-13,5,Been on ChartCove for 18 months. We mainly use it for the dashboards. The onboarding call was really useful.,onboarding:positive
1581,InsightForge,Analytics,2024-01-17,5,We migrated from a legacy system. The Salesforce integration works out of the box.,integrations:positive
1582,PlanBoard,Project Management,2024-01-01,1,Our team switched to PlanBoard last spring. We evaluated it against two competitors. Search is so slow we stopped using it.,performance:negative
1583,TicketTide,Help Desk,2024-05-11,4,"Been on TicketTide for 18 months. Our IT team handled the rollout. There is no way to customize the knowledge base. It gets painfully slow with a few thousand records. The support team actually solves problems. Fast, stable and never down.",features:negative;performance:negative;performance:positive;reliability:positive;support:positive
1584,MailMosaic,Email Marketing,2025-04-14,5,"We've used MailMosaic for about a year. We are a team of 38 people. Live chat support is fast and friendly. It just works, every single day. Highly recommend.",reliability:positive;support:positive
1585,ChartCove,Analytics,2024-04-10,1,We've used ChartCove for about a year. Support kept sending us canned answers.,support:negative
1586,SupportLoop,Help Desk,2024-10-29,3,"The onboarding call was really useful. The per-seat price is very reasonable. Easy to use, but it gets slow with big projects. New features ship regularly.",ease_of_use:positive;features:positive;onboarding:positive;performance:negative;pricing:positive
1587,CountWise,Accounting,2025-08-19,5,We've used CountWise for about a year. Data syncs reliably. Support went above and beyond to fix our issue.,reliability:positive;support:positive
1588,SendGarden,Email Marketing,2025-08-04,2,Been on SendGarden for 18 months. I use it every day. Support went above and beyond to fix our issue. Syncing fails silently.,reliability:negative;support:positive
1589,CountWise,Accounting,2024-05-09,2,Our team switched to CountWise last spring. The API is great but the pricing tiers are confusing and steep. Setup was quick and painless. The Slack integration breaks every few weeks.,integrations:negative;integrations:positive;onboarding:positive;pricing:negative
1590,Sprintly Pro,Project Management,2024-10-15,5,Our team switched to Sprintly Pro last spring. The workload view is intuitive. Importing our old data was easy. Never lost any data. Love it.,ease_of_use:positive;onboarding:positive;reliability:positive
1591,HelpHive,Help Desk,2025-03-24,3,We've used HelpHive for about a year. Too basic for a growing team. The API is great but the pricing tiers are confusing and steep.,features:negative;integrations:positive;pricing:negative
1592,MailMosaic,Email Marketing,2024-12-04,1,There is no way to customize the A/B testing. The interface is cluttered and confusing.,ease_of_use:negative;features:negative
1593,SendGarden,Email Marketing,2025-08-27,5,Most of our team works remotely. Navigation is simple and logical. We've had basically no downtime. The A/B testing alone is worth it. Overall a great experience.,ease_of_use:positive;features:positive;reliability:positive
1594,TicketTide,Help Desk,2024-07-28,4,"Our team switched to TicketTide last spring. Easy to use, but it gets slow with big projects. We migrated from a legacy system. The knowledge base is buggy and loses data occasionally. Not cheap, but worth every cent.",ease_of_use:positive;performance:negative;pricing:positive;reliability:negative
1595,ChartCove,Analytics,2025-07-02,5,Been on ChartCove for 18 months. Search results come back in a blink.,performance:positive
1596,SendGarden,Email Marketing,2024-03-22,2,"We've used SendGarden for about a year. There's no native integration with our accounting tool. It just works, every single day. The roadmap has been stuck for a year. Very frustrating experience.",features:negative;integrations:negative;reliability:positive
1597,LedgerLeaf,Accounting,2024-05-19,1,We've used LedgerLeaf for about a year. We had several outages during business hours. The interface is cluttered and confusing. The per-seat pricing gets painful as you grow.,ease_of_use:negative;pricing:negative;reliability:negative
1598,Sprintly Pro,Project Management,2025-09-05,3,Been on Sprintly Pro for 18 months. We migrated from a legacy system. Support kept sending us canned answers. It integrates smoothly with Slack and Google Workspace. Setup was quick and painless. Love it.,integrations:positive;onboarding:positive;support:negative
1599,TaskHarbor,Project Management,2025-02-26,3,"Our team switched to TaskHarbor last spring. Basic features are locked behind the enterprise plan. Cheap, and the support team is lovely. There's no native integration with our accounting tool. The time tracking is not intuitive at all.",ease_of_use:negative;integrations:negative;pricing:negative;pricing:positive;support:positive
1600,MailMosaic,Email Marketing,2025-07-23,2,"Our team switched to MailMosaic last spring. It costs twice as much as the competitors. It's fast, even with thousands of records. There is no way to customize the automation workflows.",features:negative;performance:positive;pricing:negative
1601,DealNest,CRM,2024-10-06,4,We've used DealNest for about a year. We saved money by replacing two tools with it. Expensive and support is useless.,pricing:negative;pricing:positive;support:negative
1602,SupportLoop,Help Desk,2025-09-22,1,Our team switched to SupportLoop last spring. There's no native integration with our accounting tool. Look elsewhere.,integrations:negative
1603,MetricMint,Analytics,2025-09-22,5,We've used MetricMint for about a year. Support went above and beyond to fix our issue. Way too expensive for what you get. We were up and running in a day.,onboarding:positive;support:positive
1604,SupportLoop,Help Desk,2024-08-06,3,Been on SupportLoop for 18 months. Most of our team works remotely. Rate limits on the API are far too strict. It gets painfully slow with a few thousand records. New features ship regularly. Would not recommend.,features:positive;integrations:negative;performance:negative
1605,TicketTide,Help Desk,2025-04-04,5,"Been on TicketTide for 18 months. It's very easy to use day to day. It's fast, even with thousands of records.",ease_of_use:positive;performance:positive
1606,LedgerLeaf,Accounting,2024-09-30,1,We've used LedgerLeaf for about a year. The learning curve is steep.,ease_of_use:negative
1607,TaskHarbor,Project Management,2025-01-10,5,Our team switched to TaskHarbor last spring. It's cheaper than the alternatives we looked at.,pricing:positive
1608,BookBridge,Accounting,2024-08-20,4,We've used BookBridge for about a year. They raised the price by 40% with almost no notice. Customer support answers within minutes. Look elsewhere.,pricing:negative;support:positive
1609,LedgerLeaf,Accounting,2025-01-27,5,Been on LedgerLeaf for 18 months. Zapier support covers everything else we need. The free plan is generous. Live chat support is fast and friendly. Love it.,integrations:positive;pricing:positive;support:positive
1610,SendGarden,Email Marketing,2024-06-29,5,Been on SendGarden for 18 months. Pages load instantly. The free plan is generous. Love it.,performance:positive;pricing:positive
1611,InboxRocket,Email Marketing,2025-05-28,5,Our team switched to InboxRocket last spring. We evaluated it against two competitors. Everything is where you expect it to be.,ease_of_use:positive
1612,TicketTide,Help Desk,2024-03-03,2,"Been on TicketTide for 18 months. Cheap, and the support team is lovely. The roadmap has been stuck for a year. Overall a disappointment.",features:negative;pricing:positive;support:positive
1613,Pipely,CRM,2024-06-18,3,Been on Pipely for 18 months. The API is great but the pricing tiers are confusing and steep. We evaluated it against two competitors. Search results come back in a blink. We were up and running in a day. Overall a great experience.,integrations:positive;onboarding:positive;performance:positive;pricing:negative
1614,Pipely,CRM,2024-06-25,5,"Been on Pipely for 18 months. Our IT team handled the rollout. It just works, every single day.",reliability:positive
1615,Pipely,CRM,2024-11-17,1,Our team switched to Pipely last spring. Most of our team works remotely. It costs twice as much as the competitors. Key features from the demo still aren't available.,features:negative;pricing:negative
1616,Pipely,CRM,2025-08-26,2,We are a team of 176 people. Our account manager disappeared after we signed. It handles our large datasets without slowing down. Data syncs reliably.,performance:positive;reliability:positive;support:negative
1617,TaskHarbor,Project Management,2024-06-14,5,Been on TaskHarbor for 18 months. Great value for money. Customer support answers within minutes. New features ship regularly.,features:positive;pricing:positive;support:positive
1618,MailMosaic,Email Marketing,2025-09-19,5,We've used MailMosaic for about a year. Navigation is simple and logical.,ease_of_use:positive
1619,BookBridge,Accounting,2024-05-10,4,Our team switched to BookBridge last spring. The API is great but the pricing tiers are confusing and steep. We needed a paid consultant just to get started. The bank reconciliation is missing basic options.,features:negative;integrations:positive;onboarding:negative;pricing:negative
1620,TicketTide,Help Desk,2024-03-12,4,"Setup took weeks. Great features, terrible price.",features:positive;onboarding:negative;pricing:negative
1621,InboxRocket,Email Marketing,2025-01-29,5,Been on InboxRocket for 18 months. The onboarding guides were clear. We saved money by replacing two tools with it. Highly recommend.,onboarding:positive;pricing:positive
1622,ChartCove,Analytics,2024-08-07,1,We've used ChartCove for about a year. Onboarding was confusing and badly organized. We had several outages during business hours.,onboarding:negative;reliability:negative
1623,HelpHive,Help Desk,2024-03-30,1,Our team switched to HelpHive last spring. Our account manager disappeared after we signed. The knowledge base is missing basic options.,features:negative;support:negative
1624,PlanBoard,Project Management,2025-01-19,1,Setup took weeks.,onboarding:negative
1625,HelpHive,Help Desk,2024-05-07,1,Our IT team handled the rollout. They raised the price by 40% with almost no notice. Every update seems to break something. Support takes days to reply.,pricing:negative;reliability:negative;support:negative
1626,InsightForge,Analytics,2024-12-22,4,"Our team switched to InsightForge last spring. It costs twice as much as the competitors. Syncing with Google Calendar is unreliable. It's fast, even with thousands of records.",integrations:negative;performance:positive;pricing:negative
1627,InboxRocket,Email Marketing,2024-07-31,1,The email editor takes ages to load. Navigation is a maze. Syncing with Google Calendar is unreliable. Overall a disappointment.,ease_of_use:negative;integrations:negative;performance:negative
1628,SupportLoop,Help Desk,2025-01-20,3,Been on SupportLoop for 18 months. Every update seems to break something. It takes far too many clicks to do simple things. Pricing is fair for what you get.,ease_of_use:negative;pricing:positive;reliability:negative
1629,TaskHarbor,Project Management,2024-09-09,4,Most of our team works remotely. Basic features are locked behind the enterprise plan. It handles our large datasets without slowing down. Overall a disappointment.,performance:positive;pricing:negative
1630,HelpHive,Help Desk,2024-10-02,1,Most of our team works remotely. Reporting is very limited. Half of our team still can't find basic settings. Look elsewhere.,ease_of_use:negative;features:negative
1631,SendGarden,Email Marketing,2024-08-20,1,Been on SendGarden for 18 months. We mainly use it for the A/B testing. Expensive and support is useless. The automation workflows is missing basic options.,features:negative;pricing:negative;support:negative
1632,CountWise,Accounting,2025-01-14,1,Our team switched to CountWise last spring. Our account manager disappeared after we signed.,support:negative
1633,InsightForge,Analytics,2024-02-29,4,"Our team switched to InsightForge last spring. Great features, terrible price. Most of our team works remotely. Navigation is a maze. The per-seat price is very reasonable. Rate limits on the API are far too strict. Would recommend to any growing team.",ease_of_use:negative;features:positive;integrations:negative;pricing:negative;pricing:positive
1634,MetricMint,Analytics,2025-07-16,1,I use it every day. There is no way to customize the dashboards. Reports time out when the data gets large. Very frustrating experience.,performance:negative
1635,PlanBoard,Project Management,2024-10-12,4,"Been on PlanBoard for 18 months. Most of our team works remotely. We were up and running in a day. The mobile app crashes constantly. Easy to use, but it gets slow with big projects. It handles our large datasets without slowing down.",ease_of_use:positive;onboarding:positive;performance:positive;reliability:negative
1636,Pipely,CRM,2025-05-09,1,Been on Pipely for 18 months. Support kept sending us canned answers.,support:negative
1637,Pipely,CRM,2025-08-31,3,Our team switched to Pipely last spring. The Slack integration breaks every few weeks. Great value for money. The learning curve is steep. Overall a great experience.,ease_of_use:negative;integrations:negative;pricing:positive
1638,BookBridge,Accounting,2024-09-06,3,Our team switched to BookBridge last spring. The API is great but the pricing tiers are confusing and steep. The setup documentation is outdated. Very frustrating experience.,integrations:positive;onboarding:negative;pricing:negative
1639,InboxRocket,Email Marketing,2025-04-09,4,"We migrated from a legacy system. Easy to use, but it gets slow with big projects. Search is so slow we stopped using it.",ease_of_use:positive;performance:negative
1640,TicketTide,Help Desk,2025-02-11,5,"Been on TicketTide for 18 months. We are a team of 265 people. It's fast, even with thousands of records. We saved money by replacing two tools with it. Whenever we got stuck, support had an answer the same day.",performance:positive;pricing:positive;support:positive
1641,Sprintly Pro,Project Management,2025-07-14,4,We've used Sprintly Pro for about a year. We evaluated it against two competitors. Half of our team still can't find basic settings. It costs twice as much as the competitors. Setup was quick and painless.,ease_of_use:negative;onboarding:positive;pricing:negative
1642,PlanBoard,Project Management,2024-08-20,1,Our team switched to PlanBoard last spring. We mainly use it for the Gantt chart. The app freezes several times a day. Basic features are locked behind the enterprise plan.,performance:negative;pricing:negative
1643,MailMosaic,Email Marketing,2024-02-24,5,Been on MailMosaic for 18 months. The automation options are powerful.,features:positive
1644,DealNest,CRM,2024-11-29,2,"We've used DealNest for about a year. Easy to use, but it gets slow with big projects. The API is well designed. The support team actually solves problems. Not cheap, but worth every cent.",ease_of_use:positive;integrations:positive;performance:negative;pricing:positive;support:positive
1645,SendGarden,Email Marketing,2024-11-30,5,Our team switched to SendGarden last spring. Most of our team works remotely. The per-seat price is very reasonable.,pricing:positive
1646,DealNest,CRM,2024-01-13,1,We've used DealNest for about a year. Too basic for a growing team. Not worth the money. We waited two weeks for a reply to a critical ticket.,features:negative;pricing:negative;support:negative
1647,PlanBoard,Project Management,2025-01-28,5,"We've used PlanBoard for about a year. Whenever we got stuck, support had an answer the same day.",support:positive
1648,ChartCove,Analytics,2024-01-24,5,We've used ChartCove for about a year. It has every feature we need. Never lost any data. Overall a great experience.,features:positive;reliability:positive
1649,SupportLoop,Help Desk,2025-03-13,4,Been on SupportLoop for 18 months. I use it every day. The API is poorly documented. Setup was quick and painless. The shared inbox is snappy.,integrations:negative;onboarding:positive;performance:positive
1650,InboxRocket,Email Marketing,2024-02-07,2,We've used InboxRocket for about a year. We needed a paid consultant just to get started. Not a single outage in two years. Would recommend to any growing team.,onboarding:negative;reliability:positive
1651,BookBridge,Accounting,2024-03-16,2,Our team switched to BookBridge last spring. I use it every day. Great value for money. The API is great but the pricing tiers are confusing and steep.,integrations:positive;pricing:negative;pricing:positive
1652,MetricMint,Analytics,2024-12-04,4,Been on MetricMint for 18 months. The onboarding call was really useful. Search is so slow we stopped using it.,onboarding:positive;performance:negative
1653,MailMosaic,Email Marketing,2024-08-19,5,We've used MailMosaic for about a year. The segmentation is the best we've seen.,features:positive
1654,BookBridge,Accounting,2025-01-04,5,"Most of our team works remotely. Fast, stable and never down. It just works, every single day. Our account manager is responsive and helpful.",performance:positive;reliability:positive;support:positive
1655,InboxRocket,Email Marketing,2024-02-02,5,We've used InboxRocket for about a year. We are a team of 215 people. Even our non-technical staff picked it up quickly. Pages load instantly.,ease_of_use:positive;performance:positive
1656,ChartCove,Analytics,2025-06-25,1,Been on ChartCove for 18 months. Most of our team works remotely. We needed a paid consultant just to get started.,onboarding:negative
1657,MetricMint,Analytics,2024-04-03,2,"We've used MetricMint for about a year. I use it every day. Whenever we got stuck, support had an answer the same day. Every update seems to break something. The dashboards alone is worth it. Overall a disappointment.",features:positive;reliability:negative;support:positive
1658,DealNest,CRM,2024-01-13,5,"Our IT team handled the rollout. The deal tracking is the best we've seen. It's very easy to use day to day. Whenever we got stuck, support had an answer the same day.",ease_of_use:positive;features:positive;support:positive
1659,MailMosaic,Email Marketing,2024-08-30,5,"Our team switched to MailMosaic last spring. We are a team of 159 people. Pricing is fair for what you get. Everything is where you expect it to be. Whenever we got stuck, support had an answer the same day.",ease_of_use:positive;pricing:positive;support:positive
1660,ClientOrbit,CRM,2024-11-22,2,Been on ClientOrbit for 18 months. Live chat support is fast and friendly. Importing our old data was a nightmare.,onboarding:negative;support:positive
1661,BookBridge,Accounting,2025-06-23,5,We've used BookBridge for about a year. Most of our team works remotely. The interface is clean and easy to learn. Pricing is fair for what you get.,ease_of_use:positive;pricing:positive
1662,HelpHive,Help Desk,2024-08-15,3,Our team switched to HelpHive last spring. The roadmap has been stuck for a year. Navigation is simple and logical. Zapier support covers everything else we need.,ease_of_use:positive;features:negative;integrations:positive
1663,SupportLoop,Help Desk,2024-10-13,5,"We've used SupportLoop for about a year. Most of our team works remotely. It's fast, even with thousands of records.",performance:positive
1664,Sprintly Pro,Project Management,2025-01-30,3,We've used Sprintly Pro for about a year. The time tracking is snappy. The Slack integration breaks every few weeks.,integrations:negative;performance:positive
1665,InboxRocket,Email Marketing,2024-04-25,2,Been on InboxRocket for 18 months. The mobile app crashes constantly. It integrates smoothly with Slack and Google Workspace. Importing our old data was easy.,integrations:positive;onboarding:positive;reliability:negative
1666,TaskHarbor,Project Management,2024-03-15,2,"Our team switched to TaskHarbor last spring. Easy to use, but it gets slow with big projects. There's no native integration with our accounting tool. The Gantt chart is intuitive.",ease_of_use:positive;integrations:negative;performance:negative
1667,TaskHarbor,Project Management,2024-09-03,5,The kanban boards is intuitive. Would recommend to any growing team.,ease_of_use:positive
1668,ChartCove,Analytics,2024-04-25,3,"Rate limits on the API are far too strict. It just works, every single day.",integrations:negative;reliability:positive
1669,ClientOrbit,CRM,2024-06-08,2,Been on ClientOrbit for 18 months. It handles our large datasets without slowing down. It crashes a lot and support never helps. Rate limits on the API are far too strict.,integrations:negative;performance:positive;reliability:negative;support:negative
1670,Pipely,CRM,2025-08-16,5,"Everything is where you expect it to be. It's fast, even with thousands of records. We were up and running in a day.",ease_of_use:positive;onboarding:positive;performance:positive
1671,InsightForge,Analytics,2024-08-31,1,We've used InsightForge for about a year. I use it every day. The per-seat pricing gets painful as you grow. Customer support rarely fixes anything.,pricing:negative;support:negative
1672,LedgerLeaf,Accounting,2024-10-27,4,Data syncs reliably. The per-seat price is very reasonable. Support takes days to reply.,pricing:positive;support:negative
1673,ChartCove,Analytics,2024-04-03,4,We've used ChartCove for about a year. The automation options are powerful. The API is poorly documented. The onboarding guides were clear. Love it.,features:positive;integrations:negative;onboarding:positive
1674,InsightForge,Analytics,2025-06-03,1,Been on InsightForge for 18 months. We evaluated it against two competitors. The funnel analysis is missing basic options.,features:negative
1675,InsightForge,Analytics,2025-08-22,5,"We've used InsightForge for about a year. We mainly use it for the data connectors. The automation options are powerful. It's fast, even with thousands of records. Pricing is fair for what you get. Highly recommend.",performance:positive;pricing:positive
1676,CountWise,Accounting,2024-10-15,1,We are a team of 66 people. Hidden fees showed up on our second invoice. Syncing fails silently. Half of our team still can't find basic settings.,ease_of_use:negative;pricing:negative;reliability:negative
1677,TaskHarbor,Project Management,2025-08-23,1,We've used TaskHarbor for about a year. The kanban boards is buggy and loses data occasionally.,reliability:negative
1678,ClientOrbit,CRM,2025-03-26,5,Been on ClientOrbit for 18 months. Not a single outage in two years.,reliability:positive
1679,ChartCove,Analytics,2024-03-31,2,Our team switched to ChartCove last spring. Expensive and support is useless. We migrated from a legacy system. The onboarding call was really useful. Data syncs reliably. Everything is where you expect it to be. Highly recommend.,ease_of_use:positive;onboarding:positive;pricing:negative;reliability:positive;support:negative
1680,ClientOrbit,CRM,2025-03-22,1,Been on ClientOrbit for 18 months. We migrated from a legacy system. Syncing with Google Calendar is unreliable.,integrations:negative
1681,MetricMint,Analytics,2024-01-04,1,Our IT team handled the rollout. Basic features are locked behind the enterprise plan. There is no way to customize the custom reports.,features:negative;pricing:negative
1682,SendGarden,Email Marketing,2024-09-15,1,Our team switched to SendGarden last spring. The mobile app crashes constantly. Overall a disappointment.,reliability:negative
1683,BookBridge,Accounting,2024-04-08,2,We evaluated it against two competitors. Connecting our existing tools took minutes. It costs twice as much as the competitors. The tax reports is intuitive.,ease_of_use:positive;integrations:positive;pricing:negative
1684,InsightForge,Analytics,2024-04-10,1,Been on InsightForge for 18 months. Customer support rarely fixes anything. Importing our old data was a nightmare. Overall a disappointment.,onboarding:negative;support:negative
1685,ChartCove,Analytics,2024-03-07,1,Reports time out when the data gets large. Overall a disappointment.,performance:negative
1686,Sprintly Pro,Project Management,2024-07-26,5,"Been on Sprintly Pro for 18 months. Most of our team works remotely. Fast, stable and never down. It handles our large datasets without slowing down.",performance:positive;reliability:positive
1687,SendGarden,Email Marketing,2025-07-13,4,It costs twice as much as the competitors. Setup was fast and the interface is intuitive. Would not recommend.,ease_of_use:positive;onboarding:positive;pricing:negative
1688,SupportLoop,Help Desk,2024-11-02,5,"Been on SupportLoop for 18 months. Not cheap, but worth every cent. It handles our large datasets without slowing down. Would recommend to any growing team.",performance:positive;pricing:positive
1689,Sprintly Pro,Project Management,2025-05-14,2,We've used Sprintly Pro for about a year. We mainly use it for the kanban boards. Setup was quick and painless. Rate limits on the API are far too strict.,integrations:negative;onboarding:positive
1690,LedgerLeaf,Accounting,2024-02-19,5,"Been on LedgerLeaf for 18 months. We saved money by replacing two tools with it. The onboarding guides were clear. Great features, terrible price. Whenever we got stuck, support had an answer the same day.",features:positive;onboarding:positive;pricing:positive;support:positive
1691,InboxRocket,Email Marketing,2024-12-10,5,"Our team switched to InboxRocket last spring. Most of our team works remotely. Fast, stable and never down. The automation options are powerful. Look elsewhere.",features:positive;performance:positive;reliability:positive
1692,MailMosaic,Email Marketing,2024-10-12,5,Been on MailMosaic for 18 months. Pages load instantly. Support went above and beyond to fix our issue. The interface is clean and easy to learn.,ease_of_use:positive;performance:positive;support:positive
1693,TicketTide,Help Desk,2024-01-24,5,Been on TicketTide for 18 months. The automation options are powerful. It integrates smoothly with Slack and Google Workspace.,features:positive;integrations:positive
1694,SendGarden,Email Marketing,2025-06-28,1,Been on SendGarden for 18 months. We mainly use it for the automation workflows. There is no phone support at all. Look elsewhere.,support:negative
1695,MetricMint,Analytics,2024-04-24,5,Been on MetricMint for 18 months. It's very easy to use day to day.,ease_of_use:positive
1696,SendGarden,Email Marketing,2024-10-05,5,We've used SendGarden for about a year. Our IT team handled the rollout. The A/B testing alone is worth it. Would recommend to any growing team.,features:positive
1697,MetricMint,Analytics,2024-11-12,3,"Been on MetricMint for 18 months. We migrated from a legacy system. The setup documentation is outdated. It just works, every single day. The API is poorly documented.",integrations:negative;onboarding:negative;reliability:positive
1698,InboxRocket,Email Marketing,2025-08-07,3,We are a team of 197 people. Basic features are locked behind the enterprise plan. The API is great but the pricing tiers are confusing and steep.,integrations:positive;pricing:negative
1699,InboxRocket,Email Marketing,2024-11-18,5,Importing our old data was easy. Data syncs reliably. Navigation is simple and logical. Overall a great experience.,ease_of_use:positive;onboarding:positive;reliability:positive
1700,TicketTide,Help Desk,2024-04-23,5,Search results come back in a blink. Would recommend to any growing team.,performance:positive
1701,InsightForge,Analytics,2024-06-26,2,We've used InsightForge for about a year. Our IT team handled the rollout. The API is well designed. Onboarding was confusing and badly organized. Support kept sending us canned answers.,integrations:positive;onboarding:negative;support:negative
1702,Sprintly Pro,Project Management,2024-06-05,4,The onboarding call was really useful. There is no phone support at all. Rate limits on the API are far too strict.,integrations:negative;onboarding:positive;support:negative
1703,Sprintly Pro,Project Management,2024-08-06,3,Been on Sprintly Pro for 18 months. Rate limits on the API are far too strict. Setup was fast and the interface is intuitive.,ease_of_use:positive;integrations:negative;onboarding:positive
1704,ClientOrbit,CRM,2025-03-18,5,Our team switched to ClientOrbit last spring. Search results come back in a blink. Everything is where you expect it to be. The Salesforce integration works out of the box.,ease_of_use:positive;integrations:positive;performance:positive
1705,SupportLoop,Help Desk,2025-09-07,3,"We've used SupportLoop for about a year. Our IT team handled the rollout. The ticket routing is snappy. Great features, terrible price. The API is well designed. We needed a paid consultant just to get started.",features:positive;integrations:positive;onboarding:negative;performance:positive;pricing:negative
1706,Pipely,CRM,2024-11-10,1,Setup took weeks. The email sync is not intuitive at all. Very frustrating experience.,ease_of_use:negative;onboarding:negative
1707,InsightForge,Analytics,2024-04-01,5,We've used InsightForge for about a year. Connecting our existing tools took minutes. The funnel analysis is intuitive. Highly recommend.,ease_of_use:positive;integrations:positive
1708,Sprintly Pro,Project Management,2025-06-08,2,Been on Sprintly Pro for 18 months. Most of our team works remotely. Data syncs reliably. The learning curve is steep. Setup was fast and the interface is intuitive. New features ship regularly. Overall a disappointment.,ease_of_use:negative;ease_of_use:positive;features:positive;onboarding:positive;reliability:positive
1709,DealNest,CRM,2025-01-22,1,Our team switched to DealNest last spring. Key features from the demo still aren't available. Support takes days to reply. It gets painfully slow with a few thousand records. Overall a disappointment.,features:negative;performance:negative;support:negative
1710,MailMosaic,Email Marketing,2024-11-28,5,We were up and running in a day. Connecting our existing tools took minutes.,integrations:positive;onboarding:positive
1711,PlanBoard,Project Management,2025-08-22,1,Been on PlanBoard for 18 months. There is no phone support at all. Expensive and support is useless. Setup took weeks. The learning curve is steep.,ease_of_use:negative;onboarding:negative;pricing:negative;support:negative
1712,ClientOrbit,CRM,2025-05-21,2,"Been on ClientOrbit for 18 months. The API is well designed. They raised the price by 40% with almost no notice. It's fast, even with thousands of records. Easy to use, but it gets slow with big projects.",ease_of_use:positive;integrations:positive;performance:negative;performance:positive;pricing:negative
1713,MailMosaic,Email Marketing,2024-03-25,5,We've used MailMosaic for about a year. We evaluated it against two competitors. Setup was quick and painless. Setup was fast and the interface is intuitive. Highly recommend.,ease_of_use:positive;onboarding:positive
1714,InboxRocket,Email Marketing,2025-09-08,4,We've had basically no downtime. The app freezes several times a day. The segmentation is the best we've seen. Love it.,features:positive;performance:negative;reliability:positive
1715,ClientOrbit,CRM,2024-01-26,5,"Our team switched to ClientOrbit last spring. Most of our team works remotely. Pricing is fair for what you get. Cheap, and the support team is lovely. It handles our large datasets without slowing down.",performance:positive;pricing:positive;support:positive
1716,SupportLoop,Help Desk,2025-07-04,3,We've used SupportLoop for about a year. We mainly use it for the shared inbox. We saved money by replacing two tools with it. The API is great but the pricing tiers are confusing and steep.,integrations:positive;pricing:negative;pricing:positive
1717,DealNest,CRM,2024-05-02,1,Our team switched to DealNest last spring. Most of our team works remotely. We had several outages during business hours. Way too expensive for what you get.,pricing:negative;reliability:negative
1718,HelpHive,Help Desk,2024-07-19,5,Our team switched to HelpHive last spring. Never lost any data. The API is well designed.,integrations:positive;reliability:positive
1719,ChartCove,Analytics,2024-10-12,3,The onboarding call was really useful. The interface is cluttered and confusing. It's cheaper than the alternatives we looked at.,ease_of_use:negative;onboarding:positive;pricing:positive
1720,SendGarden,Email Marketing,2025-10-01,1,We've used SendGarden for about a year. The interface is cluttered and confusing.,ease_of_use:negative
1721,CountWise,Accounting,2024-11-01,1,Our team switched to CountWise last spring. We mainly use it for the invoicing. Way too expensive for what you get. The mobile app crashes constantly.,pricing:negative;reliability:negative
1722,BookBridge,Accounting,2025-08-20,5,Been on BookBridge for 18 months. We are a team of 131 people. The setup documentation is outdated. Live chat support is fast and friendly.,support:positive
1723,BookBridge,Accounting,2024-08-16,2,Our team switched to BookBridge last spring. We are a team of 158 people. Reporting is very limited. It's cheaper than the alternatives we looked at. The interface is cluttered and confusing.,ease_of_use:negative;features:negative;pricing:positive
1724,TaskHarbor,Project Management,2024-10-14,1,Setup took weeks.,onboarding:negative
1725,Sprintly Pro,Project Management,2025-07-11,1,We've used Sprintly Pro for about a year. Reports time out when the data gets large.,performance:negative
1726,HelpHive,Help Desk,2025-04-11,4,"Our team switched to HelpHive last spring. The app freezes several times a day. Half of our team still can't find basic settings. Cheap, and the support team is lovely. Our account manager disappeared after we signed.",ease_of_use:negative;performance:negative;pricing:positive;support:negative;support:positive
1727,MetricMint,Analytics,2024-06-04,3,Been on MetricMint for 18 months. We migrated from a legacy system. Not worth the money. The interface is clean and easy to learn. Highly recommend.,ease_of_use:positive;pricing:negative
1728,LedgerLeaf,Accounting,2025-04-13,3,Our IT team handled the rollout. Our account manager is responsive and helpful. It has every feature we need. The expense tracking is not intuitive at all. It crashes a lot and support never helps.,ease_of_use:negative;features:positive;reliability:negative;support:negative;support:positive
1729,SendGarden,Email Marketing,2024-06-16,5,Our team switched to SendGarden last spring. The A/B testing is intuitive. Reports are flexible and easy to customize. Never lost any data.,ease_of_use:positive;features:positive;reliability:positive
1730,Sprintly Pro,Project Management,2024-07-22,1,Setup took weeks. Search is so slow we stopped using it.,onboarding:negative;performance:negative
1731,SendGarden,Email Marketing,2024-07-14,4,The Salesforce integration works out of the box. Basic features are locked behind the enterprise plan. Even our non-technical staff picked it up quickly.,ease_of_use:positive;integrations:positive;pricing:negative
1732,TaskHarbor,Project Management,2025-08-06,3,We've used TaskHarbor for about a year. We were up and running in a day. Customer support answers within minutes. There is no way to customize the time tracking. It crashes a lot and support never helps.,features:negative;onboarding:positive;reliability:negative;support:negative;support:positive
1733,PlanBoard,Project Management,2024-08-09,1,Been on PlanBoard for 18 months. Most of our team works remotely. Support kept sending us canned answers. We needed a paid consultant just to get started. Look elsewhere.,onboarding:negative;support:negative
1734,CountWise,Accounting,2025-04-23,5,Our team switched to CountWise last spring. We mainly use it for the bank reconciliation. Support went above and beyond to fix our issue. Love it.,support:positive
1735,Sprintly Pro,Project Management,2025-02-14,1,We've used Sprintly Pro for about a year. We evaluated it against two competitors. Navigation is a maze.,ease_of_use:negative
1736,DealNest,CRM,2024-03-13,1,Our team switched to DealNest last spring. We needed a paid consultant just to get started.,onboarding:negative
1737,Sprintly Pro,Project Management,2024-05-12,5,"The support team actually solves problems. Cheap, and the support team is lovely.",pricing:positive;support:positive
1738,InsightForge,Analytics,2025-04-05,5,The automation options are powerful. Never lost any data.,features:positive;reliability:positive
1739,DealNest,CRM,2025-01-12,1,Been on DealNest for 18 months. We are a team of 100 people. Customer support rarely fixes anything. Reporting is very limited. Look elsewhere.,features:negative;support:negative
1740,SendGarden,Email Marketing,2025-03-19,5,Support went above and beyond to fix our issue. We've had basically no downtime.,reliability:positive;support:positive
1741,Pipely,CRM,2024-09-12,5,We've used Pipely for about a year. The email sync is intuitive. It's cheaper than the alternatives we looked at.,ease_of_use:positive;pricing:positive
1742,ChartCove,Analytics,2025-03-17,5,Been on ChartCove for 18 months. The Salesforce integration works out of the box.,integrations:positive
1743,LedgerLeaf,Accounting,2025-03-24,2,Our team switched to LedgerLeaf last spring. There is no phone support at all. The automation options are powerful.,features:positive;support:negative
1744,Pipely,CRM,2024-10-07,5,"We mainly use it for the email sync. Fast, stable and never down. The support team actually solves problems. It's cheaper than the alternatives we looked at.",performance:positive;pricing:positive;reliability:positive;support:positive
1745,SendGarden,Email Marketing,2024-07-12,5,We've used SendGarden for about a year. We are a team of 75 people. Customer support answers within minutes. Not a single outage in two years. The free plan is generous.,pricing:positive;reliability:positive;support:positive
1746,TicketTide,Help Desk,2025-05-29,5,Our team switched to TicketTide last spring. The live chat widget is snappy.,performance:positive
1747,InsightForge,Analytics,2025-06-07,5,Been on InsightForge for 18 months. It integrates smoothly with Slack and Google Workspace. Setup was quick and painless.,integrations:positive;onboarding:positive
1748,InsightForge,Analytics,2024-08-08,2,"Been on InsightForge for 18 months. Cheap, and the support team is lovely. I use it every day. The custom reports is not intuitive at all. Reports time out when the data gets large. The roadmap has been stuck for a year. Overall a disappointment.",ease_of_use:negative;features:negative;performance:negative;pricing:positive;support:positive
1749,InboxRocket,Email Marketing,2024-11-03,1,Our team switched to InboxRocket last spring. Navigation is a maze. Expensive and support is useless. The app freezes several times a day.,ease_of_use:negative;performance:negative;pricing:negative;support:negative
1750,HelpHive,Help Desk,2024-11-22,4,Been on HelpHive for 18 months. Our IT team handled the rollout. Pages load instantly. Expensive and support is useless. It's cheaper than the alternatives we looked at.,performance:positive;pricing:negative;pricing:positive;support:negative
1751,PlanBoard,Project Management,2024-05-01,5,It handles our large datasets without slowing down. Pricing is fair for what you get. Highly recommend.,performance:positive;pricing:positive
1752,PlanBoard,Project Management,2024-01-10,5,We've used PlanBoard for about a year. Our IT team handled the rollout. The interface is clean and easy to learn. It has every feature we need.,ease_of_use:positive
1753,ChartCove,Analytics,2024-04-23,3,Been on ChartCove for 18 months. It's very easy to use day to day. The onboarding call was really useful. Search is so slow we stopped using it.,ease_of_use:positive;onboarding:positive;performance:negative
1754,ClientOrbit,CRM,2025-04-25,1,Been on ClientOrbit for 18 months. The learning curve is steep.,ease_of_use:negative
1755,MailMosaic,Email Marketing,2024-02-05,1,Our team switched to MailMosaic last spring. Key features from the demo still aren't available.,features:negative
1756,PlanBoard,Project Management,2024-03-26,2,Our team switched to PlanBoard last spring. Our IT team handled the rollout. We've had basically no downtime. Expensive and support is useless.,pricing:negative;reliability:positive;support:negative
1757,SendGarden,Email Marketing,2024-11-18,1,The Slack integration breaks every few weeks. We waited two weeks for a reply to a critical ticket. The automation workflows takes ages to load. Very frustrating experience.,integrations:negative;performance:negative;support:negative
1758,DealNest,CRM,2025-09-27,5,Our team switched to DealNest last spring. We mainly use it for the contact management. The free plan is generous. Even our non-technical staff picked it up quickly. Setup was fast and the interface is intuitive. It integrates smoothly with Slack and Google Workspace.,ease_of_use:positive;integrations:positive;onboarding:positive;pricing:positive
1759,Sprintly Pro,Project Management,2025-08-18,3,We've used Sprintly Pro for about a year. The Salesforce integration works out of the box. Not worth the money. Onboarding was confusing and badly organized.,integrations:positive;onboarding:negative;pricing:negative
1760,Sprintly Pro,Project Management,2024-04-24,5,Been on Sprintly Pro for 18 months. Pages load instantly. We saved money by replacing two tools with it.,performance:positive;pricing:positive
1761,ChartCove,Analytics,2025-08-12,4,We migrated from a legacy system. Too basic for a growing team. It integrates smoothly with Slack and Google Workspace.,features:negative;integrations:positive
1762,PlanBoard,Project Management,2024-03-09,3,Been on PlanBoard for 18 months. We migrated from a legacy system. They raised the price by 40% with almost no notice. The workload view is snappy.,performance:positive;pricing:negative
1763,SendGarden,Email Marketing,2025-01-01,4,"The app freezes several times a day. Whenever we got stuck, support had an answer the same day. The email editor is the best we've seen.",features:positive;performance:negative;support:positive
1764,SupportLoop,Help Desk,2024-03-04,4,Our team switched to SupportLoop last spring. Most of our team works remotely. Not a single outage in two years. Live chat support is fast and friendly. Search is so slow we stopped using it.,performance:negative;reliability:positive;support:positive
1765,TaskHarbor,Project Management,2025-01-30,5,Been on TaskHarbor for 18 months. We migrated from a legacy system. Pages load instantly.,performance:positive
1766,MetricMint,Analytics,2024-06-17,1,We've used MetricMint for about a year. Syncing with Google Calendar is unreliable. Very frustrating experience.,integrations:negative
1767,DealNest,CRM,2025-01-23,3,"Been on DealNest for 18 months. It takes far too many clicks to do simple things. It just works, every single day. It gets painfully slow with a few thousand records.",ease_of_use:negative;performance:negative;reliability:positive
1768,InsightForge,Analytics,2025-09-21,1,Our team switched to InsightForge last spring. Search is so slow we stopped using it. Key features from the demo still aren't available.,features:negative;performance:negative
1769,MailMosaic,Email Marketing,2024-12-28,5,"Been on MailMosaic for 18 months. Cheap, and the support team is lovely. We've had basically no downtime.",pricing:positive;reliability:positive;support:positive
1770,PlanBoard,Project Management,2024-11-23,1,Been on PlanBoard for 18 months. We migrated from a legacy system. Key features from the demo still aren't available.,features:negative
1771,InboxRocket,Email Marketing,2024-02-08,1,Been on InboxRocket for 18 months. There is no phone support at all.,support:negative
1772,DealNest,CRM,2024-11-18,3,"Our team switched to DealNest last spring. Importing our old data was easy. Basic features are locked behind the enterprise plan. Whenever we got stuck, support had an answer the same day.",onboarding:positive;pricing:negative;support:positive
1773,CountWise,Accounting,2024-05-23,5,The API is well designed. The onboarding call was really useful.,integrations:positive;onboarding:positive
1774,ClientOrbit,CRM,2024-10-15,1,We've used ClientOrbit for about a year. Most of our team works remotely. Half of our team still can't find basic settings. There's no native integration with our accounting tool. Key features from the demo still aren't available. Look elsewhere.,ease_of_use:negative;features:negative;integrations:negative
1775,SupportLoop,Help Desk,2024-05-06,1,We've used SupportLoop for about a year. Our account manager disappeared after we signed. Setup took weeks. The knowledge base takes ages to load.,onboarding:negative;performance:negative;support:negative
1776,DealNest,CRM,2024-02-19,5,Been on DealNest for 18 months. Not a single outage in two years.,reliability:positive
1777,MetricMint,Analytics,2024-06-26,5,"Our team switched to MetricMint last spring. We've had basically no downtime. It's fast, even with thousands of records.",performance:positive;reliability:positive
1778,InboxRocket,Email Marketing,2024-08-26,5,We've used InboxRocket for about a year. Everything is where you expect it to be. New features ship regularly. Not a single outage in two years.,ease_of_use:positive;features:positive;reliability:positive
1779,Pipely,CRM,2024-12-18,5,I use it every day. Customer support answers within minutes. Highly recommend.,support:positive
1780,InsightForge,Analytics,2024-03-29,5,"Our team switched to InsightForge last spring. Not a single outage in two years. It's fast, even with thousands of records. It's very easy to use day to day. Love it.",ease_of_use:positive;performance:positive;reliability:positive
1781,InsightForge,Analytics,2024-03-10,5,"The onboarding call was really useful. Cheap, and the support team is lovely.",onboarding:positive;pricing:positive;support:positive
1782,DealNest,CRM,2025-07-30,4,We've used DealNest for about a year. It crashes a lot and support never helps. I use it every day. New features ship regularly.,features:positive;reliability:negative;support:negative
1783,PlanBoard,Project Management,2024-11-26,1,Been on PlanBoard for 18 months. We migrated from a legacy system. The mobile app crashes constantly. There is no phone support at all. Hidden fees showed up on our second invoice.,pricing:negative;reliability:negative;support:negative
1784,TaskHarbor,Project Management,2025-06-05,5,The Salesforce integration works out of the box.,integrations:positive
1785,LedgerLeaf,Accounting,2024-04-13,1,Our team switched to LedgerLeaf last spring. Support takes days to reply.,support:negative
1786,InsightForge,Analytics,2024-01-13,1,Support takes days to reply.,support:negative
1787,SupportLoop,Help Desk,2025-05-03,4,We've used SupportLoop for about a year. I use it every day. We waited two weeks for a reply to a critical ticket. Setup was fast and the interface is intuitive. Would not recommend.,ease_of_use:positive;onboarding:positive;support:negative
1788,ChartCove,Analytics,2024-06-26,1,Setup took weeks. Support kept sending us canned answers. Look elsewhere.,onboarding:negative;support:negative
1789,HelpHive,Help Desk,2025-04-22,5,Been on HelpHive for 18 months. Pricing is fair for what you get.,pricing:positive
1790,ChartCove,Analytics,2025-04-12,1,Onboarding was confusing and badly organized. It gets painfully slow with a few thousand records. Very frustrating experience.,onboarding:negative;performance:negative
1791,PlanBoard,Project Management,2024-04-20,5,Our team switched to PlanBoard last spring. We mainly use it for the time tracking. It integrates smoothly with Slack and Google Workspace. Even our non-technical staff picked it up quickly. Love it.,ease_of_use:positive;integrations:positive
1792,TicketTide,Help Desk,2025-06-21,4,"Been on TicketTide for 18 months. The knowledge base is snappy. Great features, terrible price.",features:positive;pricing:negative
1793,InboxRocket,Email Marketing,2025-01-01,5,"We've used InboxRocket for about a year. I use it every day. Fast, stable and never down. The free plan is generous. Pages load instantly. Highly recommend.",performance:positive;pricing:positive;reliability:positive
1794,InboxRocket,Email Marketing,2025-01-04,5,Our team switched to InboxRocket last spring. The onboarding call was really useful. It handles our large datasets without slowing down. Great value for money.,onboarding:positive;performance:positive;pricing:positive
1795,TicketTide,Help Desk,2024-07-01,3,"Our team switched to TicketTide last spring. Great features, terrible price. The ticket routing is buggy and loses data occasionally.",features:positive;pricing:negative;reliability:negative
1796,SendGarden,Email Marketing,2024-12-13,2,We mainly use it for the A/B testing. Navigation is a maze. The automation options are powerful. Support kept sending us canned answers. Very frustrating experience.,ease_of_use:negative;features:positive;support:negative
1797,SendGarden,Email Marketing,2024-10-17,4,We've used SendGarden for about a year. Reporting is very limited. It's very easy to use day to day. Look elsewhere.,ease_of_use:positive;features:negative
1798,PlanBoard,Project Management,2025-03-26,5,Our team switched to PlanBoard last spring. We migrated from a legacy system. The API is well designed.,integrations:positive
1799,TaskHarbor,Project Management,2025-07-31,1,We've used TaskHarbor for about a year. Rate limits on the API are far too strict. Not worth the money.,integrations:negative;pricing:negative
1800,BookBridge,Accounting,2024-10-13,1,The roadmap has been stuck for a year. The app freezes several times a day. The Slack integration breaks every few weeks.,features:negative;integrations:negative;performance:negative
1801,SupportLoop,Help Desk,2024-10-11,1,Syncing fails silently. Look elsewhere.,reliability:negative
1802,DealNest,CRM,2024-05-10,1,We've used DealNest for about a year. We mainly use it for the contact management. We needed a paid consultant just to get started. The API is poorly documented.,integrations:negative;onboarding:negative
1803,InsightForge,Analytics,2025-06-20,4,We've used InsightForge for about a year. We've had basically no downtime. Pages load instantly. Rate limits on the API are far too strict.,integrations:negative;performance:positive;reliability:positive
1804,InsightForge,Analytics,2025-06-17,5,Our team switched to InsightForge last spring. We migrated from a legacy system. The free plan is generous.,pricing:positive
1805,MetricMint,Analytics,2025-06-19,1,Our team switched to MetricMint last spring. The per-seat pricing gets painful as you grow. Look elsewhere.,pricing:negative
1806,SupportLoop,Help Desk,2025-05-13,4,The API is well designed. We needed a paid consultant just to get started. Our account manager disappeared after we signed. Very frustrating experience.,integrations:positive;onboarding:negative;support:negative
1807,BookBridge,Accounting,2025-03-13,2,Been on BookBridge for 18 months. The API is great but the pricing tiers are confusing and steep. Not worth the money.,integrations:positive;pricing:negative
1808,ClientOrbit,CRM,2024-06-23,1,We've used ClientOrbit for about a year. The mobile app crashes constantly. It crashes a lot and support never helps.,reliability:negative;support:negative
1809,InsightForge,Analytics,2025-03-10,1,Importing our old data was a nightmare. Our account manager disappeared after we signed. Expensive and support is useless.,onboarding:negative;pricing:negative;support:negative
1810,SendGarden,Email Marketing,2024-01-29,1,Been on SendGarden for 18 months. We needed a paid consultant just to get started. Support kept sending us canned answers. There's no native integration with our accounting tool.,integrations:negative;onboarding:negative;support:negative
1811,TicketTide,Help Desk,2024-07-24,1,We've used TicketTide for about a year. I use it every day. Support kept sending us canned answers. The mobile app crashes constantly. Basic features are locked behind the enterprise plan. Would not recommend.,pricing:negative;reliability:negative;support:negative
1812,HelpHive,Help Desk,2024-01-28,1,We've used HelpHive for about a year. Live chat support is fast and friendly. Rate limits on the API are far too strict.,integrations:negative
1813,PlanBoard,Project Management,2025-08-05,2,We've used PlanBoard for about a year. The time tracking is the best we've seen. We had several outages during business hours. Not worth the money. Very frustrating experience.,features:positive;pricing:negative;reliability:negative
1814,ChartCove,Analytics,2024-04-10,1,Our IT team handled the rollout. There's no native integration with our accounting tool. The learning curve is steep. Support takes days to reply. Very frustrating experience.,ease_of_use:negative;integrations:negative;support:negative
1815,InsightForge,Analytics,2024-08-29,5,We evaluated it against two competitors. Everything is where you expect it to be. The automation options are powerful.,ease_of_use:positive;features:positive
1816,ClientOrbit,CRM,2024-12-16,2,Been on ClientOrbit for 18 months. Our IT team handled the rollout. Support takes days to reply. Way too expensive for what you get. We were up and running in a day.,onboarding:positive;pricing:negative;support:negative
1817,InsightForge,Analytics,2024-11-23,5,We've used InsightForge for about a year. The interface is clean and easy to learn. Connecting our existing tools took minutes. Overall a great experience.,ease_of_use:positive;integrations:positive
1818,SupportLoop,Help Desk,2024-08-14,1,The API is poorly documented. Very frustrating experience.,integrations:negative
1819,Sprintly Pro,Project Management,2025-09-07,5,Been on Sprintly Pro for 18 months. Setup was quick and painless.,onboarding:positive
1820,BookBridge,Accounting,2025-07-20,1,We've used BookBridge for about a year. Reporting is very limited. The tax reports takes ages to load.,features:negative;performance:negative
1821,BookBridge,Accounting,2024-02-20,4,Our team switched to BookBridge last spring. I use it every day. Great value for money. We had several outages during business hours. Everything is where you expect it to be.,ease_of_use:positive;pricing:positive;reliability:negative
1822,TaskHarbor,Project Management,2024-12-14,1,Been on TaskHarbor for 18 months. Reporting is very limited. They raised the price by 40% with almost no notice.,features:negative;pricing:negative
1823,CountWise,Accounting,2025-07-17,2,"We've used CountWise for about a year. I use it every day. Great features, terrible price. It takes far too many clicks to do simple things. Too basic for a growing team. We waited two weeks for a reply to a critical ticket.",ease_of_use:negative;features:negative;features:positive;pricing:negative;support:negative
1824,InboxRocket,Email Marketing,2024-08-27,5,"Been on InboxRocket for 18 months. Data syncs reliably. Cheap, and the support team is lovely. Overall a great experience.",pricing:positive;reliability:positive;support:positive
1825,MetricMint,Analytics,2025-04-23,4,Our team switched to MetricMint last spring. We evaluated it against two competitors. Too basic for a growing team. Hidden fees showed up on our second invoice. It handles our large datasets without slowing down.,features:negative;performance:positive;pricing:negative
1826,HelpHive,Help Desk,2025-07-22,5,Our team switched to HelpHive last spring. We migrated from a legacy system. The live chat widget is snappy. Overall a great experience.,performance:positive
1827,ChartCove,Analytics,2024-03-25,1,Our team switched to ChartCove last spring. The mobile app crashes constantly.,reliability:negative
1828,PlanBoard,Project Management,2024-07-31,3,Been on PlanBoard for 18 months. Key features from the demo still aren't available. Not worth the money. Everything is where you expect it to be.,ease_of_use:positive;features:negative;pricing:negative
1829,Pipely,CRM,2025-04-01,5,We've used Pipely for about a year. We migrated from a legacy system. We saved money by replacing two tools with it.,pricing:positive
1830,InboxRocket,Email Marketing,2024-02-08,5,"We've used InboxRocket for about a year. We evaluated it against two competitors. It just works, every single day. Would recommend to any growing team.",reliability:positive
1831,SendGarden,Email Marketing,2025-07-04,1,Been on SendGarden for 18 months. The email editor is not intuitive at all. Highly recommend.,ease_of_use:negative
1832,ClientOrbit,CRM,2024-07-09,2,Been on ClientOrbit for 18 months. We needed a paid consultant just to get started. The per-seat pricing gets painful as you grow. New features ship regularly.,features:positive;onboarding:negative;pricing:negative
1833,InsightForge,Analytics,2025-08-07,1,Our team switched to InsightForge last spring. The custom reports takes ages to load.,performance:negative
1834,TicketTide,Help Desk,2024-11-13,4,The onboarding guides were clear. There's no native integration with our accounting tool. Syncing fails silently.,integrations:negative;onboarding:positive;reliability:negative
1835,ChartCove,Analytics,2024-07-12,4,We've used ChartCove for about a year. It's very easy to use day to day. Expensive and support is useless. Love it.,ease_of_use:positive;pricing:negative;support:negative
1836,LedgerLeaf,Accounting,2025-05-29,1,Been on LedgerLeaf for 18 months. Most of our team works remotely. The Slack integration breaks every few weeks. It crashes a lot and support never helps. Every update seems to break something.,integrations:negative;reliability:negative;support:negative
1837,CountWise,Accounting,2024-04-19,5,"Whenever we got stuck, support had an answer the same day. We were up and running in a day. Pages load instantly.",onboarding:positive;performance:positive;support:positive
1838,MetricMint,Analytics,2025-07-16,1,Been on MetricMint for 18 months. Every update seems to break something. The API is poorly documented.,reliability:negative
1839,PlanBoard,Project Management,2025-06-04,5,Our team switched to PlanBoard last spring. The free plan is generous.,pricing:positive
1840,SendGarden,Email Marketing,2025-08-15,5,Our team switched to SendGarden last spring. The onboarding call was really useful.,onboarding:positive
1841,TicketTide,Help Desk,2024-10-01,1,Been on TicketTide for 18 months. Not worth the money.,pricing:negative
1842,ChartCove,Analytics,2024-04-22,5,Our team switched to ChartCove last spring. Support went above and beyond to fix our issue.,support:positive
1843,LedgerLeaf,Accounting,2025-02-26,1,Been on LedgerLeaf for 18 months. We mainly use it for the tax reports. We had several outages during business hours. It costs twice as much as the competitors.,pricing:negative;reliability:negative
1844,TaskHarbor,Project Management,2024-10-22,2,"Been on TaskHarbor for 18 months. It gets painfully slow with a few thousand records. Whenever we got stuck, support had an answer the same day.",performance:negative;support:positive
1845,HelpHive,Help Desk,2024-08-18,1,Our team switched to HelpHive last spring. Way too expensive for what you get. Overall a disappointment.,pricing:negative
1846,ClientOrbit,CRM,2025-05-02,5,"Been on ClientOrbit for 18 months. Even our non-technical staff picked it up quickly. It's fast, even with thousands of records. Our account manager is responsive and helpful.",ease_of_use:positive;performance:positive;support:positive
1847,SendGarden,Email Marketing,2024-06-24,2,"Our IT team handled the rollout. Expensive and support is useless. It just works, every single day. Live chat support is fast and friendly. Search results come back in a blink.",performance:positive;pricing:negative;reliability:positive;support:negative;support:positive
1848,LedgerLeaf,Accounting,2025-09-07,4,"Our team switched to LedgerLeaf last spring. We mainly use it for the tax reports. Data syncs reliably. Easy to use, but it gets slow with big projects. Setup was quick and painless. Even our non-technical staff picked it up quickly.",ease_of_use:positive;onboarding:positive;performance:negative;reliability:positive
1849,DealNest,CRM,2024-01-20,1,Our team switched to DealNest last spring. We migrated from a legacy system. Syncing fails silently. The roadmap has been stuck for a year. Rate limits on the API are far too strict. Very frustrating experience.,features:negative;integrations:negative;reliability:negative
1850,MetricMint,Analytics,2024-09-01,5,"Everything is where you expect it to be. Cheap, and the support team is lovely.",ease_of_use:positive;pricing:positive;support:positive
1851,ChartCove,Analytics,2024-08-19,5,Our team switched to ChartCove last spring. We mainly use it for the data connectors. New features ship regularly.,features:positive
1852,DealNest,CRM,2024-03-12,1,We had several outages during business hours. Would not recommend.,reliability:negative
1853,CountWise,Accounting,2025-02-20,5,We've used CountWise for about a year. Support went above and beyond to fix our issue.,support:positive
1854,TaskHarbor,Project Management,2024-01-07,1,Our team switched to TaskHarbor last spring. Reports are flexible and easy to customize. We waited two weeks for a reply to a critical ticket.,support:negative
1855,BookBridge,Accounting,2024-01-29,2,"Been on BookBridge for 18 months. We evaluated it against two competitors. Great features, terrible price. It costs twice as much as the competitors. The setup documentation is outdated. Would recommend to any growing team.",features:positive;onboarding:negative;pricing:negative
1856,PlanBoard,Project Management,2024-10-31,5,Our team switched to PlanBoard last spring. Most of our team works remotely. Connecting our existing tools took minutes. Importing our old data was easy. Our account manager is responsive and helpful.,integrations:positive;onboarding:positive;support:positive
1857,Sprintly Pro,Project Management,2024-04-01,5,"We've used Sprintly Pro for about a year. Data syncs reliably. The onboarding call was really useful. It's fast, even with thousands of records. Highly recommend.",onboarding:positive;performance:positive;reliability:positive
1858,TicketTide,Help Desk,2025-01-13,5,Been on TicketTide for 18 months. The automation options are powerful.,features:positive
1859,ChartCove,Analytics,2025-07-18,5,"Been on ChartCove for 18 months. Whenever we got stuck, support had an answer the same day. It integrates smoothly with Slack and Google Workspace.",integrations:positive;support:positive
1860,Sprintly Pro,Project Management,2025-05-20,2,There is no way to customize the time tracking. Reports time out when the data gets large. It's very easy to use day to day.,ease_of_use:positive;features:negative;performance:negative
1861,ChartCove,Analytics,2024-11-02,4,"We've used ChartCove for about a year. We migrated from a legacy system. Search results come back in a blink. Support went above and beyond to fix our issue. Great features, terrible price.",features:positive;performance:positive;pricing:negative;support:positive
1862,LedgerLeaf,Accounting,2024-01-16,5,I use it every day. The interface is clean and easy to learn.,ease_of_use:positive
1863,HelpHive,Help Desk,2024-08-12,1,Our team switched to HelpHive last spring. We waited two weeks for a reply to a critical ticket.,support:negative
1864,MetricMint,Analytics,2025-02-15,1,Our team switched to MetricMint last spring. The learning curve is steep. Look elsewhere.,ease_of_use:negative
1865,PlanBoard,Project Management,2024-02-03,1,Been on PlanBoard for 18 months. Most of our team works remotely. It takes far too many clicks to do simple things. Every update seems to break something. The roadmap has been stuck for a year.,ease_of_use:negative;features:negative;reliability:negative
1866,SupportLoop,Help Desk,2024-03-08,5,Been on SupportLoop for 18 months. Most of our team works remotely. The support team actually solves problems. The onboarding guides were clear.,onboarding:positive;support:positive
1867,InsightForge,Analytics,2025-07-19,1,Our team switched to InsightForge last spring. Most of our team works remotely. We had several outages during business hours. Onboarding was confusing and badly organized. Overall a disappointment.,onboarding:negative;reliability:negative
1868,ClientOrbit,CRM,2024-07-08,2,We've used ClientOrbit for about a year. We mainly use it for the email sync. Half of our team still can't find basic settings. The contact management is snappy.,ease_of_use:negative;performance:positive
1869,InsightForge,Analytics,2024-09-17,1,Our team switched to InsightForge last spring. The interface is cluttered and confusing. Syncing with Google Calendar is unreliable.,ease_of_use:negative;integrations:negative
1870,ClientOrbit,CRM,2024-07-23,5,We've used ClientOrbit for about a year. Connecting our existing tools took minutes.,integrations:positive
1871,TaskHarbor,Project Management,2024-04-10,5,Our team switched to TaskHarbor last spring. We evaluated it against two competitors. Not a single outage in two years. We were up and running in a day.,onboarding:positive;reliability:positive
1872,DealNest,CRM,2025-08-30,1,We evaluated it against two competitors. They raised the price by 40% with almost no notice. The roadmap has been stuck for a year. Support kept sending us canned answers. Look elsewhere.,features:negative;pricing:negative;support:negative
1873,InsightForge,Analytics,2024-10-07,1,We've used InsightForge for about a year. We migrated from a legacy system. There's no native integration with our accounting tool. Support kept sending us canned answers. Would not recommend.,integrations:negative;support:negative
1874,TaskHarbor,Project Management,2024-06-13,5,We evaluated it against two competitors. It handles our large datasets without slowing down.,performance:positive
1875,InboxRocket,Email Marketing,2024-03-21,4,Our IT team handled the rollout. Even our non-technical staff picked it up quickly. Too basic for a growing team. The onboarding call was really useful.,ease_of_use:positive;features:negative;onboarding:positive
1876,TaskHarbor,Project Management,2024-09-30,5,I use it every day. The onboarding call was really useful.,onboarding:positive
1877,SupportLoop,Help Desk,2024-03-04,5,Been on SupportLoop for 18 months. Great value for money.,pricing:positive
1878,DealNest,CRM,2024-05-18,1,Our team switched to DealNest last spring. The app freezes several times a day. There's no native integration with our accounting tool. There is no phone support at all. Look elsewhere.,integrations:negative;performance:negative;support:negative
1879,ClientOrbit,CRM,2025-09-10,5,Been on ClientOrbit for 18 months. Our IT team handled the rollout. We were up and running in a day.,onboarding:positive
1880,InboxRocket,Email Marketing,2025-03-05,4,Been on InboxRocket for 18 months. We are a team of 210 people. Everything is where you expect it to be. Pricing is fair for what you get. Expensive and support is useless. The onboarding call was really useful.,ease_of_use:positive;onboarding:positive;pricing:negative;pricing:positive;support:negative
1881,Pipely,CRM,2024-12-31,3,"Setup took weeks. Not cheap, but worth every cent. There's no native integration with our accounting tool. Overall a great experience.",integrations:negative;onboarding:negative;pricing:positive
1882,HelpHive,Help Desk,2025-03-07,5,"Our team switched to HelpHive last spring. I use it every day. The shared inbox is the best we've seen. Not cheap, but worth every cent. Importing our old data was easy. Highly recommend.",features:positive;onboarding:positive;pricing:positive
1883,MetricMint,Analytics,2024-05-02,3,"We've used MetricMint for about a year. Onboarding was confusing and badly organized. Fast, stable and never down.",onboarding:negative;performance:positive;reliability:positive
1884,InboxRocket,Email Marketing,2025-04-04,4,Our team switched to InboxRocket last spring. Our IT team handled the rollout. Support takes days to reply. The automation workflows alone is worth it.,features:positive;support:negative
1885,Sprintly Pro,Project Management,2024-04-14,2,"We mainly use it for the time tracking. The roadmap has been stuck for a year. Our account manager is responsive and helpful. Easy to use, but it gets slow with big projects.",ease_of_use:positive;features:negative;performance:negative;support:positive
1886,TicketTide,Help Desk,2025-09-21,5,The live chat widget is intuitive. Customer support answers within minutes.,ease_of_use:positive;support:positive
1887,SendGarden,Email Marketing,2024-12-10,3,We've used SendGarden for about a year. Most of our team works remotely. We had several outages during business hours. It integrates smoothly with Slack and Google Workspace. Support takes days to reply.,integrations:positive;reliability:negative;support:negative
1888,InsightForge,Analytics,2024-03-26,1,It takes far too many clicks to do simple things.,ease_of_use:negative
1889,LedgerLeaf,Accounting,2024-05-07,1,We've used LedgerLeaf for about a year. We evaluated it against two competitors. The mobile app crashes constantly. There's no native integration with our accounting tool. Not worth the money.,integrations:negative;pricing:negative;reliability:negative
1890,TicketTide,Help Desk,2024-09-04,5,We've used TicketTide for about a year. The automation options are powerful. We saved money by replacing two tools with it.,features:positive;pricing:positive
1891,LedgerLeaf,Accounting,2025-03-22,1,We migrated from a legacy system. It crashes a lot and support never helps. Support kept sending us canned answers.,reliability:negative;support:negative
1892,MetricMint,Analytics,2024-03-07,3,"Been on MetricMint for 18 months. Our account manager disappeared after we signed. Great features, terrible price.",features:positive;pricing:negative;support:negative
1893,InboxRocket,Email Marketing,2024-04-19,5,Our team switched to InboxRocket last spring. The email editor is the best we've seen. Setup was fast and the interface is intuitive. Zapier support covers everything else we need. The per-seat price is very reasonable. Overall a great experience.,ease_of_use:positive;features:positive;integrations:positive;onboarding:positive;pricing:positive
1894,LedgerLeaf,Accounting,2025-07-20,1,Our team switched to LedgerLeaf last spring. It costs twice as much as the competitors.,pricing:negative
1895,Sprintly Pro,Project Management,2025-01-21,1,The kanban boards is not intuitive at all.,ease_of_use:negative
1896,TicketTide,Help Desk,2024-07-14,4,"Customer support rarely fixes anything. The knowledge base is the best we've seen. Easy to use, but it gets slow with big projects. We had several outages during business hours.",ease_of_use:positive;features:positive;performance:negative;reliability:negative;support:negative
1897,TicketTide,Help Desk,2024-01-20,1,Been on TicketTide for 18 months. They raised the price by 40% with almost no notice.,pricing:negative
1898,ClientOrbit,CRM,2024-01-14,5,We've used ClientOrbit for about a year. It handles our large datasets without slowing down. The per-seat price is very reasonable. The interface is clean and easy to learn. Highly recommend.,ease_of_use:positive;performance:positive;pricing:positive
1899,MetricMint,Analytics,2024-05-09,4,Never lost any data. Support takes days to reply. It gets painfully slow with a few thousand records.,performance:negative;reliability:positive;support:negative
1900,InsightForge,Analytics,2024-12-24,5,"Been on InsightForge for 18 months. The funnel analysis alone is worth it. Not cheap, but worth every cent. Would recommend to any growing team.",features:positive;pricing:positive
1901,TicketTide,Help Desk,2024-10-13,4,"Our team switched to TicketTide last spring. Most of our team works remotely. The setup documentation is outdated. It's fast, even with thousands of records. Our account manager is responsive and helpful.",onboarding:negative;performance:positive;support:positive
1902,Sprintly Pro,Project Management,2024-04-19,2,"Navigation is simple and logical. It just works, every single day. Too basic for a growing team. Great features, terrible price.",ease_of_use:positive;features:negative;features:positive;pricing:negative;reliability:positive
1903,CountWise,Accounting,2024-07-18,1,We've used CountWise for about a year. We are a team of 273 people. We needed a paid consultant just to get started. Navigation is a maze. Look elsewhere.,ease_of_use:negative;onboarding:negative
1904,SendGarden,Email Marketing,2024-01-16,3,"We've used SendGarden for about a year. We migrated from a legacy system. Not worth the money. Setup was quick and painless. Everything is where you expect it to be. Great features, terrible price.",ease_of_use:positive;features:positive;onboarding:positive;pricing:negative
1905,SendGarden,Email Marketing,2025-06-05,1,Support takes days to reply. They raised the price by 40% with almost no notice.,pricing:negative;support:negative
1906,MailMosaic,Email Marketing,2025-04-12,1,The interface is cluttered and confusing.,ease_of_use:negative
1907,DealNest,CRM,2024-08-22,5,Zapier support covers everything else we need. It's very easy to use day to day. Would recommend to any growing team.,ease_of_use:positive;integrations:positive
1908,CountWise,Accounting,2025-06-27,1,Hidden fees showed up on our second invoice. Expensive and support is useless.,pricing:negative;support:negative
1909,ChartCove,Analytics,2024-09-11,5,"I use it every day. Support went above and beyond to fix our issue. It's fast, even with thousands of records. Not cheap, but worth every cent. Love it.",performance:positive;pricing:positive;support:positive
1910,InsightForge,Analytics,2024-12-03,5,Been on InsightForge for 18 months. We've had basically no downtime.,reliability:positive
1911,CountWise,Accounting,2024-03-15,2,Been on CountWise for 18 months. The API is great but the pricing tiers are confusing and steep. Data syncs reliably.,integrations:positive;pricing:negative;reliability:positive
1912,Pipely,CRM,2024-05-05,1,Customer support rarely fixes anything. The API is poorly documented. Reporting is very limited. Very frustrating experience.,features:negative;integrations:negative;support:negative
1913,InsightForge,Analytics,2025-07-17,5,Our team switched to InsightForge last spring. The onboarding call was really useful. Love it.,onboarding:positive
1914,InsightForge,Analytics,2024-04-08,5,The onboarding guides were clear. The funnel analysis is snappy.,onboarding:positive;performance:positive
1915,CountWise,Accounting,2025-09-21,1,We migrated from a legacy system. The Slack integration breaks every few weeks. Look elsewhere.,integrations:negative
1916,CountWise,Accounting,2024-08-19,5,"Been on CountWise for 18 months. Never lost any data. Not cheap, but worth every cent.",pricing:positive;reliability:positive
1917,CountWise,Accounting,2024-01-01,2,Been on CountWise for 18 months. Not worth the money. The setup documentation is outdated. Our account manager is responsive and helpful.,onboarding:negative;pricing:negative;support:positive
1918,TaskHarbor,Project Management,2025-05-16,5,We evaluated it against two competitors. Support went above and beyond to fix our issue. Reports are flexible and easy to customize.,features:positive;support:positive
1919,InsightForge,Analytics,2024-05-09,2,Our team switched to InsightForge last spring. Onboarding was confusing and badly organized. Half of our team still can't find basic settings. Setup was fast and the interface is intuitive. Look elsewhere.,ease_of_use:negative;ease_of_use:positive;onboarding:negative;onboarding:positive
1920,ChartCove,Analytics,2025-03-03,5,"Been on ChartCove for 18 months. Most of our team works remotely. Zapier support covers everything else we need. Whenever we got stuck, support had an answer the same day.",integrations:positive;support:positive
1921,HelpHive,Help Desk,2025-03-29,2,"We've used HelpHive for about a year. Cheap, and the support team is lovely. The live chat widget takes ages to load. Setup was quick and painless.",onboarding:positive;performance:negative;pricing:positive;support:positive
1922,LedgerLeaf,Accounting,2024-03-23,4,Our team switched to LedgerLeaf last spring. The invoicing is buggy and loses data occasionally. The onboarding call was really useful. Syncing with Google Calendar is unreliable.,integrations:negative;onboarding:positive;reliability:negative
1923,CountWise,Accounting,2024-10-06,4,Most of our team works remotely. Setup was quick and painless. The per-seat pricing gets painful as you grow. Never lost any data.,onboarding:positive;pricing:negative;reliability:positive
1924,MetricMint,Analytics,2024-11-18,1,Been on MetricMint for 18 months. Syncing with Google Calendar is unreliable. The dashboards is buggy and loses data occasionally.,integrations:negative;reliability:negative
1925,LedgerLeaf,Accounting,2024-04-20,2,Been on LedgerLeaf for 18 months. I use it every day. Importing our old data was easy. Reports time out when the data gets large.,onboarding:positive;performance:negative
1926,MailMosaic,Email Marketing,2024-10-25,1,Our team switched to MailMosaic last spring. Most of our team works remotely. Support kept sending us canned answers. Too basic for a growing team.,features:negative;support:negative
1927,MetricMint,Analytics,2025-07-07,4,Been on MetricMint for 18 months. The support team actually solves problems. The setup documentation is outdated.,onboarding:negative;support:positive
1928,ChartCove,Analytics,2024-02-28,4,We've used ChartCove for about a year. We've had basically no downtime. Key features from the demo still aren't available. Pages load instantly. Highly recommend.,features:negative;performance:positive;reliability:positive
1929,SendGarden,Email Marketing,2024-06-19,1,Our team switched to SendGarden last spring. It gets painfully slow with a few thousand records.,performance:negative
1930,ChartCove,Analytics,2024-06-02,5,It's very easy to use day to day. Look elsewhere.,ease_of_use:positive
1931,BookBridge,Accounting,2024-04-16,4,Been on BookBridge for 18 months. Pricing is fair for what you get. The expense tracking is not intuitive at all. Reports time out when the data gets large.,ease_of_use:negative;performance:negative;pricing:positive
1932,MetricMint,Analytics,2025-01-24,1,Basic features are locked behind the enterprise plan.,pricing:negative
1933,MetricMint,Analytics,2024-04-29,1,Been on MetricMint for 18 months. Most of our team works remotely. The Slack integration breaks every few weeks. Reports time out when the data gets large.,integrations:negative;performance:negative
1934,Pipely,CRM,2025-09-18,5,Been on Pipely for 18 months. The API is well designed. Highly recommend.,integrations:positive
1935,ClientOrbit,CRM,2024-06-19,1,Been on ClientOrbit for 18 months. There's no native integration with our accounting tool.,integrations:negative
1936,ChartCove,Analytics,2025-05-05,4,Been on ChartCove for 18 months. The Slack integration breaks every few weeks. Setup was fast and the interface is intuitive. Reports time out when the data gets large. Look elsewhere.,ease_of_use:positive;integrations:negative;onboarding:positive;performance:negative
1937,MetricMint,Analytics,2025-08-29,5,Been on MetricMint for 18 months. We've had basically no downtime. The automation options are powerful. The funnel analysis is snappy. Would recommend to any growing team.,features:positive;performance:positive;reliability:positive
1938,SendGarden,Email Marketing,2024-12-11,3,The automation options are powerful. It takes far too many clicks to do simple things.,ease_of_use:negative;features:positive
1939,InboxRocket,Email Marketing,2024-03-30,2,I use it every day. It costs twice as much as the competitors. Importing our old data was easy. Love it.,onboarding:positive;pricing:negative
1940,BookBridge,Accounting,2025-09-20,5,We've used BookBridge for about a year. We evaluated it against two competitors. Importing our old data was easy.,onboarding:positive
1941,TicketTide,Help Desk,2025-02-06,1,We've used TicketTide for about a year. The API is poorly documented. They raised the price by 40% with almost no notice. Overall a disappointment.,integrations:negative
1942,InsightForge,Analytics,2024-12-17,1,We've used InsightForge for about a year. Syncing fails silently. The Slack integration breaks every few weeks. Look elsewhere.,integrations:negative;reliability:negative
1943,ClientOrbit,CRM,2024-05-19,2,"Our team switched to ClientOrbit last spring. Whenever we got stuck, support had an answer the same day. Basic features are locked behind the enterprise plan. Easy to use, but it gets slow with big projects.",ease_of_use:positive;performance:negative;pricing:negative;support:positive
1944,HelpHive,Help Desk,2024-08-27,1,We've used HelpHive for about a year. The shared inbox is not intuitive at all. Love it.,ease_of_use:negative
1945,MetricMint,Analytics,2024-02-14,5,The API is well designed.,integrations:positive
1946,TaskHarbor,Project Management,2025-05-22,2,Been on TaskHarbor for 18 months. The setup documentation is outdated. The API is well designed. The kanban boards is missing basic options.,features:negative;integrations:positive;onboarding:negative
1947,SupportLoop,Help Desk,2024-05-20,2,"The API is well designed. It just works, every single day. Expensive and support is useless. Setup was quick and painless. Would recommend to any growing team.",integrations:positive;onboarding:positive;pricing:negative;reliability:positive;support:negative
1948,SendGarden,Email Marketing,2024-12-17,2,"Been on SendGarden for 18 months. Great features, terrible price. Navigation is a maze. Importing our old data was a nightmare. There is no phone support at all. Look elsewhere.",ease_of_use:negative;features:positive;onboarding:negative;pricing:negative;support:negative
1949,SendGarden,Email Marketing,2024-01-13,3,I use it every day. Zapier support covers everything else we need. We waited two weeks for a reply to a critical ticket.,integrations:positive;support:negative
1950,PlanBoard,Project Management,2024-04-11,3,We've used PlanBoard for about a year. We evaluated it against two competitors. Even our non-technical staff picked it up quickly. It integrates smoothly with Slack and Google Workspace. The per-seat pricing gets painful as you grow.,ease_of_use:positive;integrations:positive;pricing:negative
1951,Sprintly Pro,Project Management,2024-08-15,5,"Been on Sprintly Pro for 18 months. It's fast, even with thousands of records.",performance:positive
1952,InsightForge,Analytics,2024-11-27,1,We migrated from a legacy system. Key features from the demo still aren't available. Basic features are locked behind the enterprise plan. Syncing fails silently. Overall a disappointment.,features:negative;pricing:negative;reliability:negative
1953,DealNest,CRM,2025-06-09,5,"Been on DealNest for 18 months. Whenever we got stuck, support had an answer the same day.",support:positive
1954,ChartCove,Analytics,2025-03-31,1,We've used ChartCove for about a year. I use it every day. We had several outages during business hours. The Slack integration breaks every few weeks. Look elsewhere.,integrations:negative;reliability:negative
1955,ChartCove,Analytics,2024-03-15,1,Our team switched to ChartCove last spring. Onboarding was confusing and badly organized. Search is so slow we stopped using it. The dashboards is buggy and loses data occasionally. Overall a disappointment.,onboarding:negative;performance:negative;reliability:negative
1956,DealNest,CRM,2025-03-14,5,The API is well designed.,integrations:positive
1957,MetricMint,Analytics,2024-12-31,3,Been on MetricMint for 18 months. We evaluated it against two competitors. Our account manager is responsive and helpful. There is no way to customize the funnel analysis.,features:negative;support:positive
1958,ChartCove,Analytics,2024-08-10,1,Our IT team handled the rollout. There's no native integration with our accounting tool. Syncing fails silently. Look elsewhere.,integrations:negative;reliability:negative
1959,CountWise,Accounting,2024-06-30,1,We are a team of 120 people. Syncing with Google Calendar is unreliable. The bank reconciliation is buggy and loses data occasionally. Setup took weeks. Would not recommend.,integrations:negative;onboarding:negative;reliability:negative
1960,BookBridge,Accounting,2024-02-26,2,"We've used BookBridge for about a year. We mainly use it for the bank reconciliation. It's fast, even with thousands of records. The expense tracking is not intuitive at all. There is no phone support at all. The API is great but the pricing tiers are confusing and steep. Love it.",ease_of_use:negative;integrations:positive;performance:positive;pricing:negative;support:negative
1961,InsightForge,Analytics,2024-05-22,4,Been on InsightForge for 18 months. It integrates smoothly with Slack and Google Workspace. The interface is cluttered and confusing. Setup took weeks. Very frustrating experience.,ease_of_use:negative;integrations:positive;onboarding:negative
1962,LedgerLeaf,Accounting,2024-06-03,5,We've used LedgerLeaf for about a year. Not a single outage in two years. Zapier support covers everything else we need. Even our non-technical staff picked it up quickly.,ease_of_use:positive;integrations:positive;reliability:positive
1963,InboxRocket,Email Marketing,2024-07-01,5,Our team switched to InboxRocket last spring. We mainly use it for the email editor. Never lost any data. Reports are flexible and easy to customize.,features:positive;reliability:positive
1964,LedgerLeaf,Accounting,2024-03-01,3,"The Slack integration breaks every few weeks. Not worth the money. Cheap, and the support team is lovely. The roadmap has been stuck for a year.",features:negative;integrations:negative;pricing:negative;pricing:positive;support:positive
1965,TicketTide,Help Desk,2024-04-18,5,We've used TicketTide for about a year. I use it every day. It handles our large datasets without slowing down.,performance:positive
1966,ClientOrbit,CRM,2024-04-25,5,We've used ClientOrbit for about a year. Connecting our existing tools took minutes. It has every feature we need.,features:positive;integrations:positive
1967,PlanBoard,Project Management,2025-04-04,5,"Been on PlanBoard for 18 months. The support team actually solves problems. Cheap, and the support team is lovely. Highly recommend.",pricing:positive;support:positive
1968,InsightForge,Analytics,2024-02-02,3,Our team switched to InsightForge last spring. The dashboards is missing basic options. Hidden fees showed up on our second invoice. It handles our large datasets without slowing down. The API is great but the pricing tiers are confusing and steep.,features:negative;integrations:positive;performance:positive;pricing:negative
1969,DealNest,CRM,2024-11-12,5,Our team switched to DealNest last spring. We migrated from a legacy system. The Salesforce integration works out of the box.,integrations:positive
1970,ChartCove,Analytics,2025-03-18,4,Been on ChartCove for 18 months. Most of our team works remotely. The data connectors is intuitive. The support team actually solves problems. Basic features are locked behind the enterprise plan. Love it.,ease_of_use:positive;pricing:negative;support:positive
1971,Pipely,CRM,2024-04-21,5,Our account manager is responsive and helpful.,support:positive
1972,BookBridge,Accounting,2024-10-21,4,Our team switched to BookBridge last spring. Customer support answers within minutes. Reporting is very limited. The invoicing is not intuitive at all.,ease_of_use:negative;support:positive
1973,ClientOrbit,CRM,2025-04-22,5,Been on ClientOrbit for 18 months. I use it every day. Live chat support is fast and friendly. Setup was quick and painless.,onboarding:positive;support:positive
1974,TaskHarbor,Project Management,2025-01-30,1,We've used TaskHarbor for about a year. We are a team of 53 people. The workload view is missing basic options. Overall a disappointment.,features:negative
1975,TicketTide,Help Desk,2025-07-15,5,We've used TicketTide for about a year. Our IT team handled the rollout. Search results come back in a blink.,performance:positive
1976,DealNest,CRM,2024-12-19,5,The contact management is snappy. The onboarding call was really useful. Support went above and beyond to fix our issue.,performance:positive;support:positive
1977,SendGarden,Email Marketing,2024-07-18,2,"I use it every day. The onboarding call was really useful. Navigation is a maze. Whenever we got stuck, support had an answer the same day.",ease_of_use:negative;onboarding:positive;support:positive
1978,DealNest,CRM,2024-03-09,5,We migrated from a legacy system. Support went above and beyond to fix our issue. Love it.,support:positive
1979,BookBridge,Accounting,2024-11-02,3,"Rate limits on the API are far too strict. It takes far too many clicks to do simple things. Cheap, and the support team is lovely. The setup documentation is outdated. Highly recommend.",ease_of_use:negative;integrations:negative;onboarding:negative;pricing:positive;support:positive
1980,TicketTide,Help Desk,2025-07-03,1,We mainly use it for the ticket routing. The app freezes several times a day. The live chat widget is not intuitive at all. Our account manager disappeared after we signed.,ease_of_use:negative;performance:negative;support:negative
1981,ChartCove,Analytics,2025-01-02,1,We've used ChartCove for about a year. There's no native integration with our accounting tool. Reporting is very limited. Very frustrating experience.,features:negative;integrations:negative
1982,SendGarden,Email Marketing,2025-09-14,1,I use it every day. There's no native integration with our accounting tool. Reports time out when the data gets large. The A/B testing is buggy and loses data occasionally.,integrations:negative;performance:negative;reliability:negative
1983,DealNest,CRM,2024-04-14,5,We migrated from a legacy system. It handles our large datasets without slowing down.,performance:positive
1984,InboxRocket,Email Marketing,2024-03-08,3,We've used InboxRocket for about a year. The roadmap has been stuck for a year. Setup was quick and painless. We waited two weeks for a reply to a critical ticket.,features:negative;onboarding:positive;support:negative
1985,DealNest,CRM,2025-02-15,2,Our team switched to DealNest last spring. Setup was fast and the interface is intuitive. The setup documentation is outdated. Data syncs reliably.,ease_of_use:positive;onboarding:negative;onboarding:positive;reliability:positive
1986,InboxRocket,Email Marketing,2024-12-10,5,We've used InboxRocket for about a year. The automation options are powerful. The per-seat price is very reasonable. The support team actually solves problems. Love it.,features:positive;pricing:positive;support:positive
1987,DealNest,CRM,2025-06-22,3,"Been on DealNest for 18 months. We mainly use it for the pipeline view. Connecting our existing tools took minutes. The email sync takes ages to load. Whenever we got stuck, support had an answer the same day.",integrations:positive;performance:negative;support:positive
1988,BookBridge,Accounting,2024-10-04,1,Our team switched to BookBridge last spring. There is no phone support at all. Very frustrating experience.,support:negative
1989,InboxRocket,Email Marketing,2024-02-22,1,Search is so slow we stopped using it. Every update seems to break something.,performance:negative;reliability:negative
1990,LedgerLeaf,Accounting,2024-07-25,5,Been on LedgerLeaf for 18 months. I use it every day. Everything is where you expect it to be. We've had basically no downtime. Would recommend to any growing team.,ease_of_use:positive;reliability:positive
1991,ChartCove,Analytics,2025-03-08,2,We've used ChartCove for about a year. We migrated from a legacy system. Connecting our existing tools took minutes. The data connectors is not intuitive at all.,ease_of_use:negative;integrations:positive
1992,PlanBoard,Project Management,2025-03-23,5,We've used PlanBoard for about a year. Great value for money.,pricing:positive
1993,Sprintly Pro,Project Management,2024-01-10,1,Been on Sprintly Pro for 18 months. The learning curve is steep. Not worth the money. Syncing fails silently.,ease_of_use:negative;pricing:negative;reliability:negative
1994,ChartCove,Analytics,2024-06-29,3,Our team switched to ChartCove last spring. The app freezes several times a day. The data connectors is buggy and loses data occasionally. Connecting our existing tools took minutes. Very frustrating experience.,integrations:positive;performance:negative;reliability:negative
1995,BookBridge,Accounting,2024-04-24,5,Been on BookBridge for 18 months. We migrated from a legacy system. The per-seat price is very reasonable.,pricing:positive
1996,LedgerLeaf,Accounting,2025-08-13,5,Been on LedgerLeaf for 18 months. We migrated from a legacy system. Importing our old data was easy. Pages load instantly. Our account manager is responsive and helpful. Overall a great experience.,onboarding:positive;performance:positive;support:positive
1997,SendGarden,Email Marketing,2024-05-08,2,"We've used SendGarden for about a year. It just works, every single day. Great features, terrible price.",features:positive;pricing:negative;reliability:positive
1998,Pipely,CRM,2024-02-13,1,Our team switched to Pipely last spring. We migrated from a legacy system. They raised the price by 40% with almost no notice.,pricing:negative
1999,InsightForge,Analytics,2025-02-21,1,Been on InsightForge for 18 months. Search is so slow we stopped using it. The Slack integration breaks every few weeks.,integrations:negative;performance:negative
2000,TicketTide,Help Desk,2024-02-01,5,Been on TicketTide for 18 months. Our IT team handled the rollout. We've had basically no downtime. Everything is where you expect it to be. Would recommend to any growing team.,ease_of_use:positive;reliability:positive
2001,Pipely,CRM,2024-01-07,4,"Our team switched to Pipely last spring. We migrated from a legacy system. The deal tracking is snappy. Great features, terrible price. Everything is where you expect it to be.",ease_of_use:positive;features:positive;performance:positive;pricing:negative
2002,SendGarden,Email Marketing,2025-08-08,2,"Our team switched to SendGarden last spring. Most of our team works remotely. It gets painfully slow with a few thousand records. Whenever we got stuck, support had an answer the same day.",performance:negative;support:positive
2003,ChartCove,Analytics,2025-04-01,5,Our team switched to ChartCove last spring. Everything is where you expect it to be.,ease_of_use:positive
2004,DealNest,CRM,2024-07-27,1,Been on DealNest for 18 months. We migrated from a legacy system. The roadmap has been stuck for a year. Reports time out when the data gets large.,features:negative;performance:negative
2005,TicketTide,Help Desk,2024-01-11,3,We've used TicketTide for about a year. The knowledge base alone is worth it. There's no native integration with our accounting tool. Highly recommend.,features:positive;integrations:negative
2006,InboxRocket,Email Marketing,2025-01-08,4,Too basic for a growing team. Our account manager disappeared after we signed. It's cheaper than the alternatives we looked at. Very frustrating experience.,features:negative;pricing:positive;support:negative
2007,TicketTide,Help Desk,2025-01-13,2,Our team switched to TicketTide last spring. Connecting our existing tools took minutes. Customer support rarely fixes anything.,integrations:positive;support:negative
2008,ClientOrbit,CRM,2024-12-27,4,"Most of our team works remotely. Reporting is very limited. It just works, every single day.",features:negative;reliability:positive
2009,TicketTide,Help Desk,2025-05-08,3,Live chat support is fast and friendly. Half of our team still can't find basic settings. The setup documentation is outdated. Look elsewhere.,ease_of_use:negative;onboarding:negative;support:positive
2010,ChartCove,Analytics,2024-10-15,5,We were up and running in a day. We've had basically no downtime.,onboarding:positive;reliability:positive
2011,BookBridge,Accounting,2025-01-14,5,Been on BookBridge for 18 months. The invoicing is intuitive. The support team actually solves problems.,ease_of_use:positive;support:positive
2012,SupportLoop,Help Desk,2024-07-16,2,"Been on SupportLoop for 18 months. Cheap, and the support team is lovely. Reporting is very limited.",features:negative;pricing:positive;support:positive
2013,Sprintly Pro,Project Management,2025-09-30,4,"Been on Sprintly Pro for 18 months. Never lost any data. Great features, terrible price. Overall a great experience.",features:positive;pricing:negative;reliability:positive
2014,TicketTide,Help Desk,2025-06-13,5,Our team switched to TicketTide last spring. We are a team of 154 people. Data syncs reliably.,reliability:positive
2015,Pipely,CRM,2025-05-26,3,We've used Pipely for about a year. The API is great but the pricing tiers are confusing and steep. Most of our team works remotely. It has every feature we need.,features:positive;integrations:positive;pricing:negative
2016,PlanBoard,Project Management,2024-12-27,1,Reporting is very limited. Would not recommend.,features:negative
2017,Sprintly Pro,Project Management,2025-05-11,2,We've used Sprintly Pro for about a year. We mainly use it for the Gantt chart. The app freezes several times a day. The mobile app crashes constantly. The onboarding guides were clear. Would not recommend.,onboarding:positive;performance:negative;reliability:negative
2018,SupportLoop,Help Desk,2024-02-10,5,Been on SupportLoop for 18 months. Never lost any data. Importing our old data was easy. Love it.,onboarding:positive;reliability:positive
2019,BookBridge,Accounting,2025-07-12,1,We've used BookBridge for about a year. Syncing with Google Calendar is unreliable. Too basic for a growing team.,features:negative;integrations:negative
2020,InboxRocket,Email Marketing,2024-03-22,2,We've used InboxRocket for about a year. We migrated from a legacy system. There's no native integration with our accounting tool. There is no way to customize the A/B testing. Our account manager is responsive and helpful. Would recommend to any growing team.,features:negative;integrations:negative;support:positive
2021,BookBridge,Accounting,2024-07-29,5,"Our team switched to BookBridge last spring. It's fast, even with thousands of records. We were up and running in a day.",onboarding:positive;performance:positive
2022,InboxRocket,Email Marketing,2024-12-22,4,Been on InboxRocket for 18 months. It has every feature we need. We were up and running in a day. Expensive and support is useless.,features:positive;onboarding:positive;pricing:negative;support:negative
2023,MailMosaic,Email Marketing,2025-01-28,1,We are a team of 241 people. We had several outages during business hours. Setup took weeks.,onboarding:negative;reliability:negative
2024,Pipely,CRM,2024-01-05,5,"We've used Pipely for about a year. It's fast, even with thousands of records. Love it.",performance:positive
2025,SupportLoop,Help Desk,2024-02-15,2,We've used SupportLoop for about a year. The Salesforce integration works out of the box. It gets painfully slow with a few thousand records. There is no phone support at all.,integrations:positive;performance:negative;support:negative
2026,BookBridge,Accounting,2025-07-03,5,Pages load instantly. Navigation is simple and logical.,ease_of_use:positive;performance:positive
2027,LedgerLeaf,Accounting,2024-01-01,1,Been on LedgerLeaf for 18 months. Setup took weeks.,onboarding:negative
2028,TicketTide,Help Desk,2024-01-17,1,Been on TicketTide for 18 months. Every update seems to break something.,reliability:negative
2029,PlanBoard,Project Management,2025-02-09,1,We've used PlanBoard for about a year. Too basic for a growing team. Reports time out when the data gets large.,features:negative;performance:negative
2030,MetricMint,Analytics,2024-05-26,5,We've used MetricMint for about a year. We evaluated it against two competitors. Pricing is fair for what you get. Live chat support is fast and friendly.,pricing:positive;support:positive
2031,PlanBoard,Project Management,2024-09-02,1,The Slack integration breaks every few weeks. The time tracking is missing basic options. Look elsewhere.,features:negative;integrations:negative
2032,MailMosaic,Email Marketing,2024-03-27,5,We saved money by replacing two tools with it. Love it.,pricing:positive
2033,MetricMint,Analytics,2024-09-07,5,"Been on MetricMint for 18 months. Our IT team handled the rollout. Cheap, and the support team is lovely. Pricing is fair for what you get.",pricing:positive;support:positive
2034,SendGarden,Email Marketing,2025-01-11,1,I use it every day. Basic features are locked behind the enterprise plan.,pricing:negative
2035,BookBridge,Accounting,2025-05-17,5,"We've used BookBridge for about a year. It just works, every single day. Whenever we got stuck, support had an answer the same day.",reliability:positive
2036,PlanBoard,Project Management,2025-09-14,1,The API is poorly documented. Hidden fees showed up on our second invoice.,integrations:negative;pricing:negative
2037,Sprintly Pro,Project Management,2025-07-28,4,The Slack integration breaks every few weeks. The API is great but the pricing tiers are confusing and steep. Reports time out when the data gets large.,integrations:negative;integrations:positive;performance:negative;pricing:negative
2038,MetricMint,Analytics,2025-07-26,3,Been on MetricMint for 18 months. Basic features are locked behind the enterprise plan. The API is well designed.,integrations:positive;pricing:negative
2039,ClientOrbit,CRM,2024-05-21,1,Been on ClientOrbit for 18 months. We mainly use it for the deal tracking. Expensive and support is useless. There's no native integration with our accounting tool. Way too expensive for what you get.,integrations:negative;pricing:negative;support:negative
2040,InsightForge,Analytics,2024-11-29,1,The funnel analysis takes ages to load. The interface is cluttered and confusing. We waited two weeks for a reply to a critical ticket.,ease_of_use:negative;performance:negative;support:negative
2041,MailMosaic,Email Marketing,2025-08-24,1,Our team switched to MailMosaic last spring. They raised the price by 40% with almost no notice. Reports time out when the data gets large.,performance:negative;pricing:negative
2042,CountWise,Accounting,2024-07-24,4,Our team switched to CountWise last spring. Customer support answers within minutes. Expensive and support is useless. Love it.,pricing:negative;support:negative;support:positive
2043,InboxRocket,Email Marketing,2024-03-06,5,"It just works, every single day. Setup was fast and the interface is intuitive. Zapier support covers everything else we need. We were up and running in a day.",ease_of_use:positive;integrations:positive;onboarding:positive;reliability:positive
2044,LedgerLeaf,Accounting,2024-07-19,3,Our team switched to LedgerLeaf last spring. We migrated from a legacy system. The API is poorly documented. Importing our old data was easy. Hidden fees showed up on our second invoice. Highly recommend.,integrations:negative;onboarding:positive;pricing:negative
2045,ChartCove,Analytics,2025-06-20,2,We are a team of 244 people. The interface is clean and easy to learn. There is no phone support at all.,ease_of_use:positive;support:negative
2046,ClientOrbit,CRM,2024-09-05,5,We are a team of 182 people. Not a single outage in two years.,reliability:positive
2047,TicketTide,Help Desk,2024-07-31,5,"We are a team of 127 people. Our account manager is responsive and helpful. It's fast, even with thousands of records. New features ship regularly.",features:positive;performance:positive;support:positive
2048,InsightForge,Analytics,2025-08-26,4,Hidden fees showed up on our second invoice. Setup was fast and the interface is intuitive.,ease_of_use:positive;onboarding:positive;pricing:negative
2049,CountWise,Accounting,2025-08-11,1,Been on CountWise for 18 months. Search is so slow we stopped using it. Would not recommend.,performance:negative
2050,PlanBoard,Project Management,2024-07-31,2,We've used PlanBoard for about a year. We mainly use it for the kanban boards. The setup documentation is outdated. They raised the price by 40% with almost no notice. Customer support answers within minutes.,onboarding:negative;pricing:negative;support:positive
2051,ChartCove,Analytics,2025-02-05,5,Our team switched to ChartCove last spring. The Salesforce integration works out of the box. Setup was quick and painless.,integrations:positive;onboarding:positive
2052,TicketTide,Help Desk,2025-09-23,4,Hidden fees showed up on our second invoice. Search results come back in a blink. We waited two weeks for a reply to a critical ticket.,performance:positive;pricing:negative;support:negative
2053,PlanBoard,Project Management,2025-01-13,1,Rate limits on the API are far too strict.,integrations:negative
2054,SupportLoop,Help Desk,2024-05-13,4,We've used SupportLoop for about a year. The knowledge base is snappy. We needed a paid consultant just to get started. Highly recommend.,onboarding:negative;performance:positive
2055,HelpHive,Help Desk,2024-12-29,2,We've used HelpHive for about a year. Our IT team handled the rollout. The onboarding guides were clear. Not a single outage in two years. Expensive and support is useless. Highly recommend.,onboarding:positive;pricing:negative;reliability:positive;support:negative
2056,InsightForge,Analytics,2024-02-04,4,Our IT team handled the rollout. Half of our team still can't find basic settings. Reports are flexible and easy to customize. Great value for money.,ease_of_use:negative;features:positive;pricing:positive
2057,MailMosaic,Email Marketing,2024-11-27,5,We've used MailMosaic for about a year. Reports are flexible and easy to customize.,features:positive
2058,Sprintly Pro,Project Management,2025-02-23,1,Been on Sprintly Pro for 18 months. We had several outages during business hours.,reliability:negative
2059,SupportLoop,Help Desk,2025-08-07,4,"Key features from the demo still aren't available. Everything is where you expect it to be. Great features, terrible price. They raised the price by 40% with almost no notice.",ease_of_use:positive;features:negative;features:positive;pricing:negative
2060,MailMosaic,Email Marketing,2025-04-10,1,Been on MailMosaic for 18 months. We had several outages during business hours. There's no native integration with our accounting tool.,integrations:negative;reliability:negative
2061,BookBridge,Accounting,2024-08-07,1,Our team switched to BookBridge last spring. We are a team of 261 people. Reporting is very limited.,features:negative
2062,MetricMint,Analytics,2025-08-06,1,Our team switched to MetricMint last spring. We needed a paid consultant just to get started. Very frustrating experience.,onboarding:negative
2063,TicketTide,Help Desk,2024-06-12,2,Been on TicketTide for 18 months. Most of our team works remotely. The API is great but the pricing tiers are confusing and steep. We needed a paid consultant just to get started. It integrates smoothly with Slack and Google Workspace. Too basic for a growing team.,features:negative;integrations:positive;onboarding:negative;pricing:negative
2064,PlanBoard,Project Management,2024-01-09,5,Our team switched to PlanBoard last spring. The API is well designed. It's very easy to use day to day.,ease_of_use:positive;integrations:positive
2065,ChartCove,Analytics,2024-08-12,3,Our team switched to ChartCove last spring. We mainly use it for the dashboards. The learning curve is steep. Reports are flexible and easy to customize.,ease_of_use:negative;features:positive
2066,SupportLoop,Help Desk,2024-09-06,2,Been on SupportLoop for 18 months. The interface is cluttered and confusing. We've had basically no downtime.,ease_of_use:negative;reliability:positive
2067,Sprintly Pro,Project Management,2025-05-06,3,We've used Sprintly Pro for about a year. We evaluated it against two competitors. Syncing with Google Calendar is unreliable. New features ship regularly.,features:positive;integrations:negative
2068,InsightForge,Analytics,2025-08-31,5,Our team switched to InsightForge last spring. New features ship regularly. The interface is clean and easy to learn.,ease_of_use:positive;features:positive
2069,HelpHive,Help Desk,2025-08-14,2,"We've used HelpHive for about a year. Most of our team works remotely. Navigation is a maze. Zapier support covers everything else we need. Great features, terrible price.",ease_of_use:negative;features:positive;integrations:positive;pricing:negative
2070,InboxRocket,Email Marketing,2025-07-29,5,Not a single outage in two years.,reliability:positive
2071,InboxRocket,Email Marketing,2024-03-17,4,"Our team switched to InboxRocket last spring. It takes far too many clicks to do simple things. Fast, stable and never down.",ease_of_use:negative;performance:positive;reliability:positive
2072,MetricMint,Analytics,2024-11-24,2,We've used MetricMint for about a year. It gets painfully slow with a few thousand records. We were up and running in a day. It's cheaper than the alternatives we looked at.,onboarding:positive;performance:negative;pricing:positive
2073,MetricMint,Analytics,2024-03-26,1,Been on MetricMint for 18 months. Setup took weeks. The interface is cluttered and confusing. Our account manager disappeared after we signed.,ease_of_use:negative;onboarding:negative;support:negative
2074,InsightForge,Analytics,2024-05-07,3,"Been on InsightForge for 18 months. Reporting is very limited. The API is poorly documented. Whenever we got stuck, support had an answer the same day.",features:negative;integrations:negative;support:positive
2075,SendGarden,Email Marketing,2024-07-13,4,Our team switched to SendGarden last spring. Search is so slow we stopped using it. The automation workflows is buggy and loses data occasionally. The API is great but the pricing tiers are confusing and steep.,integrations:positive;performance:negative;pricing:negative;reliability:negative
2076,BookBridge,Accounting,2024-04-22,1,The tax reports is not intuitive at all. Reports time out when the data gets large. Very frustrating experience.,ease_of_use:negative;performance:negative
2077,PlanBoard,Project Management,2024-10-29,1,Been on PlanBoard for 18 months. It gets painfully slow with a few thousand records. Every update seems to break something. Look elsewhere.,performance:negative;reliability:negative
2078,BookBridge,Accounting,2025-03-08,4,We are a team of 65 people. Navigation is simple and logical. The invoicing takes ages to load. Expensive and support is useless. The expense tracking alone is worth it.,ease_of_use:positive;features:positive;performance:negative;pricing:negative;support:negative
2079,LedgerLeaf,Accounting,2025-09-22,4,Importing our old data was easy. The interface is clean and easy to learn. Hidden fees showed up on our second invoice.,ease_of_use:positive;onboarding:positive;pricing:negative
2080,ClientOrbit,CRM,2024-01-06,5,Our team switched to ClientOrbit last spring. Great value for money. Never lost any data. The automation options are powerful.,features:positive;pricing:positive;reliability:positive
2081,MailMosaic,Email Marketing,2024-05-10,3,We've used MailMosaic for about a year. The segmentation is not intuitive at all. Setup was fast and the interface is intuitive. Support went above and beyond to fix our issue. Key features from the demo still aren't available.,ease_of_use:negative;ease_of_use:positive;features:negative;onboarding:positive;support:positive
2082,CountWise,Accounting,2025-08-22,1,Our team switched to CountWise last spring. We mainly use it for the invoicing. Support kept sending us canned answers. Look elsewhere.,support:negative
2083,LedgerLeaf,Accounting,2025-06-10,2,Been on LedgerLeaf for 18 months. Onboarding was confusing and badly organized. Setup was fast and the interface is intuitive. Would recommend to any growing team.,ease_of_use:positive;onboarding:negative;onboarding:positive
2084,CountWise,Accounting,2025-05-27,3,"Our team switched to CountWise last spring. The Salesforce integration works out of the box. Easy to use, but it gets slow with big projects.",ease_of_use:positive;integrations:positive;performance:negative
2085,SendGarden,Email Marketing,2024-04-02,2,We've used SendGarden for about a year. Expensive and support is useless. Never lost any data. There's no native integration with our accounting tool. Our account manager disappeared after we signed. Overall a disappointment.,integrations:negative;pricing:negative;reliability:positive;support:negative
2086,TaskHarbor,Project Management,2025-04-13,5,We've used TaskHarbor for about a year. We saved money by replacing two tools with it. We were up and running in a day. It's very easy to use day to day.,ease_of_use:positive;onboarding:positive;pricing:positive
2087,LedgerLeaf,Accounting,2025-06-24,5,Been on LedgerLeaf for 18 months. Most of our team works remotely. Pricing is fair for what you get. Navigation is simple and logical. Highly recommend.,ease_of_use:positive;pricing:positive
2088,LedgerLeaf,Accounting,2024-07-02,2,"Our team switched to LedgerLeaf last spring. The API is great but the pricing tiers are confusing and steep. It just works, every single day. Would recommend to any growing team.",integrations:positive;pricing:negative;reliability:positive
2089,Sprintly Pro,Project Management,2025-01-06,1,Our team switched to Sprintly Pro last spring. The interface is cluttered and confusing. Syncing fails silently.,ease_of_use:negative;reliability:negative
2090,CountWise,Accounting,2024-05-05,5,"We've used CountWise for about a year. We mainly use it for the tax reports. Live chat support is fast and friendly. Fast, stable and never down.",performance:positive;reliability:positive;support:positive
2091,ClientOrbit,CRM,2024-07-02,2,We've used ClientOrbit for about a year. We mainly use it for the email sync. Our account manager is responsive and helpful. The contact management is not intuitive at all. Overall a great experience.,ease_of_use:negative;support:positive
2092,Sprintly Pro,Project Management,2024-09-18,1,Been on Sprintly Pro for 18 months. We migrated from a legacy system. It costs twice as much as the competitors. Rate limits on the API are far too strict.,integrations:negative;pricing:negative
2093,Pipely,CRM,2024-04-18,5,The API is well designed.,integrations:positive
2094,HelpHive,Help Desk,2025-07-21,5,Our team switched to HelpHive last spring. We are a team of 21 people. Reports are flexible and easy to customize. Zapier support covers everything else we need.,features:positive;integrations:positive
2095,SupportLoop,Help Desk,2024-01-23,1,It gets painfully slow with a few thousand records.,performance:negative
2096,MailMosaic,Email Marketing,2024-10-10,5,Our team switched to MailMosaic last spring. Connecting our existing tools took minutes. It's cheaper than the alternatives we looked at.,integrations:positive;pricing:positive
2097,InboxRocket,Email Marketing,2024-06-26,1,Not worth the money. Rate limits on the API are far too strict.,integrations:negative;pricing:negative
2098,MailMosaic,Email Marketing,2025-06-02,5,Our team switched to MailMosaic last spring. The onboarding guides were clear. It's very easy to use day to day. Overall a disappointment.,ease_of_use:positive;onboarding:positive
2099,ClientOrbit,CRM,2025-05-26,5,Our account manager is responsive and helpful. Setup was fast and the interface is intuitive.,ease_of_use:positive;onboarding:positive;support:positive
2100,Pipely,CRM,2025-07-07,1,We've used Pipely for about a year. We mainly use it for the pipeline view. We had several outages during business hours. Very frustrating experience.,reliability:negative
2101,SendGarden,Email Marketing,2024-12-17,2,"Our team switched to SendGarden last spring. Rate limits on the API are far too strict. Great features, terrible price. The interface is clean and easy to learn. The email editor alone is worth it.",ease_of_use:positive;features:positive;integrations:negative;pricing:negative
2102,MetricMint,Analytics,2024-10-19,4,"Been on MetricMint for 18 months. There's no native integration with our accounting tool. Great features, terrible price. The app freezes several times a day. Hidden fees showed up on our second invoice.",features:positive;integrations:negative;performance:negative;pricing:negative
2103,InboxRocket,Email Marketing,2025-04-08,1,We've used InboxRocket for about a year. We migrated from a legacy system. Reporting is very limited. Our account manager disappeared after we signed. Syncing with Google Calendar is unreliable.,features:negative;integrations:negative;support:negative
2104,ChartCove,Analytics,2024-11-13,3,Our team switched to ChartCove last spring. Not a single outage in two years. The funnel analysis is missing basic options. It's very easy to use day to day. Overall a great experience.,ease_of_use:positive;features:negative;reliability:positive
2105,MetricMint,Analytics,2024-03-05,2,It takes far too many clicks to do simple things. The roadmap has been stuck for a year. Setup was quick and painless. Highly recommend.,ease_of_use:negative;features:negative;onboarding:positive
2106,Pipely,CRM,2025-02-27,3,"Been on Pipely for 18 months. Connecting our existing tools took minutes. Cheap, and the support team is lovely. Reports are flexible and easy to customize. Support takes days to reply. Highly recommend.",features:positive;integrations:positive;pricing:positive;support:negative;support:positive
2107,TicketTide,Help Desk,2024-04-27,3,Our team switched to TicketTide last spring. We evaluated it against two competitors. Pages load instantly. Our account manager is responsive and helpful. It costs twice as much as the competitors.,performance:positive;pricing:negative;support:positive
2108,Pipely,CRM,2025-07-27,3,Been on Pipely for 18 months. The API is great but the pricing tiers are confusing and steep. Basic features are locked behind the enterprise plan. Every update seems to break something. Overall a disappointment.,integrations:positive;pricing:negative;reliability:negative
2109,TicketTide,Help Desk,2024-05-01,4,Our team switched to TicketTide last spring. Customer support answers within minutes. The Slack integration breaks every few weeks. Never lost any data. Highly recommend.,integrations:negative;reliability:positive;support:positive
2110,MetricMint,Analytics,2024-07-05,4,Been on MetricMint for 18 months. We migrated from a legacy system. Customer support answers within minutes. Not worth the money.,pricing:negative;support:positive
2111,Sprintly Pro,Project Management,2024-11-23,5,We've used Sprintly Pro for about a year. Most of our team works remotely. Data syncs reliably.,reliability:positive
2112,SendGarden,Email Marketing,2024-02-03,1,Our team switched to SendGarden last spring. It gets painfully slow with a few thousand records. The automation workflows is not intuitive at all. Support kept sending us canned answers. Look elsewhere.,ease_of_use:negative;performance:negative;support:negative
2113,SendGarden,Email Marketing,2025-03-15,4,Our team switched to SendGarden last spring. We mainly use it for the email editor. It costs twice as much as the competitors. Importing our old data was a nightmare. The API is great but the pricing tiers are confusing and steep. Not a single outage in two years. Would not recommend.,integrations:positive;onboarding:negative;pricing:negative;reliability:positive
2114,PlanBoard,Project Management,2025-09-19,5,"Our team switched to PlanBoard last spring. We migrated from a legacy system. It's fast, even with thousands of records. Overall a great experience.",performance:positive
2115,TaskHarbor,Project Management,2024-04-28,4,We've used TaskHarbor for about a year. Most of our team works remotely. Rate limits on the API are far too strict. Importing our old data was easy. Love it.,integrations:negative;onboarding:positive
2116,InboxRocket,Email Marketing,2024-03-02,1,We've used InboxRocket for about a year. The learning curve is steep. The API is poorly documented.,ease_of_use:negative;integrations:negative
2117,ClientOrbit,CRM,2025-01-13,3,The pipeline view is snappy. Connecting our existing tools took minutes. The setup documentation is outdated. Would recommend to any growing team.,integrations:positive;onboarding:negative;performance:positive
2118,SendGarden,Email Marketing,2024-07-25,2,We've used SendGarden for about a year. The learning curve is steep. Key features from the demo still aren't available. The API is great but the pricing tiers are confusing and steep. The setup documentation is outdated.,ease_of_use:negative;features:negative;integrations:positive;onboarding:negative;pricing:negative
2119,Sprintly Pro,Project Management,2025-08-05,1,Our team switched to Sprintly Pro last spring. We migrated from a legacy system. It gets painfully slow with a few thousand records.,performance:negative
2120,InboxRocket,Email Marketing,2025-02-05,2,"We've used InboxRocket for about a year. Not a single outage in two years. The per-seat pricing gets painful as you grow. Fast, stable and never down. New features ship regularly.",features:positive;pricing:negative;reliability:positive
2121,BookBridge,Accounting,2024-12-23,2,"Been on BookBridge for 18 months. We migrated from a legacy system. Easy to use, but it gets slow with big projects. Navigation is simple and logical. The support team actually solves problems. The expense tracking is snappy.",ease_of_use:positive;performance:negative;performance:positive;support:positive
2122,ClientOrbit,CRM,2024-04-30,1,Been on ClientOrbit for 18 months. We mainly use it for the contact management. It crashes a lot and support never helps. The app freezes several times a day. Support kept sending us canned answers. Key features from the demo still aren't available.,features:negative;performance:negative;reliability:negative;support:negative
2123,TicketTide,Help Desk,2025-07-15,2,The interface is clean and easy to learn. The automation options are powerful. Not worth the money. Overall a great experience.,ease_of_use:positive;features:positive;pricing:negative
2124,InboxRocket,Email Marketing,2025-05-30,5,Been on InboxRocket for 18 months. Setup was fast and the interface is intuitive. The interface is clean and easy to learn.,onboarding:positive
2125,MailMosaic,Email Marketing,2025-05-25,2,Most of our team works remotely. The automation workflows is snappy. The API is well designed. Onboarding was confusing and badly organized.,integrations:positive;onboarding:negative;performance:positive
2126,InboxRocket,Email Marketing,2025-09-26,3,"Been on InboxRocket for 18 months. It's fast, even with thousands of records. Key features from the demo still aren't available. Overall a disappointment.",features:negative;performance:positive
2127,TicketTide,Help Desk,2025-08-19,5,We've used TicketTide for about a year. Zapier support covers everything else we need. The per-seat price is very reasonable. The onboarding call was really useful. Would recommend to any growing team.,integrations:positive;onboarding:positive;pricing:positive
2128,LedgerLeaf,Accounting,2025-09-26,1,Been on LedgerLeaf for 18 months. Most of our team works remotely. Way too expensive for what you get. Navigation is a maze. Key features from the demo still aren't available.,ease_of_use:negative;features:negative;pricing:negative
2129,ChartCove,Analytics,2024-03-31,4,Our team switched to ChartCove last spring. We mainly use it for the custom reports. Everything is where you expect it to be. Syncing with Google Calendar is unreliable. We've had basically no downtime. Highly recommend.,ease_of_use:positive;integrations:negative;reliability:positive
2130,SupportLoop,Help Desk,2025-06-08,3,Been on SupportLoop for 18 months. Our IT team handled the rollout. The ticket routing takes ages to load. The automation options are powerful. Syncing fails silently.,features:positive;performance:negative;reliability:negative
2131,InsightForge,Analytics,2024-05-29,5,Been on InsightForge for 18 months. Connecting our existing tools took minutes.,integrations:positive
2132,ClientOrbit,CRM,2025-03-05,3,We've had basically no downtime. The API is great but the pricing tiers are confusing and steep. The free plan is generous. Love it.,integrations:positive;pricing:negative;pricing:positive;reliability:positive
2133,DealNest,CRM,2024-02-14,1,Setup took weeks.,onboarding:negative
2134,Sprintly Pro,Project Management,2024-12-17,5,"I use it every day. It just works, every single day. Live chat support is fast and friendly.",reliability:positive;support:positive
2135,ChartCove,Analytics,2025-02-22,2,"Our team switched to ChartCove last spring. Zapier support covers everything else we need. Whenever we got stuck, support had an answer the same day. We had several outages during business hours.",integrations:positive;reliability:negative;support:positive
2136,InboxRocket,Email Marketing,2024-06-19,2,Great value for money. Search is so slow we stopped using it.,performance:negative;pricing:positive
2137,Pipely,CRM,2025-07-09,4,Our team switched to Pipely last spring. We evaluated it against two competitors. The learning curve is steep. The contact management alone is worth it. Importing our old data was a nightmare. Overall a disappointment.,ease_of_use:negative;features:positive;onboarding:negative
2138,SupportLoop,Help Desk,2024-03-25,4,"Our team switched to SupportLoop last spring. Fast, stable and never down. The ticket routing is missing basic options. It integrates smoothly with Slack and Google Workspace.",features:negative;integrations:positive;performance:positive;reliability:positive
2139,InboxRocket,Email Marketing,2025-02-12,1,"There's no native integration with our accounting tool. Great features, terrible price.",integrations:negative;pricing:negative
2140,MetricMint,Analytics,2024-02-20,1,Been on MetricMint for 18 months. The API is poorly documented. Highly recommend.,integrations:negative
2141,SendGarden,Email Marketing,2025-04-10,5,Been on SendGarden for 18 months. Our account manager is responsive and helpful. Highly recommend.,support:positive
2142,Sprintly Pro,Project Management,2025-03-28,1,Our team switched to Sprintly Pro last spring. I use it every day. The mobile app crashes constantly. Reports time out when the data gets large. The kanban boards is not intuitive at all. Look elsewhere.,ease_of_use:negative;performance:negative;reliability:negative
2143,TaskHarbor,Project Management,2025-05-25,2,Been on TaskHarbor for 18 months. The per-seat price is very reasonable. Search is so slow we stopped using it.,performance:negative;pricing:positive
2144,TicketTide,Help Desk,2025-03-14,5,"We've used TicketTide for about a year. We evaluated it against two competitors. Not cheap, but worth every cent.",pricing:positive
2145,ChartCove,Analytics,2024-03-12,4,Been on ChartCove for 18 months. We evaluated it against two competitors. Support went above and beyond to fix our issue. Importing our old data was easy. Syncing fails silently.,onboarding:positive;reliability:negative;support:positive
2146,InsightForge,Analytics,2025-03-08,1,Been on InsightForge for 18 months. Our IT team handled the rollout. Support kept sending us canned answers. Look elsewhere.,support:negative
2147,TaskHarbor,Project Management,2025-08-18,5,Been on TaskHarbor for 18 months. Even our non-technical staff picked it up quickly. Highly recommend.,ease_of_use:positive
2148,TaskHarbor,Project Management,2024-09-02,1,Customer support rarely fixes anything. They raised the price by 40% with almost no notice. The setup documentation is outdated. Look elsewhere.,onboarding:negative;pricing:negative;support:negative
2149,TaskHarbor,Project Management,2024-04-01,4,Our team switched to TaskHarbor last spring. The roadmap has been stuck for a year. The Salesforce integration works out of the box.,features:negative;integrations:positive
2150,ClientOrbit,CRM,2024-03-21,2,"We've used ClientOrbit for about a year. Not cheap, but worth every cent. Easy to use, but it gets slow with big projects. Overall a great experience.",ease_of_use:positive;performance:negative;pricing:positive
2151,MailMosaic,Email Marketing,2025-10-01,3,We've used MailMosaic for about a year. It crashes a lot and support never helps. Zapier support covers everything else we need.,integrations:positive;reliability:negative;support:negative
2152,BookBridge,Accounting,2025-03-31,3,Our IT team handled the rollout. Customer support rarely fixes anything. The invoicing is snappy. The per-seat price is very reasonable.,performance:positive;pricing:positive;support:negative
2153,MetricMint,Analytics,2024-10-09,1,We've used MetricMint for about a year. We migrated from a legacy system. We had several outages during business hours.,reliability:negative
2154,ChartCove,Analytics,2024-11-12,3,"Been on ChartCove for 18 months. The API is poorly documented. The onboarding call was really useful. Easy to use, but it gets slow with big projects. Even our non-technical staff picked it up quickly. Overall a great experience.",ease_of_use:positive;integrations:negative;onboarding:positive;performance:negative
2155,HelpHive,Help Desk,2024-11-23,1,It costs twice as much as the competitors. Too basic for a growing team. The knowledge base takes ages to load.,features:negative;performance:negative
2156,InboxRocket,Email Marketing,2024-10-06,1,Our IT team handled the rollout. Rate limits on the API are far too strict. Syncing fails silently. Very frustrating experience.,integrations:negative;reliability:negative
2157,Sprintly Pro,Project Management,2024-07-24,3,Been on Sprintly Pro for 18 months. Most of our team works remotely. The onboarding guides were clear. It gets painfully slow with a few thousand records. It takes far too many clicks to do simple things.,ease_of_use:negative;onboarding:positive;performance:negative
2158,PlanBoard,Project Management,2025-01-21,3,"Our team switched to PlanBoard last spring. We had several outages during business hours. Cheap, and the support team is lovely. The roadmap has been stuck for a year.",features:negative;pricing:positive;reliability:negative;support:positive
2159,HelpHive,Help Desk,2025-08-16,3,The knowledge base is intuitive. The app freezes several times a day. The onboarding call was really useful.,ease_of_use:positive;onboarding:positive;performance:negative
2160,PlanBoard,Project Management,2024-12-24,3,Been on PlanBoard for 18 months. Most of our team works remotely. It's very easy to use day to day. There is no phone support at all. There's no native integration with our accounting tool.,ease_of_use:positive;integrations:negative;support:negative
2161,PlanBoard,Project Management,2025-05-01,1,The kanban boards is buggy and loses data occasionally.,reliability:negative
2162,BookBridge,Accounting,2025-04-12,4,Never lost any data. Basic features are locked behind the enterprise plan. Overall a great experience.,pricing:negative;reliability:positive
2163,TaskHarbor,Project Management,2025-05-24,1,We've used TaskHarbor for about a year. Half of our team still can't find basic settings. Customer support rarely fixes anything.,ease_of_use:negative;support:negative
2164,Pipely,CRM,2025-03-29,1,We've used Pipely for about a year. Not worth the money.,pricing:negative
2165,InsightForge,Analytics,2025-03-21,2,We've used InsightForge for about a year. Most of our team works remotely. It crashes a lot and support never helps. Connecting our existing tools took minutes. We've had basically no downtime. Overall a great experience.,integrations:positive;reliability:negative;reliability:positive;support:negative
2166,InsightForge,Analytics,2025-03-01,3,Been on InsightForge for 18 months. We are a team of 190 people. Key features from the demo still aren't available. Great value for money. Love it.,features:negative;pricing:positive
2167,InboxRocket,Email Marketing,2025-08-20,2,"It's fast, even with thousands of records. It takes far too many clicks to do simple things.",ease_of_use:negative;performance:positive
2168,ClientOrbit,CRM,2024-06-07,4,Our team switched to ClientOrbit last spring. Syncing fails silently. Setup was quick and painless.,onboarding:positive;reliability:negative
2169,HelpHive,Help Desk,2025-02-03,2,"Our team switched to HelpHive last spring. We migrated from a legacy system. Great features, terrible price. Not worth the money.",features:positive;pricing:negative
2170,InboxRocket,Email Marketing,2025-07-07,3,"Been on InboxRocket for 18 months. Fast, stable and never down. The per-seat pricing gets painful as you grow. Very frustrating experience.",performance:positive;pricing:negative;reliability:positive
2171,Sprintly Pro,Project Management,2024-05-04,5,Our team switched to Sprintly Pro last spring. New features ship regularly. Search results come back in a blink.,features:positive
2172,TaskHarbor,Project Management,2024-11-11,1,Our team switched to TaskHarbor last spring. We migrated from a legacy system. The Gantt chart is buggy and loses data occasionally.,reliability:negative
2173,LedgerLeaf,Accounting,2024-01-22,5,Been on LedgerLeaf for 18 months. Our IT team handled the rollout. Great value for money. Zapier support covers everything else we need. Love it.,integrations:positive;pricing:positive
2174,MailMosaic,Email Marketing,2025-04-20,2,We are a team of 99 people. There is no way to customize the segmentation. We were up and running in a day.,features:negative;onboarding:positive
2175,DealNest,CRM,2024-04-17,5,"We've used DealNest for about a year. It just works, every single day.",reliability:positive
2176,MailMosaic,Email Marketing,2024-07-02,1,We've used MailMosaic for about a year. Hidden fees showed up on our second invoice. Would not recommend.,pricing:negative
2177,MetricMint,Analytics,2024-02-29,1,Our team switched to MetricMint last spring. Our IT team handled the rollout. The setup documentation is outdated. We waited two weeks for a reply to a critical ticket.,onboarding:negative;support:negative
2178,BookBridge,Accounting,2025-03-15,1,We've used BookBridge for about a year. Our IT team handled the rollout. They raised the price by 40% with almost no notice. The Slack integration breaks every few weeks. The invoicing takes ages to load. Look elsewhere.,integrations:negative;performance:negative;pricing:negative
2179,PlanBoard,Project Management,2024-03-16,5,We mainly use it for the Gantt chart. The onboarding call was really useful. Setup was fast and the interface is intuitive. Would recommend to any growing team.,ease_of_use:positive;onboarding:positive
2180,ChartCove,Analytics,2024-02-18,5,We've used ChartCove for about a year. Customer support answers within minutes. Setup was quick and painless.,onboarding:positive;support:positive
2181,TicketTide,Help Desk,2024-06-08,4,"Our team switched to TicketTide last spring. Search is so slow we stopped using it. Not cheap, but worth every cent. We needed a paid consultant just to get started.",onboarding:negative;performance:negative;pricing:positive
2182,InboxRocket,Email Marketing,2025-02-14,5,Our team switched to InboxRocket last spring. Connecting our existing tools took minutes. Everything is where you expect it to be. Overall a great experience.,ease_of_use:positive;integrations:positive
2183,TicketTide,Help Desk,2025-06-06,3,Our team switched to TicketTide last spring. Setup was fast and the interface is intuitive. We evaluated it against two competitors. Hidden fees showed up on our second invoice. Overall a disappointment.,ease_of_use:positive;onboarding:positive;pricing:negative
2184,CountWise,Accounting,2024-11-22,2,"Our team switched to CountWise last spring. It gets painfully slow with a few thousand records. Customer support answers within minutes. Even our non-technical staff picked it up quickly. Cheap, and the support team is lovely.",ease_of_use:positive;performance:negative;pricing:positive;support:positive
2185,ChartCove,Analytics,2024-07-01,1,Been on ChartCove for 18 months. Way too expensive for what you get.,pricing:negative
2186,CountWise,Accounting,2024-06-11,5,Our team switched to CountWise last spring. Setup was fast and the interface is intuitive. We were up and running in a day. Overall a great experience.,ease_of_use:positive;onboarding:positive
2187,TaskHarbor,Project Management,2024-06-11,4,The roadmap has been stuck for a year. The free plan is generous.,features:negative;pricing:positive
2188,SendGarden,Email Marketing,2024-12-28,3,It costs twice as much as the competitors. Not a single outage in two years. Very frustrating experience.,pricing:negative;reliability:positive
2189,LedgerLeaf,Accounting,2025-03-09,1,Most of our team works remotely. It gets painfully slow with a few thousand records. Love it.,performance:negative
2190,TaskHarbor,Project Management,2024-09-25,1,Our team switched to TaskHarbor last spring. The workload view is not intuitive at all. We had several outages during business hours. The kanban boards is missing basic options. Very frustrating experience.,ease_of_use:negative;features:negative;reliability:negative
2191,TaskHarbor,Project Management,2024-11-12,5,Not a single outage in two years. Overall a disappointment.,reliability:positive
2192,InsightForge,Analytics,2025-08-25,5,Search results come back in a blink. Love it.,performance:positive
2193,TaskHarbor,Project Management,2025-10-02,1,Key features from the demo still aren't available.,features:negative
2194,InsightForge,Analytics,2024-05-26,2,Been on InsightForge for 18 months. We evaluated it against two competitors. The Slack integration breaks every few weeks. The per-seat price is very reasonable.,integrations:negative;pricing:positive
2195,CountWise,Accounting,2025-08-06,2,Been on CountWise for 18 months. The API is great but the pricing tiers are confusing and steep. The expense tracking takes ages to load.,integrations:positive;performance:negative;pricing:negative
2196,Sprintly Pro,Project Management,2024-02-10,5,Been on Sprintly Pro for 18 months. We mainly use it for the workload view. The onboarding call was really useful. The workload view is the best we've seen. Pages load instantly.,features:positive;onboarding:positive;performance:positive
2197,Pipely,CRM,2025-03-23,5,Been on Pipely for 18 months. Reports are flexible and easy to customize. Live chat support is fast and friendly. Setup was quick and painless.,features:positive;support:positive
2198,DealNest,CRM,2024-05-13,4,"Never lost any data. Easy to use, but it gets slow with big projects. The API is poorly documented. Pages load instantly.",ease_of_use:positive;integrations:negative;performance:negative;performance:positive;reliability:positive
2199,InboxRocket,Email Marketing,2024-11-10,1,Our team switched to InboxRocket last spring. We are a team of 77 people. The segmentation is buggy and loses data occasionally. Search is so slow we stopped using it.,performance:negative;reliability:negative
2200,Sprintly Pro,Project Management,2025-03-26,1,It takes far too many clicks to do simple things. Search is so slow we stopped using it. Reporting is very limited.,ease_of_use:negative;features:negative;performance:negative
2201,Sprintly Pro,Project Management,2025-01-21,1,Our team switched to Sprintly Pro last spring. The kanban boards is buggy and loses data occasionally. Very frustrating experience.,reliability:negative
2202,DealNest,CRM,2024-03-28,1,Been on DealNest for 18 months. The setup documentation is outdated. Expensive and support is useless. Too basic for a growing team. Would not recommend.,onboarding:negative;pricing:negative;support:negative
2203,DealNest,CRM,2025-08-27,5,Zapier support covers everything else we need.,integrations:positive
2204,BookBridge,Accounting,2025-05-30,2,We've used BookBridge for about a year. Most of our team works remotely. The bank reconciliation is the best we've seen. Navigation is a maze.,ease_of_use:negative;features:positive
2205,DealNest,CRM,2024-07-20,1,Been on DealNest for 18 months. Every update seems to break something. Would not recommend.,reliability:negative
2206,InsightForge,Analytics,2025-07-18,1,The learning curve is steep. Would recommend to any growing team.,ease_of_use:negative
2207,Sprintly Pro,Project Management,2025-09-06,1,Been on Sprintly Pro for 18 months. Our IT team handled the rollout. There's no native integration with our accounting tool.,integrations:negative
2208,SendGarden,Email Marketing,2024-11-15,3,The interface is clean and easy to learn. Setup took weeks. Search results come back in a blink.,ease_of_use:positive;onboarding:negative;performance:positive
2209,TicketTide,Help Desk,2024-05-29,5,Our team switched to TicketTide last spring. We migrated from a legacy system. The live chat widget is intuitive.,ease_of_use:positive
2210,InboxRocket,Email Marketing,2024-07-11,1,Been on InboxRocket for 18 months. The Slack integration breaks every few weeks. We waited two weeks for a reply to a critical ticket.,integrations:negative;support:negative
2211,TaskHarbor,Project Management,2024-07-22,1,We are a team of 59 people. Every update seems to break something. The roadmap has been stuck for a year. Search is so slow we stopped using it. Look elsewhere.,features:negative;reliability:negative
2212,PlanBoard,Project Management,2024-11-15,1,Our team switched to PlanBoard last spring. The Slack integration breaks every few weeks.,integrations:negative
2213,ClientOrbit,CRM,2025-05-27,5,We've used ClientOrbit for about a year. Setup was quick and painless.,onboarding:positive
2214,PlanBoard,Project Management,2024-10-30,5,"Been on PlanBoard for 18 months. Whenever we got stuck, support had an answer the same day. Overall a disappointment.",support:positive
2215,InsightForge,Analytics,2024-12-20,1,Our team switched to InsightForge last spring. The learning curve is steep.,ease_of_use:negative
2216,PlanBoard,Project Management,2025-04-04,1,Been on PlanBoard for 18 months. Not worth the money.,pricing:negative
2217,MetricMint,Analytics,2025-01-02,4,We've used MetricMint for about a year. Our IT team handled the rollout. The dashboards is the best we've seen. Hidden fees showed up on our second invoice. Setup was fast and the interface is intuitive. Love it.,ease_of_use:positive;features:positive;onboarding:positive;pricing:negative
2218,BookBridge,Accounting,2025-06-02,5,Been on BookBridge for 18 months. We evaluated it against two competitors. The tax reports is snappy. The per-seat price is very reasonable. Support went above and beyond to fix our issue. Highly recommend.,performance:positive;pricing:positive;support:positive
2219,CountWise,Accounting,2025-04-06,5,"It just works, every single day. It handles our large datasets without slowing down.",performance:positive;reliability:positive
2220,TicketTide,Help Desk,2024-08-04,2,The setup documentation is outdated. The API is great but the pricing tiers are confusing and steep. Would not recommend.,integrations:positive;onboarding:negative;pricing:negative
2221,Pipely,CRM,2024-10-07,2,"Our team switched to Pipely last spring. The roadmap has been stuck for a year. Fast, stable and never down. Half of our team still can't find basic settings. Look elsewhere.",ease_of_use:negative;features:negative;performance:positive;reliability:positive
2222,TaskHarbor,Project Management,2025-01-15,1,We've used TaskHarbor for about a year. We waited two weeks for a reply to a critical ticket. Very frustrating experience.,support:negative
2223,InboxRocket,Email Marketing,2025-09-17,5,We've used InboxRocket for about a year. We've had basically no downtime.,reliability:positive
2224,CountWise,Accounting,2024-09-20,1,We had several outages during business hours. They raised the price by 40% with almost no notice. Support takes days to reply.,pricing:negative;reliability:negative;support:negative
2225,BookBridge,Accounting,2024-02-14,2,Our team switched to BookBridge last spring. We migrated from a legacy system. The support team actually solves problems. Syncing with Google Calendar is unreliable.,integrations:negative;support:positive
2226,ClientOrbit,CRM,2025-05-16,1,We've used ClientOrbit for about a year. Hidden fees showed up on our second invoice.,pricing:negative
2227,LedgerLeaf,Accounting,2025-08-31,3,We've used LedgerLeaf for about a year. Our account manager is responsive and helpful. The per-seat price is very reasonable. The Slack integration breaks every few weeks.,integrations:negative;pricing:positive;support:positive
2228,SupportLoop,Help Desk,2024-03-05,1,Our team switched to SupportLoop last spring. We evaluated it against two competitors. Reports time out when the data gets large. Highly recommend.,performance:negative
2229,DealNest,CRM,2025-06-04,1,Our team switched to DealNest last spring. Our IT team handled the rollout. We needed a paid consultant just to get started.,onboarding:negative
2230,InsightForge,Analytics,2024-10-27,5,Our team switched to InsightForge last spring. I use it every day. It has every feature we need. Data syncs reliably.,features:positive;reliability:positive
2231,BookBridge,Accounting,2025-06-18,5,Our team switched to BookBridge last spring. The expense tracking alone is worth it. The per-seat price is very reasonable.,features:positive;pricing:positive
2232,SupportLoop,Help Desk,2025-03-30,5,We've used SupportLoop for about a year. The interface is clean and easy to learn. We've had basically no downtime.,ease_of_use:positive;reliability:positive
2233,TaskHarbor,Project Management,2025-08-08,1,We've used TaskHarbor for about a year. We are a team of 81 people. Half of our team still can't find basic settings.,ease_of_use:negative
2234,Sprintly Pro,Project Management,2024-05-27,3,Been on Sprintly Pro for 18 months. Setup was fast and the interface is intuitive. Syncing with Google Calendar is unreliable. Look elsewhere.,ease_of_use:positive;integrations:negative;onboarding:positive
2235,DealNest,CRM,2024-11-20,4,"I use it every day. The app freezes several times a day. Easy to use, but it gets slow with big projects.",ease_of_use:positive;performance:negative
2236,LedgerLeaf,Accounting,2024-06-15,1,Been on LedgerLeaf for 18 months. We are a team of 40 people. Syncing with Google Calendar is unreliable.,integrations:negative
2237,Pipely,CRM,2024-12-09,1,Our team switched to Pipely last spring. It gets painfully slow with a few thousand records. Support takes days to reply. Look elsewhere.,performance:negative;support:negative
2238,MailMosaic,Email Marketing,2024-04-14,5,We've used MailMosaic for about a year. We migrated from a legacy system. Connecting our existing tools took minutes. Reports are flexible and easy to customize. Overall a great experience.,features:positive;integrations:positive
2239,MailMosaic,Email Marketing,2024-10-21,5,We've used MailMosaic for about a year. We evaluated it against two competitors. New features ship regularly. It's very easy to use day to day.,ease_of_use:positive
2240,BookBridge,Accounting,2024-06-13,4,"Been on BookBridge for 18 months. Great features, terrible price. Reports time out when the data gets large. We needed a paid consultant just to get started. Rate limits on the API are far too strict. Look elsewhere.",features:positive;integrations:negative;onboarding:negative;performance:negative;pricing:negative
2241,ChartCove,Analytics,2024-03-08,5,Been on ChartCove for 18 months. I use it every day. Search results come back in a blink. The free plan is generous.,performance:positive;pricing:positive
2242,ChartCove,Analytics,2025-08-10,5,Pages load instantly. The custom reports alone is worth it. The interface is clean and easy to learn.,ease_of_use:positive;features:positive;performance:positive
2243,MailMosaic,Email Marketing,2024-06-24,1,Our team switched to MailMosaic last spring. We needed a paid consultant just to get started. We had several outages during business hours. Very frustrating experience.,onboarding:negative;reliability:negative
2244,HelpHive,Help Desk,2024-03-31,1,We've used HelpHive for about a year. The learning curve is steep. The ticket routing takes ages to load. Setup took weeks.,ease_of_use:negative;onboarding:negative;performance:negative
2245,SupportLoop,Help Desk,2025-02-24,5,We've used SupportLoop for about a year. We evaluated it against two competitors. It has every feature we need. Overall a great experience.,features:positive
2246,HelpHive,Help Desk,2025-05-02,5,Pricing is fair for what you get. The onboarding guides were clear. The shared inbox alone is worth it. Highly recommend.,features:positive;onboarding:positive;pricing:positive
2247,ChartCove,Analytics,2024-12-13,4,Our account manager disappeared after we signed. It crashes a lot and support never helps. Even our non-technical staff picked it up quickly.,ease_of_use:positive;reliability:negative;support:negative
2248,PlanBoard,Project Management,2025-09-14,5,"We've used PlanBoard for about a year. It's fast, even with thousands of records. Whenever we got stuck, support had an answer the same day. Would recommend to any growing team.",performance:positive;support:positive
2249,SupportLoop,Help Desk,2025-01-23,2,Our team switched to SupportLoop last spring. There is no phone support at all. The live chat widget is snappy. The onboarding call was really useful.,onboarding:positive;performance:positive;support:negative
2250,InboxRocket,Email Marketing,2024-08-08,1,We've used InboxRocket for about a year. Support kept sending us canned answers. Reporting is very limited. Very frustrating experience.,features:negative;support:negative
2251,TaskHarbor,Project Management,2025-04-17,1,There is no phone support at all.,support:negative
2252,PlanBoard,Project Management,2025-08-14,5,Been on PlanBoard for 18 months. Search results come back in a blink. Setup was fast and the interface is intuitive. Zapier support covers everything else we need. The interface is clean and easy to learn.,ease_of_use:positive;integrations:positive;onboarding:positive;performance:positive
2253,Pipely,CRM,2024-10-16,1,Been on Pipely for 18 months. The deal tracking is missing basic options. Search is so slow we stopped using it.,features:negative;performance:negative
2254,PlanBoard,Project Management,2025-08-13,1,Been on PlanBoard for 18 months. The app freezes several times a day. Very frustrating experience.,performance:negative
2255,Sprintly Pro,Project Management,2025-05-16,1,Syncing with Google Calendar is unreliable. Look elsewhere.,integrations:negative
2256,SupportLoop,Help Desk,2024-08-01,4,Been on SupportLoop for 18 months. The shared inbox is intuitive. The Slack integration breaks every few weeks.,ease_of_use:positive;integrations:negative
2257,Pipely,CRM,2024-03-24,5,"Been on Pipely for 18 months. I use it every day. The deal tracking alone is worth it. The free plan is generous. It's fast, even with thousands of records.",features:positive;performance:positive;pricing:positive
2258,Sprintly Pro,Project Management,2025-07-18,5,We've used Sprintly Pro for about a year. We mainly use it for the Gantt chart. It integrates smoothly with Slack and Google Workspace.,integrations:positive
2259,Pipely,CRM,2024-01-03,1,Been on Pipely for 18 months. I use it every day. The interface is cluttered and confusing. Reports time out when the data gets large.,ease_of_use:negative;performance:negative
2260,HelpHive,Help Desk,2024-12-04,4,We've used HelpHive for about a year. The live chat widget is the best we've seen. The Salesforce integration works out of the box. The learning curve is steep.,ease_of_use:negative;features:positive;integrations:positive
2261,Sprintly Pro,Project Management,2024-11-30,2,We evaluated it against two competitors. Every update seems to break something. It's cheaper than the alternatives we looked at. The API is well designed.,integrations:positive;pricing:positive;reliability:negative
2262,HelpHive,Help Desk,2025-03-05,1,We evaluated it against two competitors. We had several outages during business hours. We needed a paid consultant just to get started. The live chat widget takes ages to load. Would not recommend.,onboarding:negative;performance:negative;reliability:negative
2263,InboxRocket,Email Marketing,2024-04-09,5,Been on InboxRocket for 18 months. Importing our old data was easy. Support went above and beyond to fix our issue.,onboarding:positive;support:positive
2264,MetricMint,Analytics,2024-10-15,4,"We've used MetricMint for about a year. I use it every day. Support kept sending us canned answers. Easy to use, but it gets slow with big projects. It handles our large datasets without slowing down. Very frustrating experience.",ease_of_use:positive;performance:negative;performance:positive;support:negative
2265,MailMosaic,Email Marketing,2024-06-03,2,I use it every day. Rate limits on the API are far too strict. The automation workflows is snappy. Would not recommend.,integrations:negative;performance:positive
2266,PlanBoard,Project Management,2024-12-02,1,Our team switched to PlanBoard last spring. We are a team of 107 people. Search is so slow we stopped using it. Customer support rarely fixes anything. Very frustrating experience.,performance:negative
2267,MetricMint,Analytics,2024-09-19,3,We've used MetricMint for about a year. The per-seat price is very reasonable. The API is great but the pricing tiers are confusing and steep. Our account manager is responsive and helpful. Highly recommend.,integrations:positive;pricing:negative;pricing:positive;support:positive
2268,LedgerLeaf,Accounting,2024-07-30,1,Our team switched to LedgerLeaf last spring. Too basic for a growing team. Setup took weeks. Syncing with Google Calendar is unreliable. Would not recommend.,features:negative;integrations:negative;onboarding:negative
2269,LedgerLeaf,Accounting,2025-01-20,2,It's cheaper than the alternatives we looked at. Syncing fails silently. Importing our old data was a nightmare.,onboarding:negative;pricing:positive;reliability:negative
2270,ChartCove,Analytics,2024-01-22,2,We've used ChartCove for about a year. Most of our team works remotely. Basic features are locked behind the enterprise plan. The API is well designed. We were up and running in a day.,integrations:positive;onboarding:positive;pricing:negative
2271,LedgerLeaf,Accounting,2024-09-14,5,We've used LedgerLeaf for about a year. Pricing is fair for what you get.,pricing:positive
2272,MailMosaic,Email Marketing,2024-04-23,5,The per-seat price is very reasonable. Would recommend to any growing team.,pricing:positive
2273,InsightForge,Analytics,2024-03-06,5,Been on InsightForge for 18 months. Setup was fast and the interface is intuitive. It's cheaper than the alternatives we looked at. Love it.,ease_of_use:positive;onboarding:positive;pricing:positive
2274,MetricMint,Analytics,2024-04-12,1,The roadmap has been stuck for a year. It crashes a lot and support never helps. Overall a disappointment.,features:negative;reliability:negative;support:negative
2275,InsightForge,Analytics,2024-07-14,4,"Our team switched to InsightForge last spring. Reports time out when the data gets large. Great features, terrible price. Our account manager disappeared after we signed. Look elsewhere.",features:positive;performance:negative;pricing:negative;support:negative
2276,TaskHarbor,Project Management,2025-05-08,5,We've used TaskHarbor for about a year. We are a team of 163 people. Reports are flexible and easy to customize. Zapier support covers everything else we need. Highly recommend.,features:positive;integrations:positive
2277,Sprintly Pro,Project Management,2024-08-12,4,"We've used Sprintly Pro for about a year. Support kept sending us canned answers. Easy to use, but it gets slow with big projects. Zapier support covers everything else we need. Overall a great experience.",ease_of_use:positive;integrations:positive;performance:negative;support:negative
2278,LedgerLeaf,Accounting,2024-11-22,5,Our team switched to LedgerLeaf last spring. We migrated from a legacy system. Search results come back in a blink. Zapier support covers everything else we need. Love it.,integrations:positive;performance:positive
2279,MetricMint,Analytics,2024-05-25,1,Our team switched to MetricMint last spring. We migrated from a legacy system. Setup took weeks.,onboarding:negative
2280,SendGarden,Email Marketing,2024-08-21,1,Every update seems to break something.,reliability:negative
2281,Pipely,CRM,2025-09-06,5,"Been on Pipely for 18 months. We mainly use it for the pipeline view. Fast, stable and never down. We were up and running in a day. Our account manager is responsive and helpful.",onboarding:positive;performance:positive;reliability:positive;support:positive
2282,InsightForge,Analytics,2025-08-11,4,The Salesforce integration works out of the box. Onboarding was confusing and badly organized. Never lost any data. Love it.,integrations:positive;onboarding:negative;reliability:positive
2283,HelpHive,Help Desk,2024-10-25,2,"We've used HelpHive for about a year. Key features from the demo still aren't available. Cheap, and the support team is lovely. The Salesforce integration works out of the box.",features:negative;integrations:positive;pricing:positive;support:positive
2284,Pipely,CRM,2025-02-21,3,Our team switched to Pipely last spring. The per-seat price is very reasonable. The app freezes several times a day. Navigation is simple and logical.,ease_of_use:positive;performance:negative;pricing:positive
2285,PlanBoard,Project Management,2024-11-13,5,Navigation is simple and logical.,ease_of_use:positive
2286,TaskHarbor,Project Management,2024-03-30,5,Been on TaskHarbor for 18 months. I use it every day. Setup was fast and the interface is intuitive. Zapier support covers everything else we need.,ease_of_use:positive;integrations:positive;onboarding:positive
2287,InsightForge,Analytics,2024-10-13,5,Been on InsightForge for 18 months. Reports are flexible and easy to customize.,features:positive
2288,MailMosaic,Email Marketing,2024-04-14,4,We are a team of 148 people. The Salesforce integration works out of the box. The support team actually solves problems. Every update seems to break something.,integrations:positive;reliability:negative;support:positive
2289,MailMosaic,Email Marketing,2024-05-02,5,"Our team switched to MailMosaic last spring. The segmentation is intuitive. Fast, stable and never down.",ease_of_use:positive;performance:positive;reliability:positive
2290,PlanBoard,Project Management,2025-01-26,1,Been on PlanBoard for 18 months. We are a team of 253 people. There's no native integration with our accounting tool. Syncing fails silently. Reports time out when the data gets large. Overall a disappointment.,integrations:negative;performance:negative;reliability:negative
2291,LedgerLeaf,Accounting,2025-05-15,2,We've used LedgerLeaf for about a year. The bank reconciliation is not intuitive at all. Setup was quick and painless.,ease_of_use:negative;onboarding:positive
2292,InboxRocket,Email Marketing,2025-08-23,5,Support went above and beyond to fix our issue.,support:positive
2293,Pipely,CRM,2024-02-19,4,"We've used Pipely for about a year. Our IT team handled the rollout. Basic features are locked behind the enterprise plan. Whenever we got stuck, support had an answer the same day.",pricing:negative;support:positive
2294,Pipely,CRM,2024-05-07,5,Been on Pipely for 18 months. The Salesforce integration works out of the box. Overall a great experience.,integrations:positive
2295,PlanBoard,Project Management,2024-07-30,4,"Reporting is very limited. Easy to use, but it gets slow with big projects. Syncing fails silently. The Slack integration breaks every few weeks.",ease_of_use:positive;features:negative;integrations:negative;performance:negative;reliability:negative
2296,Pipely,CRM,2025-08-25,3,"Our team switched to Pipely last spring. Not a single outage in two years. The Slack integration breaks every few weeks. Search is so slow we stopped using it. Great features, terrible price.",features:positive;integrations:negative;performance:negative;pricing:negative;reliability:positive
2297,PlanBoard,Project Management,2024-03-09,5,"Our team switched to PlanBoard last spring. It handles our large datasets without slowing down. Data syncs reliably. Not cheap, but worth every cent.",performance:positive;pricing:positive;reliability:positive
2298,Sprintly Pro,Project Management,2024-11-28,1,Our team switched to Sprintly Pro last spring. Reports time out when the data gets large.,performance:negative
2299,SendGarden,Email Marketing,2025-04-06,4,Our team switched to SendGarden last spring. Setup was quick and painless. The roadmap has been stuck for a year. The Salesforce integration works out of the box.,features:negative;integrations:positive;onboarding:positive
2300,ChartCove,Analytics,2025-02-23,5,Been on ChartCove for 18 months. We migrated from a legacy system. The free plan is generous. The dashboards alone is worth it. The dashboards is intuitive. Overall a great experience.,ease_of_use:positive;features:positive;pricing:positive
2301,ClientOrbit,CRM,2025-03-24,2,Our team switched to ClientOrbit last spring. The deal tracking is the best we've seen. It gets painfully slow with a few thousand records. The free plan is generous.,features:positive;performance:negative;pricing:positive
2302,SendGarden,Email Marketing,2025-08-22,1,Been on SendGarden for 18 months. Expensive and support is useless. It gets painfully slow with a few thousand records.,performance:negative;pricing:negative;support:negative
2303,Pipely,CRM,2024-02-28,5,We've used Pipely for about a year. Our IT team handled the rollout. It handles our large datasets without slowing down. Would recommend to any growing team.,performance:positive
2304,MailMosaic,Email Marketing,2025-09-16,3,Been on MailMosaic for 18 months. Zapier support covers everything else we need. The roadmap has been stuck for a year. Expensive and support is useless.,features:negative;integrations:positive;pricing:negative;support:negative
2305,HelpHive,Help Desk,2025-03-12,5,Our team switched to HelpHive last spring. The live chat widget is snappy. Even our non-technical staff picked it up quickly.,ease_of_use:positive;performance:positive
2306,TaskHarbor,Project Management,2024-08-29,4,Our team switched to TaskHarbor last spring. Never lost any data. We waited two weeks for a reply to a critical ticket.,reliability:positive;support:negative
2307,TaskHarbor,Project Management,2024-03-28,3,Been on TaskHarbor for 18 months. New features ship regularly. The interface is cluttered and confusing. Expensive and support is useless. Not a single outage in two years.,ease_of_use:negative;features:positive;pricing:negative;reliability:positive;support:negative
2308,MetricMint,Analytics,2024-09-30,1,We've used MetricMint for about a year. We had several outages during business hours.,reliability:negative
2309,ChartCove,Analytics,2024-01-10,3,"We've used ChartCove for about a year. The per-seat price is very reasonable. There is no way to customize the funnel analysis. Whenever we got stuck, support had an answer the same day. Highly recommend.",features:negative;pricing:positive;support:positive
2310,SupportLoop,Help Desk,2024-04-06,2,We mainly use it for the knowledge base. Importing our old data was easy. The live chat widget takes ages to load. The shared inbox is not intuitive at all.,ease_of_use:negative;onboarding:positive;performance:negative
2311,InsightForge,Analytics,2025-09-12,1,Our team switched to InsightForge last spring. Our IT team handled the rollout. The data connectors is missing basic options. The Slack integration breaks every few weeks. Look elsewhere.,features:negative;integrations:negative
2312,TicketTide,Help Desk,2025-08-26,1,Our team switched to TicketTide last spring. We are a team of 30 people. Key features from the demo still aren't available. The API is poorly documented. The mobile app crashes constantly. Would not recommend.,features:negative;integrations:negative;reliability:negative
2313,DealNest,CRM,2025-01-06,5,"It's very easy to use day to day. Fast, stable and never down. Highly recommend.",ease_of_use:positive;performance:positive;reliability:positive
2314,SendGarden,Email Marketing,2024-07-12,5,Our team switched to SendGarden last spring. It's cheaper than the alternatives we looked at. It handles our large datasets without slowing down. Love it.,performance:positive;pricing:positive
2315,SupportLoop,Help Desk,2025-09-02,5,"The onboarding guides were clear. Reports are flexible and easy to customize. It just works, every single day. Love it.",features:positive;onboarding:positive;reliability:positive
2316,DealNest,CRM,2024-12-09,1,The mobile app crashes constantly.,reliability:negative
2317,SupportLoop,Help Desk,2024-06-30,2,"The shared inbox takes ages to load. Not cheap, but worth every cent. Highly recommend.",performance:negative;pricing:positive
2318,Pipely,CRM,2024-02-22,2,Our team switched to Pipely last spring. We migrated from a legacy system. It's very easy to use day to day. Never lost any data. The contact management takes ages to load.,ease_of_use:positive;performance:negative;reliability:positive
2319,CountWise,Accounting,2024-06-26,4,Our account manager is responsive and helpful. The API is great but the pricing tiers are confusing and steep. The automation options are powerful. The onboarding guides were clear. Highly recommend.,features:positive;integrations:positive;onboarding:positive;pricing:negative;support:positive
2320,Pipely,CRM,2025-08-30,4,"Our team switched to Pipely last spring. Great features, terrible price. It just works, every single day. Love it.",features:positive;pricing:negative;reliability:positive
2321,TaskHarbor,Project Management,2025-09-20,4,Been on TaskHarbor for 18 months. Onboarding was confusing and badly organized. The automation options are powerful. Very frustrating experience.,features:positive;onboarding:negative
2322,LedgerLeaf,Accounting,2024-06-07,2,We've used LedgerLeaf for about a year. Syncing fails silently. Support went above and beyond to fix our issue.,reliability:negative;support:positive
2323,DealNest,CRM,2025-01-24,5,Been on DealNest for 18 months. We mainly use it for the pipeline view. Importing our old data was easy. The per-seat price is very reasonable.,onboarding:positive;pricing:positive
2324,ChartCove,Analytics,2024-07-25,5,Been on ChartCove for 18 months. We are a team of 294 people. We've had basically no downtime.,reliability:positive
2325,MetricMint,Analytics,2024-03-05,3,Our team switched to MetricMint last spring. We are a team of 46 people. Not worth the money. We've had basically no downtime. Search is so slow we stopped using it.,performance:negative;pricing:negative;reliability:positive
2326,PlanBoard,Project Management,2024-07-17,2,Our team switched to PlanBoard last spring. The Slack integration breaks every few weeks. The interface is clean and easy to learn. Overall a disappointment.,ease_of_use:positive;integrations:negative
2327,TicketTide,Help Desk,2024-09-05,1,Our team switched to TicketTide last spring. We migrated from a legacy system. The per-seat pricing gets painful as you grow. There is no way to customize the live chat widget.,features:negative;pricing:negative
2328,Sprintly Pro,Project Management,2025-07-17,4,"Been on Sprintly Pro for 18 months. Search is so slow we stopped using it. Syncing with Google Calendar is unreliable. Fast, stable and never down.",integrations:negative;performance:negative;performance:positive;reliability:positive
2329,PlanBoard,Project Management,2024-10-28,2,We've used PlanBoard for about a year. The workload view takes ages to load. The onboarding call was really useful. Support kept sending us canned answers.,onboarding:positive;performance:negative;support:negative
2330,SupportLoop,Help Desk,2025-01-02,4,Our team switched to SupportLoop last spring. I use it every day. The API is great but the pricing tiers are confusing and steep. Pages load instantly.,integrations:positive;performance:positive;pricing:negative
2331,MetricMint,Analytics,2024-06-26,5,We've used MetricMint for about a year. We are a team of 67 people. It has every feature we need. Navigation is simple and logical.,ease_of_use:positive;features:positive
2332,BookBridge,Accounting,2024-09-03,1,Been on BookBridge for 18 months. I use it every day. Key features from the demo still aren't available. Navigation is a maze. Setup took weeks.,ease_of_use:negative;features:negative;onboarding:negative
2333,Sprintly Pro,Project Management,2025-09-29,3,I use it every day. Syncing with Google Calendar is unreliable. Even our non-technical staff picked it up quickly. Pages load instantly.,ease_of_use:positive;integrations:negative;performance:positive
2334,HelpHive,Help Desk,2024-01-03,5,"Reports are flexible and easy to customize. The ticket routing is intuitive. It just works, every single day.",ease_of_use:positive;features:positive;reliability:positive
2335,PlanBoard,Project Management,2024-12-24,5,Been on PlanBoard for 18 months. Zapier support covers everything else we need. The workload view is snappy.,integrations:positive;performance:positive
2336,SupportLoop,Help Desk,2025-05-02,3,Been on SupportLoop for 18 months. Most of our team works remotely. Syncing fails silently. Live chat support is fast and friendly.,reliability:negative;support:positive
2337,CountWise,Accounting,2025-09-17,3,Our team switched to CountWise last spring. The per-seat price is very reasonable. We've had basically no downtime. Support takes days to reply.,pricing:positive;reliability:positive;support:negative
2338,ClientOrbit,CRM,2024-06-13,5,Been on ClientOrbit for 18 months. I use it every day. The support team actually solves problems. Would recommend to any growing team.,support:positive
2339,CountWise,Accounting,2024-07-29,5,Our team switched to CountWise last spring. We are a team of 108 people. Great value for money.,pricing:positive
2340,SendGarden,Email Marketing,2024-08-19,5,The A/B testing is the best we've seen. Would recommend to any growing team.,features:positive
2341,MetricMint,Analytics,2025-03-29,1,We've used MetricMint for about a year. We evaluated it against two competitors. Way too expensive for what you get. Look elsewhere.,pricing:negative
2342,HelpHive,Help Desk,2024-02-26,1,Been on HelpHive for 18 months. Reports time out when the data gets large.,performance:negative
2343,DealNest,CRM,2024-07-13,1,Reporting is very limited.,features:negative
2344,Pipely,CRM,2025-03-11,1,Most of our team works remotely. Half of our team still can't find basic settings.,ease_of_use:negative
2345,TaskHarbor,Project Management,2025-02-07,5,"Most of our team works remotely. Cheap, and the support team is lovely. Never lost any data. Navigation is simple and logical. Setup was quick and painless. Love it.",ease_of_use:positive;onboarding:positive;pricing:positive;reliability:positive;support:positive
2346,BookBridge,Accounting,2025-08-24,2,We've used BookBridge for about a year. Onboarding was confusing and badly organized. The per-seat pricing gets painful as you grow. The support team actually solves problems.,onboarding:negative;pricing:negative;support:positive
2347,TaskHarbor,Project Management,2024-10-21,1,Been on TaskHarbor for 18 months. We evaluated it against two competitors. The interface is cluttered and confusing. The API is poorly documented. Reports time out when the data gets large.,ease_of_use:negative;integrations:negative;performance:negative
2348,InsightForge,Analytics,2025-08-02,1,Our team switched to InsightForge last spring. We evaluated it against two competitors. There is no way to customize the dashboards. Way too expensive for what you get.,features:negative;pricing:negative
2349,MailMosaic,Email Marketing,2025-07-27,3,We migrated from a legacy system. Half of our team still can't find basic settings. Connecting our existing tools took minutes. The segmentation is missing basic options.,ease_of_use:negative;features:negative;integrations:positive
2350,Sprintly Pro,Project Management,2024-09-04,5,Our team switched to Sprintly Pro last spring. Data syncs reliably. Setup was fast and the interface is intuitive.,ease_of_use:positive;onboarding:positive;reliability:positive
2351,SendGarden,Email Marketing,2024-01-02,1,The roadmap has been stuck for a year. Onboarding was confusing and badly organized.,features:negative;onboarding:negative
2352,Sprintly Pro,Project Management,2025-06-13,5,Been on Sprintly Pro for 18 months. Live chat support is fast and friendly. Highly recommend.,support:positive
2353,TicketTide,Help Desk,2024-02-05,5,The knowledge base is the best we've seen. The support team actually solves problems.,features:positive;support:positive
2354,TaskHarbor,Project Management,2024-12-26,2,We've used TaskHarbor for about a year. Expensive and support is useless. Live chat support is fast and friendly.,pricing:negative;support:negative;support:positive
2355,InsightForge,Analytics,2024-09-27,5,We've used InsightForge for about a year. We mainly use it for the dashboards. Pages load instantly.,performance:positive
2356,PlanBoard,Project Management,2024-01-06,3,"Been on PlanBoard for 18 months. Cheap, and the support team is lovely. Hidden fees showed up on our second invoice. Onboarding was confusing and badly organized. Too basic for a growing team.",features:negative;onboarding:negative;pricing:negative;pricing:positive
2357,ChartCove,Analytics,2024-08-13,3,"Our team switched to ChartCove last spring. The interface is clean and easy to learn. Never lost any data. Fast, stable and never down. The roadmap has been stuck for a year.",ease_of_use:positive;features:negative;performance:positive;reliability:positive
2358,BookBridge,Accounting,2025-09-26,3,The support team actually solves problems. It crashes a lot and support never helps. Everything is where you expect it to be. Would recommend to any growing team.,ease_of_use:positive;reliability:negative;support:negative;support:positive
2359,SendGarden,Email Marketing,2024-03-09,3,Support went above and beyond to fix our issue. Search is so slow we stopped using it.,performance:negative;support:positive
2360,TicketTide,Help Desk,2025-03-23,5,Our team switched to TicketTide last spring. It integrates smoothly with Slack and Google Workspace. Reports are flexible and easy to customize.,features:positive;integrations:positive
2361,SupportLoop,Help Desk,2024-09-20,1,Most of our team works remotely. The mobile app crashes constantly.,reliability:negative
2362,Sprintly Pro,Project Management,2025-05-26,4,"Our team switched to Sprintly Pro last spring. Cheap, and the support team is lovely. It's very easy to use day to day. The roadmap has been stuck for a year. Importing our old data was easy. Love it.",ease_of_use:positive;features:negative;onboarding:positive;pricing:positive;support:positive
2363,SendGarden,Email Marketing,2024-12-18,1,Support takes days to reply. Overall a disappointment.,support:negative
2364,MailMosaic,Email Marketing,2024-08-28,1,Our team switched to MailMosaic last spring. We migrated from a legacy system. The segmentation takes ages to load.,performance:negative
2365,PlanBoard,Project Management,2024-09-11,1,It costs twice as much as the competitors. We needed a paid consultant just to get started.,onboarding:negative;pricing:negative
2366,ClientOrbit,CRM,2024-10-06,3,The onboarding call was really useful. The email sync is missing basic options. Would not recommend.,features:negative;onboarding:positive
2367,SendGarden,Email Marketing,2025-05-09,5,We've used SendGarden for about a year. The A/B testing is intuitive.,ease_of_use:positive
2368,TicketTide,Help Desk,2024-08-12,4,Been on TicketTide for 18 months. We waited two weeks for a reply to a critical ticket. Setup was fast and the interface is intuitive.,ease_of_use:positive;onboarding:positive;support:negative
2369,SendGarden,Email Marketing,2025-01-17,3,We evaluated it against two competitors. We saved money by replacing two tools with it. The automation workflows is the best we've seen. Reports time out when the data gets large. It crashes a lot and support never helps.,features:positive;performance:negative;pricing:positive;reliability:negative;support:negative
2370,ChartCove,Analytics,2024-04-28,3,We've used ChartCove for about a year. We are a team of 147 people. Not a single outage in two years. Reporting is very limited. Search results come back in a blink.,features:negative;performance:positive;reliability:positive
2371,ChartCove,Analytics,2024-10-20,5,Live chat support is fast and friendly.,support:positive
2372,MetricMint,Analytics,2024-01-26,3,"Been on MetricMint for 18 months. I use it every day. The learning curve is steep. It just works, every single day. Look elsewhere.",ease_of_use:negative;reliability:positive
2373,BookBridge,Accounting,2025-01-13,5,Our team switched to BookBridge last spring. The onboarding call was really useful.,onboarding:positive
2374,InsightForge,Analytics,2025-07-19,5,"Our team switched to InsightForge last spring. The Salesforce integration works out of the box. It just works, every single day. Love it.",integrations:positive;reliability:positive
2375,HelpHive,Help Desk,2025-01-28,5,We've used HelpHive for about a year. Setup was quick and painless. Highly recommend.,onboarding:positive
2376,Pipely,CRM,2025-05-26,4,We've used Pipely for about a year. It handles our large datasets without slowing down. Syncing with Google Calendar is unreliable. The roadmap has been stuck for a year.,features:negative;integrations:negative;performance:positive
2377,BookBridge,Accounting,2025-03-22,3,Been on BookBridge for 18 months. We mainly use it for the invoicing. Our account manager is responsive and helpful. The API is great but the pricing tiers are confusing and steep.,integrations:positive;pricing:negative;support:positive
2378,HelpHive,Help Desk,2024-05-25,2,Been on HelpHive for 18 months. It's very easy to use day to day. Reports time out when the data gets large. Syncing with Google Calendar is unreliable.,ease_of_use:positive;integrations:negative;performance:negative
2379,InsightForge,Analytics,2024-11-23,3,"Been on InsightForge for 18 months. Great features, terrible price. Syncing fails silently.",features:positive;pricing:negative;reliability:negative
2380,TaskHarbor,Project Management,2024-08-17,2,"Our team switched to TaskHarbor last spring. Our account manager disappeared after we signed. It handles our large datasets without slowing down. Cheap, and the support team is lovely.",performance:positive;pricing:positive;support:negative;support:positive
2381,ChartCove,Analytics,2024-07-23,5,Our team switched to ChartCove last spring. We evaluated it against two competitors. It's cheaper than the alternatives we looked at. It handles our large datasets without slowing down. Live chat support is fast and friendly.,performance:positive;pricing:positive;support:positive
2382,ChartCove,Analytics,2024-04-17,5,We've used ChartCove for about a year. Importing our old data was easy.,onboarding:positive
2383,LedgerLeaf,Accounting,2025-06-11,1,Our team switched to LedgerLeaf last spring. We are a team of 24 people. Navigation is a maze.,ease_of_use:negative
2384,MetricMint,Analytics,2024-03-30,3,"Our team switched to MetricMint last spring. It's very easy to use day to day. The setup documentation is outdated. Great features, terrible price. Overall a great experience.",ease_of_use:positive;features:positive;onboarding:negative;pricing:negative
2385,ChartCove,Analytics,2024-11-02,3,Our team switched to ChartCove last spring. We are a team of 262 people. The funnel analysis is buggy and loses data occasionally. The funnel analysis takes ages to load. The automation options are powerful.,features:positive;performance:negative;reliability:negative
2386,TicketTide,Help Desk,2025-06-12,1,Our team switched to TicketTide last spring. They raised the price by 40% with almost no notice. Would not recommend.,pricing:negative
2387,BookBridge,Accounting,2025-08-18,5,Our team switched to BookBridge last spring. Customer support answers within minutes. Never lost any data. Reports are flexible and easy to customize. Setup was fast and the interface is intuitive. Would recommend to any growing team.,ease_of_use:positive;features:positive;onboarding:positive;reliability:positive;support:positive
2388,CountWise,Accounting,2024-12-05,2,"We've used CountWise for about a year. It just works, every single day. We needed a paid consultant just to get started. Love it.",onboarding:negative;reliability:positive
2389,Sprintly Pro,Project Management,2024-06-27,2,We've used Sprintly Pro for about a year. We mainly use it for the Gantt chart. Data syncs reliably. Way too expensive for what you get.,pricing:negative;reliability:positive
2390,TicketTide,Help Desk,2024-01-13,2,We are a team of 65 people. Our account manager is responsive and helpful. It crashes a lot and support never helps. Zapier support covers everything else we need. Love it.,integrations:positive;reliability:negative;support:negative;support:positive
2391,SendGarden,Email Marketing,2024-06-03,5,We've used SendGarden for about a year. Most of our team works remotely. Setup was quick and painless. Highly recommend.,onboarding:positive
2392,SupportLoop,Help Desk,2024-01-04,4,We've used SupportLoop for about a year. Most of our team works remotely. Every update seems to break something. Reports are flexible and easy to customize. Pricing is fair for what you get.,features:positive;pricing:positive;reliability:negative
2393,PlanBoard,Project Management,2024-12-30,5,We've used PlanBoard for about a year. The free plan is generous. The support team actually solves problems.,pricing:positive;support:positive
2394,ChartCove,Analytics,2024-03-22,4,Our team switched to ChartCove last spring. The setup documentation is outdated. The API is great but the pricing tiers are confusing and steep.,integrations:positive;onboarding:negative;pricing:negative
2395,MetricMint,Analytics,2024-09-06,4,We've used MetricMint for about a year. We had several outages during business hours. Even our non-technical staff picked it up quickly. Not worth the money. Would not recommend.,ease_of_use:positive;pricing:negative;reliability:negative
2396,BookBridge,Accounting,2024-03-27,3,"Been on BookBridge for 18 months. Reports time out when the data gets large. It just works, every single day. The free plan is generous.",performance:negative;pricing:positive;reliability:positive
2397,CountWise,Accounting,2024-02-09,4,"Been on CountWise for 18 months. Our IT team handled the rollout. Every update seems to break something. Importing our old data was a nightmare. It costs twice as much as the competitors. Easy to use, but it gets slow with big projects.",ease_of_use:positive;onboarding:negative;performance:negative;pricing:negative;reliability:negative
2398,BookBridge,Accounting,2025-05-17,1,There is no phone support at all. Very frustrating experience.,support:negative
2399,ChartCove,Analytics,2024-10-10,1,We mainly use it for the data connectors. The mobile app crashes constantly.,reliability:negative
2400,TaskHarbor,Project Management,2024-03-03,2,Our team switched to TaskHarbor last spring. Our account manager is responsive and helpful. It crashes a lot and support never helps. It has every feature we need. Highly recommend.,features:positive;reliability:negative;support:negative;support:positive
2401,Pipely,CRM,2024-09-10,4,We've used Pipely for about a year. Setup was fast and the interface is intuitive. I use it every day. Customer support answers within minutes. Way too expensive for what you get.,ease_of_use:positive;onboarding:positive;pricing:negative;support:positive
2402,MailMosaic,Email Marketing,2024-05-26,1,Been on MailMosaic for 18 months. Most of our team works remotely. They raised the price by 40% with almost no notice. Customer support rarely fixes anything.,pricing:negative;support:negative
2403,LedgerLeaf,Accounting,2025-08-30,2,Our team switched to LedgerLeaf last spring. The tax reports is snappy. There's no native integration with our accounting tool. Overall a disappointment.,integrations:negative;performance:positive
2404,SupportLoop,Help Desk,2024-02-15,5,We've used SupportLoop for about a year. Most of our team works remotely. Everything is where you expect it to be. The automation options are powerful.,ease_of_use:positive;features:positive
2405,PlanBoard,Project Management,2025-08-28,5,Never lost any data. Setup was fast and the interface is intuitive.,ease_of_use:positive;onboarding:positive;reliability:positive
2406,InboxRocket,Email Marketing,2025-04-10,3,Been on InboxRocket for 18 months. Expensive and support is useless. We evaluated it against two competitors. The Salesforce integration works out of the box. Importing our old data was easy. Live chat support is fast and friendly.,integrations:positive;onboarding:positive;pricing:negative;support:negative;support:positive
2407,MetricMint,Analytics,2025-07-24,5,Been on MetricMint for 18 months. I use it every day. Great value for money. Overall a great experience.,pricing:positive
2408,MailMosaic,Email Marketing,2025-06-25,1,We've used MailMosaic for about a year. We migrated from a legacy system. It takes far too many clicks to do simple things.,ease_of_use:negative
2409,HelpHive,Help Desk,2024-10-25,5,Our team switched to HelpHive last spring. We migrated from a legacy system. The live chat widget alone is worth it. It's cheaper than the alternatives we looked at.,features:positive;pricing:positive
2410,TicketTide,Help Desk,2024-09-17,3,Been on TicketTide for 18 months. It integrates smoothly with Slack and Google Workspace. Every update seems to break something. Support takes days to reply.,integrations:positive;reliability:negative;support:negative
2411,SendGarden,Email Marketing,2025-05-10,5,Been on SendGarden for 18 months. Support went above and beyond to fix our issue.,support:positive
2412,MailMosaic,Email Marketing,2024-02-20,5,"We've used MailMosaic for about a year. We mainly use it for the email editor. It's fast, even with thousands of records. We saved money by replacing two tools with it. Customer support answers within minutes.",performance:positive;pricing:positive;support:positive
2413,ClientOrbit,CRM,2025-08-08,3,"Been on ClientOrbit for 18 months. Fast, stable and never down. We migrated from a legacy system. The Slack integration breaks every few weeks. Setup took weeks.",integrations:negative;onboarding:negative;performance:positive;reliability:positive
2414,MailMosaic,Email Marketing,2025-08-01,5,Been on MailMosaic for 18 months. Support went above and beyond to fix our issue.,support:positive
2415,HelpHive,Help Desk,2024-03-02,2,Setup took weeks. Hidden fees showed up on our second invoice. Syncing with Google Calendar is unreliable. The API is great but the pricing tiers are confusing and steep.,integrations:negative;integrations:positive;onboarding:negative;pricing:negative
2416,LedgerLeaf,Accounting,2025-06-16,4,Our team switched to LedgerLeaf last spring. We are a team of 103 people. We needed a paid consultant just to get started. The interface is clean and easy to learn. Support takes days to reply. Look elsewhere.,ease_of_use:positive;onboarding:negative;support:negative
2417,InboxRocket,Email Marketing,2024-04-09,5,We've used InboxRocket for about a year. We evaluated it against two competitors. The free plan is generous. Reports are flexible and easy to customize. Highly recommend.,features:positive;pricing:positive
2418,BookBridge,Accounting,2024-03-13,2,Our team switched to BookBridge last spring. We mainly use it for the invoicing. The onboarding guides were clear. Pricing is fair for what you get. Support kept sending us canned answers. Overall a great experience.,onboarding:positive;pricing:positive;support:negative
2419,BookBridge,Accounting,2025-03-04,1,Been on BookBridge for 18 months. The mobile app crashes constantly. Onboarding was confusing and badly organized. The expense tracking takes ages to load.,onboarding:negative;performance:negative;reliability:negative
2420,CountWise,Accounting,2024-05-19,1,Our team switched to CountWise last spring. Not worth the money. Very frustrating experience.,pricing:negative
2421,TaskHarbor,Project Management,2025-05-16,5,Been on TaskHarbor for 18 months. Even our non-technical staff picked it up quickly. It has every feature we need. Customer support answers within minutes.,ease_of_use:positive;features:positive;support:positive
2422,ClientOrbit,CRM,2024-10-08,4,Our team switched to ClientOrbit last spring. We migrated from a legacy system. Our account manager is responsive and helpful. The API is poorly documented. The onboarding guides were clear.,integrations:negative;support:positive
2423,Pipely,CRM,2025-07-10,2,We evaluated it against two competitors. Data syncs reliably. It's very easy to use day to day. Syncing with Google Calendar is unreliable. Love it.,ease_of_use:positive;integrations:negative;reliability:positive
2424,TicketTide,Help Desk,2025-06-08,1,Our team switched to TicketTide last spring. We migrated from a legacy system. Every update seems to break something. Basic features are locked behind the enterprise plan.,pricing:negative;reliability:negative
2425,CountWise,Accounting,2024-10-08,1,Most of our team works remotely. Basic features are locked behind the enterprise plan. Look elsewhere.,pricing:negative
2426,SendGarden,Email Marketing,2024-05-30,5,We've used SendGarden for about a year. Our IT team handled the rollout. It integrates smoothly with Slack and Google Workspace. Data syncs reliably. Highly recommend.,integrations:positive;reliability:positive
2427,TaskHarbor,Project Management,2025-08-04,5,Our team switched to TaskHarbor last spring. We migrated from a legacy system. Our account manager is responsive and helpful.,support:positive
2428,InsightForge,Analytics,2024-08-15,2,"Our team switched to InsightForge last spring. I use it every day. Search is so slow we stopped using it. The data connectors is not intuitive at all. Basic features are locked behind the enterprise plan. Fast, stable and never down.",ease_of_use:negative;performance:negative;performance:positive;pricing:negative;reliability:positive
2429,PlanBoard,Project Management,2024-03-24,1,We've used PlanBoard for about a year. We needed a paid consultant just to get started. Syncing with Google Calendar is unreliable. Every update seems to break something.,integrations:negative;onboarding:negative;reliability:negative
2430,TaskHarbor,Project Management,2025-09-11,2,Our team switched to TaskHarbor last spring. The Salesforce integration works out of the box. It gets painfully slow with a few thousand records.,integrations:positive;performance:negative
2431,DealNest,CRM,2025-02-21,5,Been on DealNest for 18 months. I use it every day. Data syncs reliably. The interface is clean and easy to learn. The API is well designed.,ease_of_use:positive;reliability:positive
2432,LedgerLeaf,Accounting,2024-04-14,5,"Our team switched to LedgerLeaf last spring. We migrated from a legacy system. The API is well designed. Cheap, and the support team is lovely. Importing our old data was easy. Overall a great experience.",integrations:positive;onboarding:positive;pricing:positive;support:positive
2433,TicketTide,Help Desk,2024-11-21,5,Been on TicketTide for 18 months. Pages load instantly.,performance:positive
2434,PlanBoard,Project Management,2024-03-02,1,Been on PlanBoard for 18 months. Search is so slow we stopped using it. Would not recommend.,performance:negative
2435,LedgerLeaf,Accounting,2024-02-15,1,Not worth the money. The learning curve is steep. Syncing with Google Calendar is unreliable. Look elsewhere.,ease_of_use:negative;integrations:negative;pricing:negative
2436,PlanBoard,Project Management,2025-03-24,3,Been on PlanBoard for 18 months. The API is great but the pricing tiers are confusing and steep. Key features from the demo still aren't available. Overall a disappointment.,features:negative;integrations:positive;pricing:negative
2437,TaskHarbor,Project Management,2025-03-28,1,Been on TaskHarbor for 18 months. We mainly use it for the kanban boards. Reports time out when the data gets large. It takes far too many clicks to do simple things. Very frustrating experience.,ease_of_use:negative;performance:negative
2438,InboxRocket,Email Marketing,2024-08-20,1,We migrated from a legacy system. The interface is cluttered and confusing. Support kept sending us canned answers. There's no native integration with our accounting tool. Very frustrating experience.,ease_of_use:negative;integrations:negative;support:negative
2439,DealNest,CRM,2024-03-24,2,Our team switched to DealNest last spring. Our IT team handled the rollout. The contact management is buggy and loses data occasionally. Reports time out when the data gets large. The onboarding guides were clear.,onboarding:positive;performance:negative;reliability:negative
2440,SupportLoop,Help Desk,2024-09-08,1,Most of our team works remotely. The learning curve is steep. Would not recommend.,ease_of_use:negative
2441,DealNest,CRM,2025-04-24,5,The interface is clean and easy to learn. Never lost any data.,ease_of_use:positive;reliability:positive
2442,BookBridge,Accounting,2024-05-16,1,Been on BookBridge for 18 months. Key features from the demo still aren't available. Rate limits on the API are far too strict. We had several outages during business hours.,features:negative;integrations:negative;reliability:negative
2443,TicketTide,Help Desk,2025-07-14,1,We've used TicketTide for about a year. The per-seat pricing gets painful as you grow. Overall a disappointment.,pricing:negative
2444,ChartCove,Analytics,2024-01-19,1,Our team switched to ChartCove last spring. We mainly use it for the dashboards. Syncing with Google Calendar is unreliable. The data connectors is buggy and loses data occasionally. The roadmap has been stuck for a year.,features:negative;integrations:negative;reliability:negative
2445,InsightForge,Analytics,2025-03-05,2,"We've used InsightForge for about a year. We needed a paid consultant just to get started. Easy to use, but it gets slow with big projects. Would not recommend.",ease_of_use:positive;onboarding:negative;performance:negative
2446,SendGarden,Email Marketing,2024-07-11,1,Been on SendGarden for 18 months. We evaluated it against two competitors. Setup took weeks.,onboarding:negative
2447,InsightForge,Analytics,2024-09-12,5,We've used InsightForge for about a year. I use it every day. Everything is where you expect it to be. The per-seat price is very reasonable. Setup was quick and painless. Overall a great experience.,ease_of_use:positive;onboarding:positive;pricing:positive
2448,Pipely,CRM,2025-03-15,5,"We've used Pipely for about a year. Cheap, and the support team is lovely. Importing our old data was easy. Would recommend to any growing team.",onboarding:positive;pricing:positive;support:positive
2449,SupportLoop,Help Desk,2024-03-01,5,Our team switched to SupportLoop last spring. Live chat support is fast and friendly. Zapier support covers everything else we need. It's very easy to use day to day.,ease_of_use:positive;integrations:positive;support:positive
2450,HelpHive,Help Desk,2025-08-11,1,Most of our team works remotely. The Slack integration breaks every few weeks.,integrations:negative
2451,PlanBoard,Project Management,2025-01-02,4,Been on PlanBoard for 18 months. The Salesforce integration works out of the box. It crashes a lot and support never helps.,integrations:positive;reliability:negative;support:negative
2452,InsightForge,Analytics,2024-04-23,1,It gets painfully slow with a few thousand records.,performance:negative
2453,InsightForge,Analytics,2024-09-22,1,Rate limits on the API are far too strict. The setup documentation is outdated. The roadmap has been stuck for a year. Expensive and support is useless. Would not recommend.,features:negative;integrations:negative;onboarding:negative;pricing:negative;support:negative
2454,SendGarden,Email Marketing,2025-02-14,1,Been on SendGarden for 18 months. I use it every day. We had several outages during business hours. Navigation is a maze. Importing our old data was a nightmare. Would not recommend.,ease_of_use:negative;onboarding:negative;reliability:negative
2455,MetricMint,Analytics,2024-04-29,1,Our team switched to MetricMint last spring. I use it every day. They raised the price by 40% with almost no notice.,pricing:negative
2456,ChartCove,Analytics,2025-07-19,5,"Our team switched to ChartCove last spring. It integrates smoothly with Slack and Google Workspace. Not cheap, but worth every cent. It handles our large datasets without slowing down.",integrations:positive;performance:positive;pricing:positive
2457,Sprintly Pro,Project Management,2024-12-18,5,"Been on Sprintly Pro for 18 months. We are a team of 86 people. It's fast, even with thousands of records.",performance:positive
2458,HelpHive,Help Desk,2024-07-30,1,We evaluated it against two competitors. Way too expensive for what you get.,pricing:negative
2459,TaskHarbor,Project Management,2025-04-12,5,Been on TaskHarbor for 18 months. We migrated from a legacy system. Navigation is simple and logical. Reports are flexible and easy to customize. Highly recommend.,ease_of_use:positive;features:positive
2460,SendGarden,Email Marketing,2024-10-03,3,The setup documentation is outdated. They raised the price by 40% with almost no notice. The automation workflows is the best we've seen.,features:positive;onboarding:negative;pricing:negative
2461,TicketTide,Help Desk,2024-07-14,4,Been on TicketTide for 18 months. Support went above and beyond to fix our issue. Zapier support covers everything else we need. Expensive and support is useless. The onboarding guides were clear.,integrations:positive;onboarding:positive;pricing:negative;support:negative;support:positive
2462,MailMosaic,Email Marketing,2025-08-14,5,Our team switched to MailMosaic last spring. Connecting our existing tools took minutes. The interface is clean and easy to learn. Love it.,ease_of_use:positive;integrations:positive
2463,MetricMint,Analytics,2024-01-14,3,Our team switched to MetricMint last spring. The API is well designed. The roadmap has been stuck for a year. Customer support answers within minutes.,features:negative;integrations:positive;support:positive
2464,TicketTide,Help Desk,2024-06-07,2,I use it every day. The knowledge base alone is worth it. Expensive and support is useless. It integrates smoothly with Slack and Google Workspace.,features:positive;integrations:positive;pricing:negative;support:negative
2465,DealNest,CRM,2024-07-25,1,Most of our team works remotely. Importing our old data was a nightmare. Look elsewhere.,onboarding:negative
2466,LedgerLeaf,Accounting,2024-03-29,5,Been on LedgerLeaf for 18 months. Our account manager is responsive and helpful. Zapier support covers everything else we need. Overall a great experience.,integrations:positive;support:positive
2467,SupportLoop,Help Desk,2024-09-20,5,Been on SupportLoop for 18 months. The ticket routing is the best we've seen.,features:positive
2468,CountWise,Accounting,2024-11-21,1,Our team switched to CountWise last spring. Most of our team works remotely. Our account manager disappeared after we signed.,support:negative
2469,DealNest,CRM,2024-10-23,1,We are a team of 251 people. Half of our team still can't find basic settings. Look elsewhere.,ease_of_use:negative
2470,ChartCove,Analytics,2024-11-18,3,Our team switched to ChartCove last spring. We evaluated it against two competitors. New features ship regularly. It gets painfully slow with a few thousand records.,features:positive;performance:negative
2471,ChartCove,Analytics,2025-02-21,4,"The custom reports takes ages to load. Cheap, and the support team is lovely. Navigation is a maze. Would not recommend.",ease_of_use:negative;performance:negative;pricing:positive;support:positive
2472,TicketTide,Help Desk,2024-07-09,3,"Our team switched to TicketTide last spring. The roadmap has been stuck for a year. Easy to use, but it gets slow with big projects. It's very easy to use day to day.",ease_of_use:positive;features:negative;performance:negative
2473,ClientOrbit,CRM,2025-09-02,1,We've used ClientOrbit for about a year. There is no phone support at all.,support:negative
2474,Sprintly Pro,Project Management,2024-10-27,1,We've used Sprintly Pro for about a year. Setup took weeks. Every update seems to break something.,onboarding:negative;reliability:negative
2475,DealNest,CRM,2025-04-24,5,"We've used DealNest for about a year. The onboarding call was really useful. The deal tracking is snappy. Whenever we got stuck, support had an answer the same day. Overall a great experience.",onboarding:positive;performance:positive;support:positive
2476,DealNest,CRM,2025-09-14,5,We are a team of 144 people. Search results come back in a blink. The Salesforce integration works out of the box. Love it.,integrations:positive;performance:positive
2477,TicketTide,Help Desk,2025-07-07,2,We've used TicketTide for about a year. Importing our old data was easy. Syncing with Google Calendar is unreliable. It gets painfully slow with a few thousand records.,integrations:negative;onboarding:positive;performance:negative
2478,MetricMint,Analytics,2024-05-23,2,Our team switched to MetricMint last spring. We evaluated it against two competitors. It has every feature we need. Every update seems to break something. Connecting our existing tools took minutes. Would recommend to any growing team.,features:positive;integrations:positive;reliability:negative
2479,ChartCove,Analytics,2025-03-18,5,"Been on ChartCove for 18 months. Most of our team works remotely. It's fast, even with thousands of records. Look elsewhere.",performance:positive
2480,InboxRocket,Email Marketing,2025-02-21,2,We've used InboxRocket for about a year. I use it every day. The API is poorly documented. The onboarding guides were clear. The interface is cluttered and confusing.,ease_of_use:negative;integrations:negative;onboarding:positive
2481,Sprintly Pro,Project Management,2024-05-16,5,"Our team switched to Sprintly Pro last spring. Our IT team handled the rollout. Whenever we got stuck, support had an answer the same day.",support:positive
2482,LedgerLeaf,Accounting,2024-09-03,1,Been on LedgerLeaf for 18 months. Navigation is a maze. We needed a paid consultant just to get started. Syncing fails silently.,ease_of_use:negative;onboarding:negative;reliability:negative
2483,Sprintly Pro,Project Management,2025-05-04,1,Our team switched to Sprintly Pro last spring. Our IT team handled the rollout. It crashes a lot and support never helps. The per-seat pricing gets painful as you grow. Very frustrating experience.,pricing:negative;reliability:negative
2484,MailMosaic,Email Marketing,2025-07-20,5,Our team switched to MailMosaic last spring. Our IT team handled the rollout. It has every feature we need. Overall a great experience.,features:positive
2485,PlanBoard,Project Management,2025-09-10,1,I use it every day. Reports time out when the data gets large. The kanban boards is missing basic options. Setup took weeks.,features:negative;onboarding:negative;performance:negative
2486,MailMosaic,Email Marketing,2024-09-29,5,We've used MailMosaic for about a year. I use it every day. Great value for money. We were up and running in a day. Overall a great experience.,onboarding:positive;pricing:positive
2487,InsightForge,Analytics,2025-02-05,1,We've used InsightForge for about a year. Navigation is a maze. Support takes days to reply.,ease_of_use:negative;support:negative
2488,SupportLoop,Help Desk,2025-09-14,1,We've used SupportLoop for about a year. There's no native integration with our accounting tool. Setup took weeks.,integrations:negative;onboarding:negative
2489,LedgerLeaf,Accounting,2024-01-30,3,We've used LedgerLeaf for about a year. Key features from the demo still aren't available. We were up and running in a day.,features:negative;onboarding:positive
2490,LedgerLeaf,Accounting,2024-04-24,2,"I use it every day. Our account manager is responsive and helpful. We've had basically no downtime. Setup was quick and painless. Great features, terrible price. Overall a great experience.",features:positive;onboarding:positive;pricing:negative;reliability:positive;support:positive
2491,InboxRocket,Email Marketing,2024-01-17,4,"We've used InboxRocket for about a year. Most of our team works remotely. It just works, every single day. It takes far too many clicks to do simple things.",ease_of_use:negative;reliability:positive
2492,MetricMint,Analytics,2025-03-12,1,We've used MetricMint for about a year. Syncing with Google Calendar is unreliable.,integrations:negative
2493,InsightForge,Analytics,2024-04-02,1,We've used InsightForge for about a year. The app freezes several times a day. Syncing fails silently. Would not recommend.,performance:negative;reliability:negative
2494,InsightForge,Analytics,2024-07-07,1,Been on InsightForge for 18 months. Our IT team handled the rollout. We needed a paid consultant just to get started. Reporting is very limited.,features:negative;onboarding:negative
2495,ChartCove,Analytics,2025-08-11,3,We've used ChartCove for about a year. Most of our team works remotely. Reports time out when the data gets large. Customer support answers within minutes. Importing our old data was a nightmare. Look elsewhere.,onboarding:negative;performance:negative;support:positive
2496,InboxRocket,Email Marketing,2025-03-29,1,It gets painfully slow with a few thousand records.,performance:negative
2497,TicketTide,Help Desk,2024-08-29,2,"Reports time out when the data gets large. Fast, stable and never down. We've had basically no downtime. Overall a disappointment.",performance:negative;performance:positive;reliability:positive
2498,CountWise,Accounting,2025-01-13,5,Our team switched to CountWise last spring. We evaluated it against two competitors. Pages load instantly. Customer support answers within minutes. We saved money by replacing two tools with it. Would recommend to any growing team.,pricing:positive;support:positive
2499,SupportLoop,Help Desk,2024-11-11,4,We've used SupportLoop for about a year. The app freezes several times a day. Not worth the money. New features ship regularly. The API is great but the pricing tiers are confusing and steep.,features:positive;integrations:positive;performance:negative;pricing:negative
2500,SupportLoop,Help Desk,2024-12-27,5,Been on SupportLoop for 18 months. I use it every day. Navigation is simple and logical. Customer support answers within minutes. Highly recommend.,ease_of_use:positive;support:positive
2501,InsightForge,Analytics,2024-01-14,4,We've used InsightForge for about a year. We migrated from a legacy system. Support kept sending us canned answers. New features ship regularly.,features:positive;support:negative
2502,InsightForge,Analytics,2025-02-18,4,Our IT team handled the rollout. The onboarding guides were clear. Search is so slow we stopped using it. Reports are flexible and easy to customize.,features:positive;onboarding:positive;performance:negative
2503,SupportLoop,Help Desk,2025-02-09,4,Our team switched to SupportLoop last spring. The API is great but the pricing tiers are confusing and steep. We waited two weeks for a reply to a critical ticket. Love it.,integrations:positive;pricing:negative;support:negative
2504,DealNest,CRM,2024-08-24,4,The deal tracking alone is worth it. Syncing fails silently. Look elsewhere.,features:positive;reliability:negative
2505,ChartCove,Analytics,2024-11-10,4,"We've used ChartCove for about a year. It's cheaper than the alternatives we looked at. The onboarding call was really useful. Never lost any data. Great features, terrible price. Overall a great experience.",features:positive;onboarding:positive;pricing:negative;pricing:positive;reliability:positive
2506,SupportLoop,Help Desk,2024-03-03,1,We've used SupportLoop for about a year. We are a team of 117 people. We waited two weeks for a reply to a critical ticket. It takes far too many clicks to do simple things.,ease_of_use:negative;support:negative
2507,HelpHive,Help Desk,2025-06-18,4,"The interface is cluttered and confusing. Great features, terrible price. Support takes days to reply.",ease_of_use:negative;features:positive;pricing:negative;support:negative
2508,InsightForge,Analytics,2024-12-08,5,We've used InsightForge for about a year. The funnel analysis is the best we've seen. The funnel analysis is intuitive.,ease_of_use:positive;features:positive
2509,MetricMint,Analytics,2024-12-26,5,We've used MetricMint for about a year. We evaluated it against two competitors. Pages load instantly. The Salesforce integration works out of the box. The dashboards is the best we've seen.,features:positive;integrations:positive;performance:positive
2510,InsightForge,Analytics,2024-04-24,1,Search is so slow we stopped using it. The funnel analysis is missing basic options. Would not recommend.,features:negative;performance:negative
2511,BookBridge,Accounting,2025-07-07,5,We've used BookBridge for about a year. Most of our team works remotely. The onboarding guides were clear. The per-seat price is very reasonable.,onboarding:positive;pricing:positive
2512,PlanBoard,Project Management,2025-06-28,1,Been on PlanBoard for 18 months. Our IT team handled the rollout. The setup documentation is outdated. Very frustrating experience.,onboarding:negative
2513,SupportLoop,Help Desk,2024-05-22,5,It has every feature we need. Never lost any data. Importing our old data was easy. Would recommend to any growing team.,features:positive;onboarding:positive;reliability:positive
2514,TaskHarbor,Project Management,2025-07-21,1,Been on TaskHarbor for 18 months. The app freezes several times a day. Would not recommend.,performance:negative
2515,PlanBoard,Project Management,2024-04-08,1,Been on PlanBoard for 18 months. Onboarding was confusing and badly organized. It crashes a lot and support never helps.,onboarding:negative;reliability:negative;support:negative
2516,Sprintly Pro,Project Management,2024-07-15,1,Our team switched to Sprintly Pro last spring. Basic features are locked behind the enterprise plan. Navigation is a maze. It crashes a lot and support never helps. The Slack integration breaks every few weeks. Look elsewhere.,ease_of_use:negative;integrations:negative;pricing:negative;reliability:negative;support:negative
2517,SupportLoop,Help Desk,2024-05-27,1,Been on SupportLoop for 18 months. We evaluated it against two competitors. Way too expensive for what you get. It gets painfully slow with a few thousand records. It takes far too many clicks to do simple things.,ease_of_use:negative;performance:negative;pricing:negative
2518,MetricMint,Analytics,2025-07-13,3,Our team switched to MetricMint last spring. We migrated from a legacy system. We needed a paid consultant just to get started. Reports are flexible and easy to customize. It integrates smoothly with Slack and Google Workspace. Look elsewhere.,features:positive;integrations:positive;onboarding:negative
2519,ClientOrbit,CRM,2025-08-12,5,I use it every day. The onboarding call was really useful. Very frustrating experience.,onboarding:positive
2520,Pipely,CRM,2024-05-11,3,We've used Pipely for about a year. We evaluated it against two competitors. Even our non-technical staff picked it up quickly. They raised the price by 40% with almost no notice. The API is great but the pricing tiers are confusing and steep. The onboarding call was really useful. Love it.,ease_of_use:positive;integrations:positive;onboarding:positive;pricing:negative
2521,Sprintly Pro,Project Management,2024-10-06,5,Our team switched to Sprintly Pro last spring. We evaluated it against two competitors. The onboarding guides were clear.,onboarding:positive
2522,ChartCove,Analytics,2025-02-07,3,Been on ChartCove for 18 months. Importing our old data was easy. They raised the price by 40% with almost no notice. Search is so slow we stopped using it.,onboarding:positive;performance:negative;pricing:negative
2523,TaskHarbor,Project Management,2024-02-14,3,"Our team switched to TaskHarbor last spring. We had several outages during business hours. Cheap, and the support team is lovely. We needed a paid consultant just to get started.",onboarding:negative;pricing:positive;reliability:negative;support:positive
2524,ChartCove,Analytics,2025-07-03,1,We've used ChartCove for about a year. We needed a paid consultant just to get started.,onboarding:negative
2525,DealNest,CRM,2024-11-11,5,Our team switched to DealNest last spring. We evaluated it against two competitors. Great value for money.,pricing:positive
2526,Pipely,CRM,2024-07-22,3,Been on Pipely for 18 months. I use it every day. The Salesforce integration works out of the box. Pricing is fair for what you get. Search is so slow we stopped using it.,integrations:positive;performance:negative;pricing:positive
2527,LedgerLeaf,Accounting,2024-04-30,1,Importing our old data was a nightmare. Overall a disappointment.,onboarding:negative
2528,MailMosaic,Email Marketing,2025-03-08,1,The mobile app crashes constantly. There is no way to customize the email editor.,features:negative;reliability:negative
2529,Pipely,CRM,2024-12-06,1,There's no native integration with our accounting tool. The per-seat pricing gets painful as you grow.,integrations:negative;pricing:negative
2530,TicketTide,Help Desk,2024-11-24,1,Our team switched to TicketTide last spring. Search is so slow we stopped using it. The learning curve is steep. We needed a paid consultant just to get started.,ease_of_use:negative;onboarding:negative;performance:negative
2531,SupportLoop,Help Desk,2025-05-27,5,We've had basically no downtime. The support team actually solves problems. The shared inbox alone is worth it.,features:positive;reliability:positive;support:positive
2532,CountWise,Accounting,2024-04-09,2,Been on CountWise for 18 months. We had several outages during business hours. Way too expensive for what you get. The support team actually solves problems.,pricing:negative;reliability:negative;support:positive
2533,InsightForge,Analytics,2024-09-05,1,Our team switched to InsightForge last spring. We are a team of 122 people. The per-seat pricing gets painful as you grow. The Slack integration breaks every few weeks.,integrations:negative;pricing:negative
2534,HelpHive,Help Desk,2025-02-16,3,Our team switched to HelpHive last spring. It crashes a lot and support never helps. We've had basically no downtime.,reliability:negative;reliability:positive;support:negative
2535,Pipely,CRM,2024-12-18,1,We've used Pipely for about a year. Rate limits on the API are far too strict.,integrations:negative
2536,TicketTide,Help Desk,2024-05-06,5,Been on TicketTide for 18 months. The support team actually solves problems. The free plan is generous. The ticket routing is snappy. Would recommend to any growing team.,performance:positive;pricing:positive;support:positive
2537,BookBridge,Accounting,2024-09-30,5,Our team switched to BookBridge last spring. We migrated from a legacy system. It's very easy to use day to day. Overall a great experience.,ease_of_use:positive
2538,Sprintly Pro,Project Management,2025-04-05,3,"We've used Sprintly Pro for about a year. Our IT team handled the rollout. The Gantt chart takes ages to load. Reporting is very limited. Easy to use, but it gets slow with big projects.",ease_of_use:positive;features:negative;performance:negative
2539,LedgerLeaf,Accounting,2024-08-14,1,We are a team of 35 people. It takes far too many clicks to do simple things. Reporting is very limited. Support takes days to reply.,ease_of_use:negative;features:negative;support:negative
2540,TaskHarbor,Project Management,2024-03-24,5,We've used TaskHarbor for about a year. Our IT team handled the rollout. Not a single outage in two years. It has every feature we need. Great value for money. Love it.,features:positive;pricing:positive;reliability:positive
2541,InsightForge,Analytics,2025-02-09,4,Been on InsightForge for 18 months. Hidden fees showed up on our second invoice. The onboarding call was really useful. Overall a great experience.,onboarding:positive;pricing:negative
2542,BookBridge,Accounting,2024-09-16,1,Been on BookBridge for 18 months. The learning curve is steep. Our account manager disappeared after we signed. Overall a disappointment.,ease_of_use:negative;support:negative
2543,InsightForge,Analytics,2024-02-25,1,Been on InsightForge for 18 months. Key features from the demo still aren't available. Setup took weeks.,features:negative;onboarding:negative
2544,MetricMint,Analytics,2024-07-14,5,"Our team switched to MetricMint last spring. We migrated from a legacy system. Not cheap, but worth every cent. Our account manager is responsive and helpful. Even our non-technical staff picked it up quickly.",ease_of_use:positive;pricing:positive;support:positive
2545,InsightForge,Analytics,2024-12-21,2,Been on InsightForge for 18 months. We needed a paid consultant just to get started. Not a single outage in two years. Pricing is fair for what you get.,onboarding:negative;pricing:positive;reliability:positive
2546,BookBridge,Accounting,2024-08-07,3,"Been on BookBridge for 18 months. The learning curve is steep. It gets painfully slow with a few thousand records. Cheap, and the support team is lovely. Overall a disappointment.",ease_of_use:negative;performance:negative;support:positive
2547,MailMosaic,Email Marketing,2024-06-17,1,Been on MailMosaic for 18 months. Hidden fees showed up on our second invoice.,pricing:negative
2548,PlanBoard,Project Management,2024-02-26,5,Our team switched to PlanBoard last spring. The onboarding call was really useful.,onboarding:positive
2549,TaskHarbor,Project Management,2025-04-23,5,"We've used TaskHarbor for about a year. It handles our large datasets without slowing down. Fast, stable and never down.",performance:positive;reliability:positive
2550,ClientOrbit,CRM,2024-11-10,5,We've used ClientOrbit for about a year. Importing our old data was easy.,onboarding:positive
2551,BookBridge,Accounting,2025-09-01,4,We've used BookBridge for about a year. The setup documentation is outdated. It's cheaper than the alternatives we looked at. We had several outages during business hours.,onboarding:negative;pricing:positive;reliability:negative
2552,SupportLoop,Help Desk,2025-05-18,1,We've used SupportLoop for about a year. We evaluated it against two competitors. It crashes a lot and support never helps. It gets painfully slow with a few thousand records. Syncing with Google Calendar is unreliable. There is no way to customize the ticket routing.,features:negative;integrations:negative;performance:negative;reliability:negative;support:negative
2553,CountWise,Accounting,2025-03-20,5,We were up and running in a day. We saved money by replacing two tools with it. Highly recommend.,onboarding:positive;pricing:positive
2554,SendGarden,Email Marketing,2024-04-07,1,We've used SendGarden for about a year. Onboarding was confusing and badly organized. Support takes days to reply. The automation workflows is not intuitive at all. Very frustrating experience.,ease_of_use:negative;onboarding:negative;support:negative
2555,TaskHarbor,Project Management,2024-03-25,3,Been on TaskHarbor for 18 months. The support team actually solves problems. Importing our old data was easy. Key features from the demo still aren't available. Overall a disappointment.,features:negative;onboarding:positive;support:positive
2556,TaskHarbor,Project Management,2024-08-30,5,"We've used TaskHarbor for about a year. The Gantt chart is the best we've seen. Pages load instantly. Importing our old data was easy. Fast, stable and never down.",features:positive;onboarding:positive;performance:positive;reliability:positive
2557,MetricMint,Analytics,2025-01-28,5,We've used MetricMint for about a year. Importing our old data was easy.,onboarding:positive
2558,Sprintly Pro,Project Management,2025-03-29,1,Been on Sprintly Pro for 18 months. We evaluated it against two competitors. Setup took weeks. It takes far too many clicks to do simple things. Would not recommend.,ease_of_use:negative;onboarding:negative
2559,InsightForge,Analytics,2025-01-10,1,We've used InsightForge for about a year. Support kept sending us canned answers.,support:negative
2560,InsightForge,Analytics,2024-11-05,5,"We've used InsightForge for about a year. We migrated from a legacy system. Navigation is simple and logical. It just works, every single day.",ease_of_use:positive;reliability:positive
2561,PlanBoard,Project Management,2025-01-23,2,Been on PlanBoard for 18 months. Most of our team works remotely. Hidden fees showed up on our second invoice. Everything is where you expect it to be.,ease_of_use:positive;pricing:negative
2562,ChartCove,Analytics,2025-07-14,1,Our team switched to ChartCove last spring. Onboarding was confusing and badly organized.,onboarding:negative
2563,ChartCove,Analytics,2024-02-23,3,"Not a single outage in two years. Not worth the money. The dashboards is missing basic options. Fast, stable and never down. Highly recommend.",features:negative;performance:positive;pricing:negative;reliability:positive
2564,CountWise,Accounting,2025-03-30,5,Our team switched to CountWise last spring. The Salesforce integration works out of the box. It's cheaper than the alternatives we looked at. Data syncs reliably.,integrations:positive;pricing:positive;reliability:positive
2565,HelpHive,Help Desk,2024-10-21,2,"Our team switched to HelpHive last spring. The API is well designed. Half of our team still can't find basic settings. The roadmap has been stuck for a year. Easy to use, but it gets slow with big projects.",ease_of_use:negative;ease_of_use:positive;features:negative;integrations:positive;performance:negative
2566,InsightForge,Analytics,2024-12-15,1,We've used InsightForge for about a year. Support kept sending us canned answers. Overall a disappointment.,support:negative
2567,SupportLoop,Help Desk,2024-03-28,5,"Been on SupportLoop for 18 months. Most of our team works remotely. It's fast, even with thousands of records. Data syncs reliably. Customer support answers within minutes. Highly recommend.",performance:positive;reliability:positive;support:positive
2568,ClientOrbit,CRM,2024-06-28,5,"Been on ClientOrbit for 18 months. Reports are flexible and easy to customize. It's fast, even with thousands of records. Love it.",features:positive;performance:positive
2569,ChartCove,Analytics,2025-04-15,5,We've used ChartCove for about a year. The Salesforce integration works out of the box. Would not recommend.,integrations:positive
2570,Sprintly Pro,Project Management,2025-05-19,1,Been on Sprintly Pro for 18 months. We mainly use it for the Gantt chart. There is no way to customize the workload view.,features:negative
2571,InboxRocket,Email Marketing,2025-08-27,1,We migrated from a legacy system. There's no native integration with our accounting tool. There is no phone support at all. Navigation is a maze.,ease_of_use:negative;integrations:negative;support:negative
2572,InsightForge,Analytics,2025-01-14,5,We've used InsightForge for about a year. Most of our team works remotely. The data connectors alone is worth it.,features:positive
2573,PlanBoard,Project Management,2025-03-05,4,Our team switched to PlanBoard last spring. We evaluated it against two competitors. They raised the price by 40% with almost no notice. Search results come back in a blink. The learning curve is steep.,ease_of_use:negative;performance:positive;pricing:negative
2574,PlanBoard,Project Management,2025-03-05,2,We've used PlanBoard for about a year. We are a team of 66 people. Search results come back in a blink. The mobile app crashes constantly. The interface is cluttered and confusing.,ease_of_use:negative;performance:positive;reliability:negative
2575,HelpHive,Help Desk,2025-05-20,4,We've used HelpHive for about a year. The interface is cluttered and confusing. We've had basically no downtime. The free plan is generous.,ease_of_use:negative;pricing:positive;reliability:positive
2576,ClientOrbit,CRM,2024-01-06,1,Been on ClientOrbit for 18 months. Support kept sending us canned answers. The API is poorly documented. Very frustrating experience.,integrations:negative;support:negative
2577,TaskHarbor,Project Management,2025-06-26,4,We migrated from a legacy system. The API is great but the pricing tiers are confusing and steep. Reports time out when the data gets large.,integrations:positive;performance:negative;pricing:negative
2578,CountWise,Accounting,2025-01-25,5,We've used CountWise for about a year. We've had basically no downtime. It integrates smoothly with Slack and Google Workspace.,integrations:positive;reliability:positive
2579,SupportLoop,Help Desk,2025-01-05,2,We've used SupportLoop for about a year. It gets painfully slow with a few thousand records. Our account manager is responsive and helpful.,performance:negative;support:positive
2580,SendGarden,Email Marketing,2024-10-03,4,Our team switched to SendGarden last spring. The API is great but the pricing tiers are confusing and steep. We evaluated it against two competitors. The segmentation alone is worth it. Half of our team still can't find basic settings. The API is well designed. Love it.,ease_of_use:negative;features:positive;integrations:positive;pricing:negative
2581,SupportLoop,Help Desk,2025-08-03,2,Our team switched to SupportLoop last spring. We are a team of 228 people. The API is great but the pricing tiers are confusing and steep. Great value for money. Rate limits on the API are far too strict.,integrations:negative;integrations:positive;pricing:negative;pricing:positive
2582,TicketTide,Help Desk,2025-03-21,4,"We've used TicketTide for about a year. There's no native integration with our accounting tool. The interface is cluttered and confusing. Fast, stable and never down.",ease_of_use:negative;integrations:negative;performance:positive;reliability:positive
2583,SupportLoop,Help Desk,2025-06-26,2,Our team switched to SupportLoop last spring. The interface is clean and easy to learn. Support kept sending us canned answers. Overall a disappointment.,ease_of_use:positive;support:negative
2584,TicketTide,Help Desk,2025-06-03,2,The shared inbox takes ages to load. Setup was fast and the interface is intuitive. The setup documentation is outdated.,ease_of_use:positive;onboarding:negative;onboarding:positive;performance:negative
2585,Sprintly Pro,Project Management,2024-07-14,3,We've used Sprintly Pro for about a year. Search results come back in a blink. It crashes a lot and support never helps.,performance:positive;reliability:negative;support:negative
2586,TaskHarbor,Project Management,2025-06-06,2,Been on TaskHarbor for 18 months. Our account manager disappeared after we signed. The API is great but the pricing tiers are confusing and steep. Syncing fails silently. The workload view is the best we've seen. Overall a disappointment.,features:positive;integrations:positive;pricing:negative;reliability:negative;support:negative
2587,ChartCove,Analytics,2025-03-16,1,Our team switched to ChartCove last spring. Our IT team handled the rollout. The mobile app crashes constantly. Would not recommend.,reliability:negative
2588,LedgerLeaf,Accounting,2025-02-26,1,We've used LedgerLeaf for about a year. The learning curve is steep.,ease_of_use:negative
2589,TaskHarbor,Project Management,2024-12-07,4,We've used TaskHarbor for about a year. The API is poorly documented. The API is great but the pricing tiers are confusing and steep. Not a single outage in two years. Reports are flexible and easy to customize.,features:positive;integrations:negative;integrations:positive;pricing:negative;reliability:positive
2590,SendGarden,Email Marketing,2024-01-27,4,Importing our old data was easy. There is no way to customize the email editor. Look elsewhere.,features:negative;onboarding:positive
2591,DealNest,CRM,2025-03-08,3,"Our team switched to DealNest last spring. Reporting is very limited. Setup was fast and the interface is intuitive. It's fast, even with thousands of records. The pipeline view is not intuitive at all.",ease_of_use:negative;ease_of_use:positive;features:negative;onboarding:positive;performance:positive
2592,CountWise,Accounting,2024-12-28,3,Our team switched to CountWise last spring. Our IT team handled the rollout. Key features from the demo still aren't available. We needed a paid consultant just to get started. The free plan is generous. Expensive and support is useless.,features:negative;onboarding:negative;pricing:negative;pricing:positive;support:negative
2593,TaskHarbor,Project Management,2024-01-19,5,"Been on TaskHarbor for 18 months. I use it every day. The free plan is generous. Whenever we got stuck, support had an answer the same day. The workload view is snappy.",performance:positive;pricing:positive;support:positive
2594,InsightForge,Analytics,2024-11-01,1,Our IT team handled the rollout. We needed a paid consultant just to get started. Reports time out when the data gets large. They raised the price by 40% with almost no notice.,onboarding:negative;performance:negative;pricing:negative
2595,CountWise,Accounting,2025-05-16,5,"It's fast, even with thousands of records. The free plan is generous. Highly recommend.",performance:positive;pricing:positive
2596,CountWise,Accounting,2024-01-31,5,Not a single outage in two years.,reliability:positive
2597,SendGarden,Email Marketing,2024-10-21,4,We've used SendGarden for about a year. It's cheaper than the alternatives we looked at. We had several outages during business hours. Highly recommend.,pricing:positive;reliability:negative
2598,Sprintly Pro,Project Management,2025-02-09,1,Been on Sprintly Pro for 18 months. We migrated from a legacy system. Way too expensive for what you get.,pricing:negative
2599,SupportLoop,Help Desk,2025-07-02,3,It's cheaper than the alternatives we looked at. The API is poorly documented. Too basic for a growing team.,features:negative;integrations:negative;pricing:positive
2600,HelpHive,Help Desk,2024-09-18,5,Been on HelpHive for 18 months. Support went above and beyond to fix our issue.,support:positive
2601,CountWise,Accounting,2025-01-19,5,Our team switched to CountWise last spring. Our IT team handled the rollout. Setup was quick and painless. Would not recommend.,onboarding:positive
2602,SupportLoop,Help Desk,2024-05-07,1,Our team switched to SupportLoop last spring. Rate limits on the API are far too strict. The knowledge base is not intuitive at all. The shared inbox is missing basic options.,ease_of_use:negative;features:negative;integrations:negative
2603,MailMosaic,Email Marketing,2025-04-30,5,"Not cheap, but worth every cent. It's fast, even with thousands of records.",performance:positive;pricing:positive
2604,BookBridge,Accounting,2025-06-26,3,"Our team switched to BookBridge last spring. Easy to use, but it gets slow with big projects. We evaluated it against two competitors. Importing our old data was a nightmare. The per-seat pricing gets painful as you grow. Would not recommend.",ease_of_use:positive;onboarding:negative;performance:negative;pricing:negative
2605,BookBridge,Accounting,2024-08-23,2,We evaluated it against two competitors. Support went above and beyond to fix our issue. Zapier support covers everything else we need. The tax reports is buggy and loses data occasionally.,integrations:positive;reliability:negative;support:positive
2606,MetricMint,Analytics,2025-01-06,5,"Our team switched to MetricMint last spring. I use it every day. The free plan is generous. Cheap, and the support team is lovely.",pricing:positive;support:positive
2607,BookBridge,Accounting,2025-10-02,5,"Our team switched to BookBridge last spring. Great features, terrible price. Most of our team works remotely. It's cheaper than the alternatives we looked at. Overall a great experience.",features:positive;pricing:positive
2608,ClientOrbit,CRM,2025-05-15,5,We are a team of 251 people. Everything is where you expect it to be.,ease_of_use:positive
2609,SupportLoop,Help Desk,2024-01-24,1,Been on SupportLoop for 18 months. We mainly use it for the ticket routing. The per-seat pricing gets painful as you grow. Our account manager disappeared after we signed.,pricing:negative;support:negative
2610,MailMosaic,Email Marketing,2025-02-04,5,Been on MailMosaic for 18 months. We evaluated it against two competitors. The API is well designed.,integrations:positive
2611,InsightForge,Analytics,2025-06-22,2,Our team switched to InsightForge last spring. The onboarding guides were clear. The mobile app crashes constantly.,onboarding:positive;reliability:negative
2612,ChartCove,Analytics,2025-02-08,1,There is no phone support at all. Basic features are locked behind the enterprise plan. The setup documentation is outdated. Look elsewhere.,onboarding:negative;pricing:negative;support:negative
2613,InsightForge,Analytics,2025-06-13,1,We've used InsightForge for about a year. We are a team of 299 people. We had several outages during business hours.,reliability:negative
2614,InboxRocket,Email Marketing,2024-04-29,5,Our team switched to InboxRocket last spring. Live chat support is fast and friendly. Setup was quick and painless.,onboarding:positive;support:positive
2615,MailMosaic,Email Marketing,2024-07-25,4,Been on MailMosaic for 18 months. We are a team of 268 people. The Slack integration breaks every few weeks. Setup was fast and the interface is intuitive. Very frustrating experience.,ease_of_use:positive;integrations:negative;onboarding:positive
2616,HelpHive,Help Desk,2024-12-16,5,The interface is clean and easy to learn. The support team actually solves problems. The onboarding call was really useful. Highly recommend.,onboarding:positive;support:positive
2617,HelpHive,Help Desk,2024-04-24,3,The onboarding call was really useful. There is no phone support at all. The Salesforce integration works out of the box.,integrations:positive;onboarding:positive;support:negative
2618,ClientOrbit,CRM,2024-09-20,3,Been on ClientOrbit for 18 months. The contact management is intuitive. Support went above and beyond to fix our issue. Pages load instantly. Expensive and support is useless.,ease_of_use:positive;performance:positive;pricing:negative;support:negative;support:positive
2619,DealNest,CRM,2024-12-07,4,We had several outages during business hours. Connecting our existing tools took minutes.,integrations:positive;reliability:negative
2620,SendGarden,Email Marketing,2024-11-23,1,Our team switched to SendGarden last spring. We migrated from a legacy system. The mobile app crashes constantly. It crashes a lot and support never helps. The Slack integration breaks every few weeks.,integrations:negative;reliability:negative;support:negative
2621,ClientOrbit,CRM,2025-09-10,2,"We had several outages during business hours. The pipeline view takes ages to load. Navigation is simple and logical. Cheap, and the support team is lovely.",ease_of_use:positive;performance:negative;pricing:positive;reliability:negative;support:positive
2622,SupportLoop,Help Desk,2025-06-27,2,We evaluated it against two competitors. Setup was fast and the interface is intuitive. Reports time out when the data gets large. Rate limits on the API are far too strict. Would not recommend.,ease_of_use:positive;integrations:negative;onboarding:positive;performance:negative
2623,TaskHarbor,Project Management,2025-09-24,1,Our team switched to TaskHarbor last spring. We migrated from a legacy system. There is no way to customize the workload view.,features:negative
2624,ChartCove,Analytics,2025-09-27,5,Our team switched to ChartCove last spring. Our IT team handled the rollout. It's very easy to use day to day. New features ship regularly.,ease_of_use:positive;features:positive
2625,MetricMint,Analytics,2024-06-03,5,Our team switched to MetricMint last spring. Connecting our existing tools took minutes. It's very easy to use day to day. Support went above and beyond to fix our issue.,ease_of_use:positive;integrations:positive;support:positive
2626,Pipely,CRM,2024-03-15,3,"Our team switched to Pipely last spring. Most of our team works remotely. Easy to use, but it gets slow with big projects. Our account manager is responsive and helpful. Search results come back in a blink.",ease_of_use:positive;performance:negative;performance:positive;support:positive
2627,DealNest,CRM,2024-07-15,5,Been on DealNest for 18 months. Connecting our existing tools took minutes.,integrations:positive
2628,BookBridge,Accounting,2024-02-02,1,Support takes days to reply. Highly recommend.,support:negative
2629,TicketTide,Help Desk,2024-10-16,1,We've used TicketTide for about a year. We had several outages during business hours. Search is so slow we stopped using it. Very frustrating experience.,performance:negative;reliability:negative
2630,Sprintly Pro,Project Management,2024-06-22,3,"Our team switched to Sprintly Pro last spring. Our IT team handled the rollout. Great value for money. The API is poorly documented. It just works, every single day.",integrations:negative;pricing:positive;reliability:positive
2631,LedgerLeaf,Accounting,2025-02-22,5,We've used LedgerLeaf for about a year. We were up and running in a day. The invoicing alone is worth it. Would recommend to any growing team.,features:positive;onboarding:positive
2632,MetricMint,Analytics,2024-03-04,5,"Our team switched to MetricMint last spring. Our IT team handled the rollout. Fast, stable and never down. Whenever we got stuck, support had an answer the same day. The automation options are powerful. It integrates smoothly with Slack and Google Workspace.",features:positive;integrations:positive;performance:positive;reliability:positive;support:positive
2633,MetricMint,Analytics,2025-01-20,1,Been on MetricMint for 18 months. Support takes days to reply. The mobile app crashes constantly. The setup documentation is outdated.,onboarding:negative;reliability:negative;support:negative
2634,BookBridge,Accounting,2024-11-19,1,Our team switched to BookBridge last spring. The tax reports is missing basic options. The mobile app crashes constantly. Not worth the money.,features:negative;pricing:negative;reliability:negative
2635,SupportLoop,Help Desk,2024-04-17,4,Our team switched to SupportLoop last spring. The knowledge base is buggy and loses data occasionally. The per-seat price is very reasonable. Onboarding was confusing and badly organized.,onboarding:negative;pricing:positive;reliability:negative
2636,LedgerLeaf,Accounting,2025-01-25,3,"Our team switched to LedgerLeaf last spring. Whenever we got stuck, support had an answer the same day. The learning curve is steep.",ease_of_use:negative;support:positive
2637,Pipely,CRM,2024-09-05,3,"Our team switched to Pipely last spring. It just works, every single day. Whenever we got stuck, support had an answer the same day. Search is so slow we stopped using it.",performance:negative;reliability:positive;support:positive
2638,MailMosaic,Email Marketing,2024-04-19,5,Our team switched to MailMosaic last spring. Setup was quick and painless. It integrates smoothly with Slack and Google Workspace. Live chat support is fast and friendly. Love it.,integrations:positive;onboarding:positive;support:positive
2639,InboxRocket,Email Marketing,2024-06-06,5,"Been on InboxRocket for 18 months. Most of our team works remotely. Not cheap, but worth every cent.",pricing:positive
2640,ChartCove,Analytics,2025-06-23,2,We've used ChartCove for about a year. We've had basically no downtime. Reporting is very limited. It handles our large datasets without slowing down.,features:negative;performance:positive;reliability:positive
2641,MetricMint,Analytics,2025-08-15,3,Our team switched to MetricMint last spring. We evaluated it against two competitors. Not worth the money. The support team actually solves problems. Connecting our existing tools took minutes.,integrations:positive;pricing:negative;support:positive
2642,Sprintly Pro,Project Management,2024-01-29,1,We've used Sprintly Pro for about a year. Support takes days to reply. Would not recommend.,support:negative
2643,DealNest,CRM,2025-06-22,5,Been on DealNest for 18 months. We are a team of 269 people. Importing our old data was easy. Overall a great experience.,onboarding:positive
2644,SendGarden,Email Marketing,2025-08-23,5,Been on SendGarden for 18 months. We migrated from a legacy system. The onboarding call was really useful. It handles our large datasets without slowing down. The API is well designed. Highly recommend.,integrations:positive;onboarding:positive;performance:positive
2645,TaskHarbor,Project Management,2025-07-01,2,Been on TaskHarbor for 18 months. We've had basically no downtime. The setup documentation is outdated.,onboarding:negative;reliability:positive
2646,BookBridge,Accounting,2024-05-27,3,"We've used BookBridge for about a year. Navigation is a maze. Easy to use, but it gets slow with big projects. Our account manager is responsive and helpful.",ease_of_use:negative;ease_of_use:positive;performance:negative;support:positive
2647,InboxRocket,Email Marketing,2025-07-31,5,"Been on InboxRocket for 18 months. Everything is where you expect it to be. Fast, stable and never down. Support went above and beyond to fix our issue. Overall a great experience.",ease_of_use:positive;performance:positive;reliability:positive;support:positive
2648,CountWise,Accounting,2024-10-26,2,We've used CountWise for about a year. We mainly use it for the tax reports. Hidden fees showed up on our second invoice. We were up and running in a day.,onboarding:positive;pricing:negative
2649,CountWise,Accounting,2025-05-24,5,I use it every day. Setup was quick and painless. Highly recommend.,onboarding:positive
2650,BookBridge,Accounting,2024-09-02,5,We've used BookBridge for about a year. It has every feature we need.,features:positive
2651,TicketTide,Help Desk,2025-09-05,1,The knowledge base takes ages to load. Importing our old data was a nightmare. We waited two weeks for a reply to a critical ticket. Overall a disappointment.,onboarding:negative;performance:negative;support:negative
2652,HelpHive,Help Desk,2024-01-09,2,Been on HelpHive for 18 months. It gets painfully slow with a few thousand records. The onboarding call was really useful. Syncing fails silently.,onboarding:positive;performance:negative;reliability:negative
2653,Pipely,CRM,2024-09-12,2,We've used Pipely for about a year. We are a team of 300 people. Connecting our existing tools took minutes. Search is so slow we stopped using it. Support went above and beyond to fix our issue. Look elsewhere.,integrations:positive;performance:negative;support:positive
2654,PlanBoard,Project Management,2024-03-24,5,Been on PlanBoard for 18 months. Reports are flexible and easy to customize. The onboarding call was really useful. Would recommend to any growing team.,features:positive;onboarding:positive
2655,TaskHarbor,Project Management,2025-05-15,3,We are a team of 33 people. Live chat support is fast and friendly. The setup documentation is outdated.,onboarding:negative;support:positive
2656,Sprintly Pro,Project Management,2024-01-24,2,It has every feature we need. Syncing with Google Calendar is unreliable. Pricing is fair for what you get. Would recommend to any growing team.,features:positive;integrations:negative;pricing:positive
2657,HelpHive,Help Desk,2025-07-19,5,Our team switched to HelpHive last spring. We are a team of 278 people. Even our non-technical staff picked it up quickly. The support team actually solves problems. We saved money by replacing two tools with it.,ease_of_use:positive;pricing:positive;support:positive
2658,MetricMint,Analytics,2025-04-09,5,It has every feature we need.,features:positive
2659,LedgerLeaf,Accounting,2025-03-23,4,Data syncs reliably. Pages load instantly. Rate limits on the API are far too strict.,integrations:negative;performance:positive;reliability:positive
2660,SendGarden,Email Marketing,2024-10-05,2,Our team switched to SendGarden last spring. We mainly use it for the segmentation. It crashes a lot and support never helps. Syncing with Google Calendar is unreliable. Our account manager is responsive and helpful.,integrations:negative;reliability:negative;support:negative;support:positive
2661,LedgerLeaf,Accounting,2024-10-07,5,"Our team switched to LedgerLeaf last spring. I use it every day. It's fast, even with thousands of records. We've had basically no downtime.",performance:positive;reliability:positive
2662,HelpHive,Help Desk,2024-01-03,4,"We've used HelpHive for about a year. It's very easy to use day to day. It gets painfully slow with a few thousand records. Fast, stable and never down. We've had basically no downtime. Love it.",ease_of_use:positive;performance:negative;performance:positive;reliability:positive
2663,ClientOrbit,CRM,2024-08-02,1,Been on ClientOrbit for 18 months. Reports time out when the data gets large. We needed a paid consultant just to get started.,onboarding:negative;performance:negative
2664,Pipely,CRM,2025-01-24,1,Our IT team handled the rollout. Support takes days to reply. Highly recommend.,support:negative
2665,Sprintly Pro,Project Management,2025-08-10,1,We've used Sprintly Pro for about a year. We mainly use it for the workload view. The API is poorly documented. The per-seat pricing gets painful as you grow. Look elsewhere.,integrations:negative;pricing:negative
2666,Pipely,CRM,2024-01-13,1,Been on Pipely for 18 months. The pipeline view takes ages to load. The setup documentation is outdated. The email sync is missing basic options.,features:negative;onboarding:negative;performance:negative
2667,InboxRocket,Email Marketing,2024-05-19,4,Our team switched to InboxRocket last spring. We mainly use it for the automation workflows. New features ship regularly. The per-seat pricing gets painful as you grow. Importing our old data was easy. Overall a great experience.,features:positive;onboarding:positive;pricing:negative
2668,TicketTide,Help Desk,2025-05-15,5,We've used TicketTide for about a year. We mainly use it for the live chat widget. The ticket routing is intuitive.,ease_of_use:positive
2669,MailMosaic,Email Marketing,2024-09-17,3,"We've used MailMosaic for about a year. Most of our team works remotely. Easy to use, but it gets slow with big projects. The segmentation is snappy. The mobile app crashes constantly. It has every feature we need. Look elsewhere.",ease_of_use:positive;features:positive;performance:negative;performance:positive;reliability:negative
2670,InboxRocket,Email Marketing,2024-02-28,5,Been on InboxRocket for 18 months. Most of our team works remotely. Search results come back in a blink.,performance:positive
2671,DealNest,CRM,2025-09-14,1,It takes far too many clicks to do simple things.,ease_of_use:negative
2672,PlanBoard,Project Management,2024-03-08,1,Our team switched to PlanBoard last spring. We are a team of 109 people. We needed a paid consultant just to get started. We had several outages during business hours. We waited two weeks for a reply to a critical ticket.,onboarding:negative;reliability:negative;support:negative
2673,BookBridge,Accounting,2024-12-18,5,Customer support answers within minutes. Overall a great experience.,support:positive
2674,InsightForge,Analytics,2025-07-09,1,Most of our team works remotely. Importing our old data was a nightmare. Syncing with Google Calendar is unreliable. It crashes a lot and support never helps. Hidden fees showed up on our second invoice.,integrations:negative;onboarding:negative;pricing:negative;reliability:negative;support:negative
2675,InboxRocket,Email Marketing,2025-06-30,4,Been on InboxRocket for 18 months. The onboarding guides were clear. The automation workflows is not intuitive at all. Key features from the demo still aren't available. Very frustrating experience.,ease_of_use:negative;features:negative;onboarding:positive
2676,Sprintly Pro,Project Management,2025-03-06,1,Been on Sprintly Pro for 18 months. We had several outages during business hours. Expensive and support is useless.,pricing:negative;reliability:negative;support:negative
2677,Pipely,CRM,2024-05-16,5,Been on Pipely for 18 months. The deal tracking is snappy. Would recommend to any growing team.,performance:positive
2678,SupportLoop,Help Desk,2024-12-03,2,Not a single outage in two years. Key features from the demo still aren't available. Would not recommend.,features:negative;reliability:positive
2679,CountWise,Accounting,2024-09-17,2,Been on CountWise for 18 months. We migrated from a legacy system. Importing our old data was a nightmare. Pricing is fair for what you get.,onboarding:negative;pricing:positive
2680,DealNest,CRM,2025-07-18,5,Been on DealNest for 18 months. We migrated from a legacy system. The automation options are powerful. Very frustrating experience.,features:positive
2681,CountWise,Accounting,2024-02-28,5,We've used CountWise for about a year. The support team actually solves problems. Everything is where you expect it to be. Overall a great experience.,ease_of_use:positive;support:positive
2682,PlanBoard,Project Management,2024-12-12,1,We've used PlanBoard for about a year. We migrated from a legacy system. Basic features are locked behind the enterprise plan.,pricing:negative
2683,PlanBoard,Project Management,2024-08-12,1,Our team switched to PlanBoard last spring. The Slack integration breaks every few weeks. Reports time out when the data gets large. Overall a disappointment.,integrations:negative;performance:negative
2684,SupportLoop,Help Desk,2025-03-15,5,Our team switched to SupportLoop last spring. The per-seat price is very reasonable. Overall a great experience.,pricing:positive
2685,HelpHive,Help Desk,2025-09-10,4,We've had basically no downtime. Navigation is a maze. Onboarding was confusing and badly organized.,ease_of_use:negative;onboarding:negative;reliability:positive
2686,MetricMint,Analytics,2025-09-16,5,We evaluated it against two competitors. It handles our large datasets without slowing down. Overall a great experience.,performance:positive
2687,MetricMint,Analytics,2024-03-01,1,Been on MetricMint for 18 months. Syncing fails silently. Reporting is very limited. The setup documentation is outdated.,features:negative;onboarding:negative;reliability:negative
2688,HelpHive,Help Desk,2025-03-31,5,We were up and running in a day. It handles our large datasets without slowing down.,onboarding:positive;performance:positive
2689,TaskHarbor,Project Management,2024-09-20,1,We evaluated it against two competitors. It gets painfully slow with a few thousand records. We needed a paid consultant just to get started. Would not recommend.,onboarding:negative;performance:negative
2690,Sprintly Pro,Project Management,2024-05-29,5,Our team switched to Sprintly Pro last spring. We've had basically no downtime. It integrates smoothly with Slack and Google Workspace. Highly recommend.,integrations:positive;reliability:positive
2691,ClientOrbit,CRM,2025-06-09,1,We've used ClientOrbit for about a year. They raised the price by 40% with almost no notice.,pricing:negative
2692,CountWise,Accounting,2024-01-09,5,We've used CountWise for about a year. The onboarding call was really useful. Great value for money. The invoicing is snappy.,onboarding:positive;performance:positive;pricing:positive
2693,Pipely,CRM,2024-03-08,2,"We've used Pipely for about a year. Data syncs reliably. Cheap, and the support team is lovely. We needed a paid consultant just to get started.",onboarding:negative;pricing:positive;reliability:positive;support:positive
2694,CountWise,Accounting,2025-03-13,5,"Our team switched to CountWise last spring. We are a team of 27 people. Whenever we got stuck, support had an answer the same day. It's fast, even with thousands of records.",performance:positive;support:positive
2695,HelpHive,Help Desk,2024-11-14,1,Been on HelpHive for 18 months. We migrated from a legacy system. Support takes days to reply. The setup documentation is outdated.,onboarding:negative;support:negative
2696,MetricMint,Analytics,2025-09-08,5,Our team switched to MetricMint last spring. Most of our team works remotely. Customer support answers within minutes. Everything is where you expect it to be.,ease_of_use:positive;support:positive
2697,InboxRocket,Email Marketing,2025-09-07,5,Setup was quick and painless. Never lost any data. The A/B testing is the best we've seen.,features:positive;onboarding:positive;reliability:positive
2698,Sprintly Pro,Project Management,2025-05-09,1,Most of our team works remotely. The API is poorly documented.,integrations:negative
2699,MetricMint,Analytics,2024-12-23,3,"Our team switched to MetricMint last spring. Our IT team handled the rollout. The setup documentation is outdated. It just works, every single day. Very frustrating experience.",onboarding:negative;reliability:positive
2700,MetricMint,Analytics,2024-07-19,1,We've used MetricMint for about a year. We mainly use it for the data connectors. The learning curve is steep.,ease_of_use:negative
2701,ClientOrbit,CRM,2024-10-12,5,Been on ClientOrbit for 18 months. Never lost any data.,reliability:positive
2702,ClientOrbit,CRM,2024-11-17,5,Been on ClientOrbit for 18 months. It handles our large datasets without slowing down. Data syncs reliably. The onboarding guides were clear.,onboarding:positive;performance:positive;reliability:positive
2703,Pipely,CRM,2024-08-24,1,We've used Pipely for about a year. Syncing fails silently.,reliability:negative
2704,SendGarden,Email Marketing,2024-02-15,1,Been on SendGarden for 18 months. Our IT team handled the rollout. There's no native integration with our accounting tool. Every update seems to break something. Would not recommend.,integrations:negative;reliability:negative
2705,Sprintly Pro,Project Management,2025-05-05,1,We've used Sprintly Pro for about a year. Support kept sending us canned answers. Way too expensive for what you get. Look elsewhere.,pricing:negative;support:negative
2706,MailMosaic,Email Marketing,2024-04-16,4,Our team switched to MailMosaic last spring. Great value for money. Our account manager is responsive and helpful. Setup was fast and the interface is intuitive. Navigation is a maze. Highly recommend.,ease_of_use:negative;ease_of_use:positive;onboarding:positive;pricing:positive;support:positive
2707,SendGarden,Email Marketing,2024-01-25,2,We've used SendGarden for about a year. We mainly use it for the automation workflows. Connecting our existing tools took minutes. The roadmap has been stuck for a year. Importing our old data was easy. Love it.,features:negative;integrations:positive;onboarding:positive
2708,Sprintly Pro,Project Management,2025-06-16,2,I use it every day. Great value for money. Reports time out when the data gets large. Our account manager disappeared after we signed.,performance:negative;pricing:positive;support:negative
2709,CountWise,Accounting,2025-04-01,3,We've used CountWise for about a year. Our IT team handled the rollout. The API is poorly documented. It crashes a lot and support never helps. Great value for money. Would recommend to any growing team.,integrations:negative;pricing:positive;reliability:negative;support:negative
2710,MetricMint,Analytics,2025-01-11,5,Been on MetricMint for 18 months. The onboarding guides were clear. Our account manager is responsive and helpful. Would recommend to any growing team.,onboarding:positive;support:positive
2711,MailMosaic,Email Marketing,2025-01-05,1,Our team switched to MailMosaic last spring. Onboarding was confusing and badly organized.,onboarding:negative
2712,InsightForge,Analytics,2024-11-09,1,The Slack integration breaks every few weeks.,integrations:negative
2713,BookBridge,Accounting,2024-05-24,1,Been on BookBridge for 18 months. We needed a paid consultant just to get started.,onboarding:negative
2714,InboxRocket,Email Marketing,2025-02-11,1,We've used InboxRocket for about a year. We had several outages during business hours. Our account manager disappeared after we signed. Very frustrating experience.,reliability:negative;support:negative
2715,HelpHive,Help Desk,2024-05-03,5,I use it every day. Importing our old data was easy. The Salesforce integration works out of the box. Navigation is simple and logical. Would recommend to any growing team.,ease_of_use:positive;integrations:positive;onboarding:positive
2716,MetricMint,Analytics,2025-04-18,1,Been on MetricMint for 18 months. We evaluated it against two competitors. Our account manager disappeared after we signed. The Slack integration breaks every few weeks. Would not recommend.,integrations:negative;support:negative
2717,InboxRocket,Email Marketing,2024-09-19,1,Been on InboxRocket for 18 months. I use it every day. They raised the price by 40% with almost no notice. Setup took weeks. Support takes days to reply.,onboarding:negative;pricing:negative;support:negative
2718,SupportLoop,Help Desk,2024-04-01,1,We've used SupportLoop for about a year. We evaluated it against two competitors. Navigation is a maze.,ease_of_use:negative
2719,Sprintly Pro,Project Management,2024-03-03,4,"Our team switched to Sprintly Pro last spring. Great features, terrible price. The workload view is missing basic options.",features:negative;features:positive;pricing:negative
2720,LedgerLeaf,Accounting,2024-11-10,3,Our team switched to LedgerLeaf last spring. We evaluated it against two competitors. Setup was fast and the interface is intuitive. Rate limits on the API are far too strict. Look elsewhere.,ease_of_use:positive;integrations:negative;onboarding:positive
2721,ClientOrbit,CRM,2025-01-17,1,Our team switched to ClientOrbit last spring. The per-seat pricing gets painful as you grow. The roadmap has been stuck for a year.,features:negative;pricing:negative
2722,DealNest,CRM,2025-01-02,1,We've used DealNest for about a year. Reports time out when the data gets large. Rate limits on the API are far too strict.,integrations:negative;performance:negative
2723,MetricMint,Analytics,2024-10-28,5,We've used MetricMint for about a year. We migrated from a legacy system. It's very easy to use day to day.,ease_of_use:positive
2724,PlanBoard,Project Management,2024-10-11,1,Search is so slow we stopped using it.,performance:negative
2725,LedgerLeaf,Accounting,2025-07-06,4,We've used LedgerLeaf for about a year. We evaluated it against two competitors. Not a single outage in two years. Key features from the demo still aren't available. The per-seat price is very reasonable.,features:negative;pricing:positive;reliability:positive
2726,CountWise,Accounting,2024-02-25,3,Been on CountWise for 18 months. The app freezes several times a day. It has every feature we need.,features:positive;performance:negative
2727,CountWise,Accounting,2025-02-04,1,We've used CountWise for about a year. Our IT team handled the rollout. Every update seems to break something.,reliability:negative
2728,CountWise,Accounting,2025-07-11,4,Our team switched to CountWise last spring. It integrates smoothly with Slack and Google Workspace. We were up and running in a day. We had several outages during business hours. Very frustrating experience.,integrations:positive;onboarding:positive;reliability:negative
2729,SendGarden,Email Marketing,2024-01-05,3,We've used SendGarden for about a year. Our IT team handled the rollout. The learning curve is steep. Data syncs reliably.,ease_of_use:negative;reliability:positive
2730,ClientOrbit,CRM,2025-03-08,3,Been on ClientOrbit for 18 months. The pipeline view is snappy. The learning curve is steep. The Salesforce integration works out of the box.,ease_of_use:negative;integrations:positive;performance:positive
2731,TicketTide,Help Desk,2024-01-11,5,"Most of our team works remotely. It's very easy to use day to day. The API is well designed. Cheap, and the support team is lovely. The onboarding call was really useful. Overall a great experience.",ease_of_use:positive;integrations:positive;onboarding:positive;pricing:positive;support:positive
2732,Sprintly Pro,Project Management,2024-02-24,3,Been on Sprintly Pro for 18 months. Zapier support covers everything else we need. Key features from the demo still aren't available.,features:negative;integrations:positive
2733,Pipely,CRM,2025-03-25,5,We've used Pipely for about a year. Navigation is simple and logical.,ease_of_use:positive
2734,MailMosaic,Email Marketing,2024-11-08,2,We've used MailMosaic for about a year. Zapier support covers everything else we need. The free plan is generous. Reporting is very limited.,features:negative;integrations:positive;pricing:positive
2735,DealNest,CRM,2025-02-26,5,Been on DealNest for 18 months. Our IT team handled the rollout. Reports are flexible and easy to customize. Zapier support covers everything else we need. Search results come back in a blink.,features:positive;integrations:positive;performance:positive
2736,MailMosaic,Email Marketing,2024-02-04,2,We've used MailMosaic for about a year. We migrated from a legacy system. It takes far too many clicks to do simple things. Pages load instantly.,ease_of_use:negative;performance:positive
2737,CountWise,Accounting,2024-01-01,5,We've used CountWise for about a year. Setup was quick and painless. Live chat support is fast and friendly.,onboarding:positive;support:positive
2738,InboxRocket,Email Marketing,2024-07-18,5,"We've used InboxRocket for about a year. Whenever we got stuck, support had an answer the same day. It has every feature we need. The interface is clean and easy to learn. Overall a great experience.",ease_of_use:positive;features:positive;support:positive
2739,TicketTide,Help Desk,2025-06-30,4,Been on TicketTide for 18 months. Too basic for a growing team. Everything is where you expect it to be.,ease_of_use:positive;features:negative
2740,BookBridge,Accounting,2024-11-04,1,Been on BookBridge for 18 months. Too basic for a growing team. Syncing fails silently.,features:negative;reliability:negative
2741,SendGarden,Email Marketing,2025-02-25,1,Been on SendGarden for 18 months. The per-seat pricing gets painful as you grow. Highly recommend.,pricing:negative
2742,MailMosaic,Email Marketing,2025-06-20,1,Most of our team works remotely. Rate limits on the API are far too strict. Search is so slow we stopped using it. We waited two weeks for a reply to a critical ticket.,integrations:negative;performance:negative;support:negative
2743,LedgerLeaf,Accounting,2024-11-17,1,Our team switched to LedgerLeaf last spring. Rate limits on the API are far too strict. We waited two weeks for a reply to a critical ticket.,integrations:negative;support:negative
2744,MetricMint,Analytics,2024-01-16,4,We've used MetricMint for about a year. We evaluated it against two competitors. Pages load instantly. Syncing fails silently. It integrates smoothly with Slack and Google Workspace.,integrations:positive;performance:positive;reliability:negative
2745,InsightForge,Analytics,2024-03-10,1,We've used InsightForge for about a year. The data connectors is not intuitive at all. Expensive and support is useless.,ease_of_use:negative;pricing:negative;support:negative
2746,ClientOrbit,CRM,2024-03-28,1,Been on ClientOrbit for 18 months. It gets painfully slow with a few thousand records.,performance:negative
2747,SendGarden,Email Marketing,2025-03-12,1,We've used SendGarden for about a year. Importing our old data was a nightmare. Reports time out when the data gets large. We had several outages during business hours.,onboarding:negative;performance:negative;reliability:negative
2748,InsightForge,Analytics,2024-03-25,2,Been on InsightForge for 18 months. The dashboards is the best we've seen. Pages load instantly. They raised the price by 40% with almost no notice.,features:positive;performance:positive;pricing:negative
2749,InsightForge,Analytics,2025-06-13,1,Been on InsightForge for 18 months. The interface is cluttered and confusing.,ease_of_use:negative
2750,ChartCove,Analytics,2025-04-20,1,Been on ChartCove for 18 months. Our IT team handled the rollout. Support takes days to reply.,support:negative
2751,MailMosaic,Email Marketing,2024-02-21,5,Been on MailMosaic for 18 months. We migrated from a legacy system. The A/B testing is snappy. Importing our old data was easy.,onboarding:positive;performance:positive
2752,CountWise,Accounting,2024-01-28,1,Our team switched to CountWise last spring. It crashes a lot and support never helps. The invoicing takes ages to load. Syncing with Google Calendar is unreliable.,integrations:negative;performance:negative;reliability:negative;support:negative
2753,HelpHive,Help Desk,2024-11-18,3,"We've used HelpHive for about a year. The app freezes several times a day. Great features, terrible price.",features:positive;performance:negative;pricing:negative
2754,MailMosaic,Email Marketing,2024-07-25,5,Our team switched to MailMosaic last spring. We evaluated it against two competitors. New features ship regularly. Pricing is fair for what you get. Love it.,features:positive;pricing:positive
2755,ClientOrbit,CRM,2025-08-01,3,"We've used ClientOrbit for about a year. The onboarding call was really useful. Syncing fails silently. Fast, stable and never down. Look elsewhere.",onboarding:positive;performance:positive;reliability:negative;reliability:positive
2756,MailMosaic,Email Marketing,2024-11-15,4,We evaluated it against two competitors. Way too expensive for what you get. It handles our large datasets without slowing down. There is no way to customize the automation workflows. Look elsewhere.,features:negative;performance:positive;pricing:negative
2757,Sprintly Pro,Project Management,2025-02-14,2,"Our team switched to Sprintly Pro last spring. I use it every day. Easy to use, but it gets slow with big projects. Great value for money. The API is well designed. The learning curve is steep.",ease_of_use:negative;ease_of_use:positive;integrations:positive;performance:negative;pricing:positive
2758,MailMosaic,Email Marketing,2024-09-07,1,We've used MailMosaic for about a year. There is no phone support at all. The roadmap has been stuck for a year.,features:negative;support:negative
2759,Pipely,CRM,2024-09-30,2,Our team switched to Pipely last spring. Setup was quick and painless. It costs twice as much as the competitors.,onboarding:positive;pricing:negative
2760,HelpHive,Help Desk,2024-08-05,5,Our team switched to HelpHive last spring. We evaluated it against two competitors. It has every feature we need. Connecting our existing tools took minutes. Navigation is simple and logical. Overall a great experience.,ease_of_use:positive;features:positive;integrations:positive
2761,ChartCove,Analytics,2025-03-30,5,Been on ChartCove for 18 months. Connecting our existing tools took minutes.,integrations:positive
2762,DealNest,CRM,2024-02-20,1,We've used DealNest for about a year. Our IT team handled the rollout. Rate limits on the API are far too strict. It gets painfully slow with a few thousand records.,integrations:negative;performance:negative
2763,Sprintly Pro,Project Management,2025-05-05,5,"Been on Sprintly Pro for 18 months. The Gantt chart alone is worth it. Whenever we got stuck, support had an answer the same day. Even our non-technical staff picked it up quickly.",ease_of_use:positive;features:positive;support:positive
2764,Sprintly Pro,Project Management,2025-03-18,2,"I use it every day. Search is so slow we stopped using it. Cheap, and the support team is lovely.",performance:negative;pricing:positive;support:positive
2765,PlanBoard,Project Management,2024-04-17,4,Support takes days to reply. The API is great but the pricing tiers are confusing and steep. The workload view is snappy.,integrations:positive;performance:positive;pricing:negative;support:negative
2766,InboxRocket,Email Marketing,2025-03-12,1,The interface is cluttered and confusing. Syncing with Google Calendar is unreliable. Syncing fails silently. Very frustrating experience.,ease_of_use:negative;integrations:negative;reliability:negative
2767,MailMosaic,Email Marketing,2024-03-01,5,Most of our team works remotely. Pages load instantly. New features ship regularly. Never lost any data. Would recommend to any growing team.,features:positive;performance:positive;reliability:positive
2768,MailMosaic,Email Marketing,2024-10-25,2,We are a team of 229 people. It's cheaper than the alternatives we looked at. The API is poorly documented.,integrations:negative;pricing:positive
2769,TaskHarbor,Project Management,2025-05-12,5,Our team switched to TaskHarbor last spring. I use it every day. The API is well designed. Pages load instantly. Never lost any data.,integrations:positive;performance:positive;reliability:positive
2770,CountWise,Accounting,2024-08-20,5,"Been on CountWise for 18 months. The support team actually solves problems. It's fast, even with thousands of records. Overall a great experience.",performance:positive;support:positive
2771,InsightForge,Analytics,2024-08-28,5,Our team switched to InsightForge last spring. Customer support answers within minutes. It handles our large datasets without slowing down. The interface is clean and easy to learn. Love it.,ease_of_use:positive;performance:positive;support:positive
2772,Pipely,CRM,2025-03-31,5,"We've used Pipely for about a year. The automation options are powerful. Whenever we got stuck, support had an answer the same day.",features:positive;support:positive
2773,PlanBoard,Project Management,2024-11-27,2,"Navigation is simple and logical. Great features, terrible price. Setup took weeks. Highly recommend.",ease_of_use:positive;features:positive;onboarding:negative;pricing:negative
2774,Pipely,CRM,2024-04-11,2,Our team switched to Pipely last spring. We evaluated it against two competitors. Navigation is simple and logical. The automation options are powerful. Our account manager disappeared after we signed.,ease_of_use:positive;features:positive;support:negative
2775,TaskHarbor,Project Management,2024-02-02,2,Our team switched to TaskHarbor last spring. The Slack integration breaks every few weeks. We were up and running in a day. Expensive and support is useless. Reports time out when the data gets large.,integrations:negative;onboarding:positive;performance:negative;pricing:negative;support:negative
2776,TicketTide,Help Desk,2024-05-13,1,Our team switched to TicketTide last spring. We had several outages during business hours. There is no way to customize the shared inbox. We needed a paid consultant just to get started.,features:negative;onboarding:negative;reliability:negative
2777,SendGarden,Email Marketing,2024-11-01,4,Most of our team works remotely. The roadmap has been stuck for a year. The learning curve is steep. Importing our old data was easy. Overall a great experience.,features:negative;onboarding:positive
2778,SendGarden,Email Marketing,2025-03-26,3,"Our team switched to SendGarden last spring. Cheap, and the support team is lovely. Connecting our existing tools took minutes. Search is so slow we stopped using it.",integrations:positive;performance:negative;pricing:positive;support:positive
2779,DealNest,CRM,2024-04-29,4,"Been on DealNest for 18 months. There is no phone support at all. Not a single outage in two years. The free plan is generous. Cheap, and the support team is lovely.",pricing:positive;reliability:positive;support:negative;support:positive
2780,PlanBoard,Project Management,2025-01-03,5,Navigation is simple and logical.,ease_of_use:positive
2781,HelpHive,Help Desk,2024-11-15,1,Our team switched to HelpHive last spring. The mobile app crashes constantly. Expensive and support is useless. Overall a disappointment.,pricing:negative;reliability:negative;support:negative
2782,BookBridge,Accounting,2024-09-11,1,Been on BookBridge for 18 months. I use it every day. Setup took weeks. It gets painfully slow with a few thousand records. There is no phone support at all.,onboarding:negative;performance:negative;support:negative
2783,LedgerLeaf,Accounting,2025-09-08,2,We've used LedgerLeaf for about a year. Reports are flexible and easy to customize. Syncing fails silently. It gets painfully slow with a few thousand records.,features:positive;performance:negative;reliability:negative
2784,Sprintly Pro,Project Management,2024-07-20,5,We evaluated it against two competitors. It handles our large datasets without slowing down. Live chat support is fast and friendly. Overall a great experience.,performance:positive;support:positive
2785,ClientOrbit,CRM,2024-03-19,5,Our team switched to ClientOrbit last spring. We migrated from a legacy system. Zapier support covers everything else we need. Not a single outage in two years. It's cheaper than the alternatives we looked at. Overall a great experience.,integrations:positive;pricing:positive;reliability:positive
2786,InsightForge,Analytics,2025-03-21,5,We evaluated it against two competitors. The dashboards is snappy. Love it.,performance:positive
2787,MetricMint,Analytics,2025-01-19,2,"Our team switched to MetricMint last spring. We mainly use it for the funnel analysis. Pages load instantly. Great features, terrible price. New features ship regularly.",features:positive;performance:positive;pricing:negative
2788,SendGarden,Email Marketing,2025-06-05,2,We evaluated it against two competitors. The A/B testing is intuitive. The setup documentation is outdated. Love it.,ease_of_use:positive;onboarding:negative
2789,ChartCove,Analytics,2025-03-27,1,Our team switched to ChartCove last spring. The setup documentation is outdated.,onboarding:negative
2790,CountWise,Accounting,2025-07-13,4,We've used CountWise for about a year. The API is great but the pricing tiers are confusing and steep. We migrated from a legacy system. The per-seat pricing gets painful as you grow.,integrations:positive;pricing:negative
2791,SupportLoop,Help Desk,2024-06-25,1,We've used SupportLoop for about a year. We mainly use it for the knowledge base. Setup took weeks. The Slack integration breaks every few weeks. Search is so slow we stopped using it.,integrations:negative;onboarding:negative;performance:negative
2792,MetricMint,Analytics,2024-01-14,5,Our team switched to MetricMint last spring. I use it every day. It handles our large datasets without slowing down. Not a single outage in two years. Reports are flexible and easy to customize. Highly recommend.,features:positive;performance:positive;reliability:positive
2793,MailMosaic,Email Marketing,2024-04-24,4,We've used MailMosaic for about a year. The API is poorly documented. The interface is clean and easy to learn. Reporting is very limited.,ease_of_use:positive;features:negative;integrations:negative
2794,Sprintly Pro,Project Management,2024-08-28,4,Our team switched to Sprintly Pro last spring. The automation options are powerful. There's no native integration with our accounting tool.,features:positive;integrations:negative
2795,LedgerLeaf,Accounting,2024-01-02,1,We are a team of 164 people. The app freezes several times a day.,performance:negative
2796,ClientOrbit,CRM,2024-09-10,4,"Been on ClientOrbit for 18 months. Onboarding was confusing and badly organized. It just works, every single day.",onboarding:negative;reliability:positive
2797,PlanBoard,Project Management,2025-09-23,1,We've used PlanBoard for about a year. There is no way to customize the kanban boards. Onboarding was confusing and badly organized. It gets painfully slow with a few thousand records.,features:negative;onboarding:negative;performance:negative
2798,InsightForge,Analytics,2024-10-20,4,"Our team switched to InsightForge last spring. Navigation is a maze. Great features, terrible price.",ease_of_use:negative;features:positive;pricing:negative
2799,Sprintly Pro,Project Management,2024-09-10,3,"We've used Sprintly Pro for about a year. The API is great but the pricing tiers are confusing and steep. It just works, every single day. The setup documentation is outdated.",integrations:positive;onboarding:negative;pricing:negative;reliability:positive
2800,MetricMint,Analytics,2025-06-17,4,Our team switched to MetricMint last spring. Onboarding was confusing and badly organized. Expensive and support is useless. It integrates smoothly with Slack and Google Workspace. Look elsewhere.,integrations:positive;onboarding:negative;pricing:negative;support:negative
2801,ClientOrbit,CRM,2025-01-02,5,We evaluated it against two competitors. Pricing is fair for what you get. Love it.,pricing:positive
2802,MailMosaic,Email Marketing,2024-10-19,5,"We've used MailMosaic for about a year. The free plan is generous. It just works, every single day. Navigation is simple and logical.",ease_of_use:positive;pricing:positive;reliability:positive
2803,LedgerLeaf,Accounting,2024-10-07,4,We've used LedgerLeaf for about a year. The onboarding guides were clear. The free plan is generous. The API is great but the pricing tiers are confusing and steep.,integrations:positive;onboarding:positive;pricing:negative;pricing:positive
2804,MetricMint,Analytics,2025-02-14,1,Been on MetricMint for 18 months. Not worth the money. We waited two weeks for a reply to a critical ticket. We had several outages during business hours.,pricing:negative;reliability:negative;support:negative
2805,SendGarden,Email Marketing,2024-04-29,1,The app freezes several times a day. Navigation is a maze. The A/B testing is buggy and loses data occasionally.,ease_of_use:negative;performance:negative;reliability:negative
2806,TicketTide,Help Desk,2024-09-23,1,Importing our old data was a nightmare. We had several outages during business hours. The live chat widget is missing basic options. Very frustrating experience.,features:negative;onboarding:negative;reliability:negative
2807,Pipely,CRM,2025-01-21,5,Been on Pipely for 18 months. Most of our team works remotely. The per-seat price is very reasonable. Would recommend to any growing team.,pricing:positive
2808,CountWise,Accounting,2024-09-20,1,Our team switched to CountWise last spring. We migrated from a legacy system. The API is poorly documented. Would not recommend.,integrations:negative
2809,SendGarden,Email Marketing,2025-09-25,2,"We've used SendGarden for about a year. Easy to use, but it gets slow with big projects. The Slack integration breaks every few weeks. Navigation is simple and logical. Would not recommend.",ease_of_use:positive;integrations:negative;performance:negative
2810,InboxRocket,Email Marketing,2024-09-19,5,Been on InboxRocket for 18 months. Customer support answers within minutes. Very frustrating experience.,support:positive
2811,ClientOrbit,CRM,2024-05-25,5,The Salesforce integration works out of the box. The deal tracking is snappy.,integrations:positive;performance:positive
2812,SupportLoop,Help Desk,2024-01-11,1,We've used SupportLoop for about a year. Our IT team handled the rollout. There is no way to customize the ticket routing. Customer support rarely fixes anything. The shared inbox is buggy and loses data occasionally.,features:negative;reliability:negative;support:negative
2813,CountWise,Accounting,2024-05-17,1,Been on CountWise for 18 months. Most of our team works remotely. Syncing fails silently. It takes far too many clicks to do simple things. Look elsewhere.,ease_of_use:negative;reliability:negative
2814,ChartCove,Analytics,2025-06-11,4,The API is well designed. Support kept sending us canned answers. It has every feature we need. Highly recommend.,features:positive;integrations:positive;support:negative
2815,BookBridge,Accounting,2024-11-09,1,Our IT team handled the rollout. Hidden fees showed up on our second invoice.,pricing:negative
2816,InboxRocket,Email Marketing,2024-03-17,2,Our team switched to InboxRocket last spring. They raised the price by 40% with almost no notice. New features ship regularly. Navigation is simple and logical.,ease_of_use:positive;features:positive;pricing:negative
2817,DealNest,CRM,2024-11-21,5,Been on DealNest for 18 months. It has every feature we need. The onboarding call was really useful. Live chat support is fast and friendly. Love it.,features:positive;onboarding:positive;support:positive
2818,HelpHive,Help Desk,2024-09-27,1,Our team switched to HelpHive last spring. Onboarding was confusing and badly organized. The Slack integration breaks every few weeks. The interface is cluttered and confusing.,ease_of_use:negative;integrations:negative;onboarding:negative
2819,ClientOrbit,CRM,2024-10-06,1,Been on ClientOrbit for 18 months. The setup documentation is outdated. The contact management takes ages to load. There is no phone support at all. Very frustrating experience.,onboarding:negative;performance:negative;support:negative
2820,SendGarden,Email Marketing,2025-06-02,4,"Been on SendGarden for 18 months. Great features, terrible price. Not worth the money.",features:positive;pricing:negative
2821,DealNest,CRM,2025-05-08,4,"We've used DealNest for about a year. Key features from the demo still aren't available. Support went above and beyond to fix our issue. Cheap, and the support team is lovely. Overall a disappointment.",features:negative;pricing:positive;support:positive
2822,SendGarden,Email Marketing,2025-03-10,5,Our team switched to SendGarden last spring. Support went above and beyond to fix our issue. Love it.,support:positive
2823,ClientOrbit,CRM,2024-12-03,4,Our team switched to ClientOrbit last spring. We are a team of 50 people. The API is well designed. It's very easy to use day to day. Our account manager disappeared after we signed.,ease_of_use:positive;integrations:positive;support:negative
2824,Pipely,CRM,2024-08-31,5,We've used Pipely for about a year. We evaluated it against two competitors. It handles our large datasets without slowing down. New features ship regularly. Live chat support is fast and friendly. Highly recommend.,features:positive;performance:positive;support:positive
2825,Sprintly Pro,Project Management,2025-02-13,5,The automation options are powerful. The support team actually solves problems.,features:positive;support:positive
2826,TicketTide,Help Desk,2025-08-07,3,Been on TicketTide for 18 months. We are a team of 161 people. Reports are flexible and easy to customize. Syncing fails silently. The Salesforce integration works out of the box.,features:positive;integrations:positive;reliability:negative
2827,ChartCove,Analytics,2024-04-05,5,Been on ChartCove for 18 months. We are a team of 28 people. Setup was quick and painless. The support team actually solves problems. Highly recommend.,onboarding:positive;support:positive
2828,ChartCove,Analytics,2024-08-09,5,"Been on ChartCove for 18 months. We migrated from a legacy system. Whenever we got stuck, support had an answer the same day.",support:positive
2829,SupportLoop,Help Desk,2025-05-31,5,Been on SupportLoop for 18 months. Even our non-technical staff picked it up quickly.,ease_of_use:positive
2830,TaskHarbor,Project Management,2024-01-11,5,Our team switched to TaskHarbor last spring. The interface is clean and easy to learn. It's cheaper than the alternatives we looked at. Would recommend to any growing team.,ease_of_use:positive;pricing:positive
2831,TicketTide,Help Desk,2024-03-28,1,The ticket routing takes ages to load. Reporting is very limited. Every update seems to break something.,features:negative;performance:negative;reliability:negative
2832,TicketTide,Help Desk,2025-09-26,1,Navigation is a maze.,ease_of_use:negative
2833,TicketTide,Help Desk,2025-01-09,5,"We evaluated it against two competitors. The support team actually solves problems. It's fast, even with thousands of records. Would recommend to any growing team.",performance:positive;support:positive
2834,DealNest,CRM,2025-05-31,4,The pipeline view alone is worth it. It gets painfully slow with a few thousand records. Overall a great experience.,features:positive;performance:negative
2835,ChartCove,Analytics,2024-11-25,5,Been on ChartCove for 18 months. Our account manager is responsive and helpful. Would recommend to any growing team.,support:positive
2836,Sprintly Pro,Project Management,2025-01-21,3,We've used Sprintly Pro for about a year. Most of our team works remotely. Our account manager is responsive and helpful. It takes far too many clicks to do simple things.,ease_of_use:negative;support:positive
2837,DealNest,CRM,2024-06-23,5,We've used DealNest for about a year. It has every feature we need.,features:positive
2838,DealNest,CRM,2024-06-27,2,We've used DealNest for about a year. The per-seat pricing gets painful as you grow. Customer support answers within minutes.,pricing:negative;support:positive
2839,TicketTide,Help Desk,2025-09-24,4,Our team switched to TicketTide last spring. It costs twice as much as the competitors. It takes far too many clicks to do simple things. We were up and running in a day. Would not recommend.,ease_of_use:negative;onboarding:positive;pricing:negative
2840,HelpHive,Help Desk,2024-03-17,5,We've used HelpHive for about a year. We mainly use it for the live chat widget. Even our non-technical staff picked it up quickly. Importing our old data was easy. Data syncs reliably. Would recommend to any growing team.,ease_of_use:positive;onboarding:positive;reliability:positive
2841,CountWise,Accounting,2024-05-31,1,Been on CountWise for 18 months. We migrated from a legacy system. Navigation is a maze.,ease_of_use:negative
2842,CountWise,Accounting,2024-06-22,2,Been on CountWise for 18 months. I use it every day. The expense tracking is snappy. Half of our team still can't find basic settings. Never lost any data.,ease_of_use:negative;performance:positive;reliability:positive
2843,PlanBoard,Project Management,2025-03-29,1,We mainly use it for the Gantt chart. There is no way to customize the Gantt chart. The time tracking takes ages to load.,features:negative;performance:negative
2844,ChartCove,Analytics,2024-07-15,1,We've used ChartCove for about a year. Most of our team works remotely. Key features from the demo still aren't available. The per-seat pricing gets painful as you grow.,features:negative;pricing:negative
2845,InsightForge,Analytics,2024-07-27,3,Been on InsightForge for 18 months. Not worth the money. We had several outages during business hours. The support team actually solves problems.,pricing:negative;reliability:negative;support:positive
2846,MailMosaic,Email Marketing,2024-01-11,3,Our team switched to MailMosaic last spring. It handles our large datasets without slowing down. There's no native integration with our accounting tool.,integrations:negative;performance:positive
2847,InsightForge,Analytics,2025-04-30,3,"Been on InsightForge for 18 months. We are a team of 11 people. Too basic for a growing team. Rate limits on the API are far too strict. Fast, stable and never down. It takes far too many clicks to do simple things. Very frustrating experience.",ease_of_use:negative;features:negative;integrations:negative;performance:positive;reliability:positive
2848,PlanBoard,Project Management,2024-04-05,1,Been on PlanBoard for 18 months. The time tracking takes ages to load. Our account manager disappeared after we signed. The Gantt chart is buggy and loses data occasionally. Would not recommend.,reliability:negative;support:negative
2849,PlanBoard,Project Management,2024-01-14,1,Been on PlanBoard for 18 months. We migrated from a legacy system. We waited two weeks for a reply to a critical ticket. The workload view is buggy and loses data occasionally.,reliability:negative;support:negative
2850,CountWise,Accounting,2025-07-29,3,"Our team switched to CountWise last spring. Great features, terrible price. We saved money by replacing two tools with it. Reports are flexible and easy to customize. Love it.",features:positive;pricing:negative;pricing:positive
2851,SupportLoop,Help Desk,2024-09-19,5,Been on SupportLoop for 18 months. We've had basically no downtime. Importing our old data was easy. Would recommend to any growing team.,onboarding:positive;reliability:positive
2852,BookBridge,Accounting,2024-11-25,5,Been on BookBridge for 18 months. Support went above and beyond to fix our issue. Search results come back in a blink.,performance:positive;support:positive
2853,DealNest,CRM,2024-09-18,3,We've used DealNest for about a year. We are a team of 158 people. They raised the price by 40% with almost no notice. The contact management is missing basic options. The contact management is intuitive.,ease_of_use:positive;features:negative;pricing:negative
2854,ChartCove,Analytics,2025-06-06,1,The setup documentation is outdated. The custom reports takes ages to load.,performance:negative
2855,ChartCove,Analytics,2024-09-18,5,Our team switched to ChartCove last spring. Most of our team works remotely. Live chat support is fast and friendly. Never lost any data. Setup was quick and painless. Overall a great experience.,onboarding:positive;reliability:positive;support:positive
2856,MailMosaic,Email Marketing,2025-07-07,5,Our team switched to MailMosaic last spring. Reports are flexible and easy to customize.,features:positive
2857,Pipely,CRM,2025-08-25,2,Been on Pipely for 18 months. I use it every day. Way too expensive for what you get. The API is well designed. New features ship regularly.,features:positive;integrations:positive;pricing:negative
2858,TicketTide,Help Desk,2025-02-26,1,We've used TicketTide for about a year. Our IT team handled the rollout. Navigation is a maze. Basic features are locked behind the enterprise plan. Would not recommend.,ease_of_use:negative;pricing:negative
2859,InboxRocket,Email Marketing,2025-09-26,4,"Been on InboxRocket for 18 months. It's fast, even with thousands of records. Onboarding was confusing and badly organized.",onboarding:negative;performance:positive
2860,BookBridge,Accounting,2024-08-31,3,Setup took weeks. The automation options are powerful. It's cheaper than the alternatives we looked at.,features:positive;onboarding:negative;pricing:positive
2861,CountWise,Accounting,2024-06-02,1,I use it every day. The app freezes several times a day. Look elsewhere.,performance:negative
2862,InsightForge,Analytics,2024-11-04,2,Been on InsightForge for 18 months. New features ship regularly. It integrates smoothly with Slack and Google Workspace. Support kept sending us canned answers.,features:positive;integrations:positive;support:negative
2863,MetricMint,Analytics,2024-12-20,4,It integrates smoothly with Slack and Google Workspace. Support takes days to reply. Love it.,integrations:positive;support:negative
2864,ClientOrbit,CRM,2025-01-05,1,Been on ClientOrbit for 18 months. The contact management is buggy and loses data occasionally. The API is poorly documented.,integrations:negative;reliability:negative
2865,InboxRocket,Email Marketing,2024-01-05,4,We migrated from a legacy system. Reports time out when the data gets large. It integrates smoothly with Slack and Google Workspace. Navigation is simple and logical.,integrations:positive;performance:negative
2866,BookBridge,Accounting,2024-01-17,1,We've used BookBridge for about a year. The bank reconciliation is buggy and loses data occasionally. Look elsewhere.,reliability:negative
2867,MailMosaic,Email Marketing,2024-01-12,5,Our team switched to MailMosaic last spring. The automation options are powerful. Never lost any data. Overall a great experience.,features:positive;reliability:positive
2868,Pipely,CRM,2024-03-25,5,"Been on Pipely for 18 months. Cheap, and the support team is lovely. Support went above and beyond to fix our issue. We were up and running in a day.",onboarding:positive;pricing:positive;support:positive
2869,Sprintly Pro,Project Management,2024-05-23,1,We've used Sprintly Pro for about a year. Every update seems to break something. Setup took weeks. It crashes a lot and support never helps.,onboarding:negative;reliability:negative;support:negative
2870,DealNest,CRM,2024-02-26,2,"Our team switched to DealNest last spring. Great features, terrible price. We migrated from a legacy system. They raised the price by 40% with almost no notice.",features:positive;pricing:negative
2871,Sprintly Pro,Project Management,2024-01-30,2,Our team switched to Sprintly Pro last spring. Onboarding was confusing and badly organized. Search results come back in a blink. Half of our team still can't find basic settings.,ease_of_use:negative;onboarding:negative;performance:positive
2872,TicketTide,Help Desk,2024-08-10,5,"Our team switched to TicketTide last spring. It's fast, even with thousands of records. Not cheap, but worth every cent. It integrates smoothly with Slack and Google Workspace. Love it.",integrations:positive;performance:positive;pricing:positive
2873,InsightForge,Analytics,2025-03-13,4,We've used InsightForge for about a year. The automation options are powerful. The data connectors is not intuitive at all. Setup was fast and the interface is intuitive. Very frustrating experience.,ease_of_use:negative;ease_of_use:positive;features:positive;onboarding:positive
2874,ChartCove,Analytics,2025-05-01,1,We've used ChartCove for about a year. Reports time out when the data gets large.,performance:negative
2875,ClientOrbit,CRM,2024-01-30,5,We've used ClientOrbit for about a year. Importing our old data was easy.,onboarding:positive
2876,MailMosaic,Email Marketing,2024-03-09,3,We evaluated it against two competitors. It costs twice as much as the competitors. Reports are flexible and easy to customize. Look elsewhere.,features:positive;pricing:negative
2877,Pipely,CRM,2025-10-01,5,Been on Pipely for 18 months. Setup was fast and the interface is intuitive. Our IT team handled the rollout. We've had basically no downtime.,ease_of_use:positive;onboarding:positive;reliability:positive
2878,DealNest,CRM,2024-06-19,3,We've used DealNest for about a year. I use it every day. Customer support answers within minutes. Reporting is very limited. The email sync is intuitive.,ease_of_use:positive;features:negative;support:positive
2879,HelpHive,Help Desk,2024-07-26,3,Been on HelpHive for 18 months. Support kept sending us canned answers. The roadmap has been stuck for a year. We saved money by replacing two tools with it.,features:negative;pricing:positive;support:negative
2880,LedgerLeaf,Accounting,2024-05-17,5,Our team switched to LedgerLeaf last spring. We migrated from a legacy system. Navigation is simple and logical. Very frustrating experience.,ease_of_use:positive
2881,MetricMint,Analytics,2025-08-17,4,"Our team switched to MetricMint last spring. Support takes days to reply. Great features, terrible price. Basic features are locked behind the enterprise plan. Connecting our existing tools took minutes.",features:positive;integrations:positive;pricing:negative;support:negative
2882,Sprintly Pro,Project Management,2025-02-09,2,We've used Sprintly Pro for about a year. Most of our team works remotely. It handles our large datasets without slowing down. Connecting our existing tools took minutes. The support team actually solves problems. The API is great but the pricing tiers are confusing and steep. Love it.,integrations:positive;performance:positive;pricing:negative;support:positive
2883,SupportLoop,Help Desk,2024-08-25,3,"We've used SupportLoop for about a year. We evaluated it against two competitors. The onboarding call was really useful. It just works, every single day. Easy to use, but it gets slow with big projects.",ease_of_use:positive;onboarding:positive;performance:negative;reliability:positive
2884,SendGarden,Email Marketing,2024-01-27,1,Our team switched to SendGarden last spring. I use it every day. Rate limits on the API are far too strict. The A/B testing is not intuitive at all. The app freezes several times a day. Overall a disappointment.,ease_of_use:negative;integrations:negative;performance:negative
2885,SendGarden,Email Marketing,2025-03-25,1,Been on SendGarden for 18 months. The API is poorly documented. Importing our old data was a nightmare. Overall a disappointment.,integrations:negative;onboarding:negative
2886,DealNest,CRM,2025-05-31,5,We've used DealNest for about a year. We migrated from a legacy system. The onboarding call was really useful. We saved money by replacing two tools with it. Search results come back in a blink. Overall a great experience.,onboarding:positive;performance:positive;pricing:positive
2887,SupportLoop,Help Desk,2024-06-30,5,We've used SupportLoop for about a year. It has every feature we need. Overall a great experience.,features:positive
2888,ClientOrbit,CRM,2025-07-31,1,Our team switched to ClientOrbit last spring. We evaluated it against two competitors. It takes far too many clicks to do simple things. Would recommend to any growing team.,ease_of_use:negative
2889,CountWise,Accounting,2024-10-31,1,We evaluated it against two competitors. We needed a paid consultant just to get started.,onboarding:negative
2890,MailMosaic,Email Marketing,2025-05-19,2,"Our team switched to MailMosaic last spring. Cheap, and the support team is lovely. Our IT team handled the rollout. The email editor is missing basic options. The app freezes several times a day. The onboarding call was really useful.",features:negative;onboarding:positive;performance:negative;pricing:positive;support:positive
2891,DealNest,CRM,2024-02-24,3,Our team switched to DealNest last spring. There is no way to customize the email sync. The per-seat price is very reasonable. Syncing fails silently. Overall a disappointment.,features:negative;pricing:positive;reliability:negative
2892,SendGarden,Email Marketing,2025-07-24,5,Been on SendGarden for 18 months. Connecting our existing tools took minutes.,integrations:positive
2893,MetricMint,Analytics,2025-07-26,5,We mainly use it for the custom reports. Even our non-technical staff picked it up quickly. New features ship regularly.,ease_of_use:positive;features:positive
2894,SupportLoop,Help Desk,2024-11-04,2,We've used SupportLoop for about a year. We needed a paid consultant just to get started. Search results come back in a blink. Would not recommend.,onboarding:negative;performance:positive
2895,DealNest,CRM,2024-10-23,4,We've used DealNest for about a year. We were up and running in a day. There is no way to customize the deal tracking. Half of our team still can't find basic settings.,ease_of_use:negative;features:negative;onboarding:positive
2896,SupportLoop,Help Desk,2024-10-19,3,Been on SupportLoop for 18 months. Our IT team handled the rollout. Support kept sending us canned answers. The free plan is generous. The onboarding call was really useful.,onboarding:positive;pricing:positive;support:negative
2897,LedgerLeaf,Accounting,2025-02-17,4,We've used LedgerLeaf for about a year. The app freezes several times a day. Even our non-technical staff picked it up quickly.,ease_of_use:positive;performance:negative
2898,ClientOrbit,CRM,2024-01-07,3,Been on ClientOrbit for 18 months. Our IT team handled the rollout. The pipeline view is intuitive. It gets painfully slow with a few thousand records.,ease_of_use:positive;performance:negative
2899,ChartCove,Analytics,2024-10-24,3,Been on ChartCove for 18 months. Our IT team handled the rollout. Everything is where you expect it to be. Our account manager disappeared after we signed. Rate limits on the API are far too strict.,ease_of_use:positive;integrations:negative;support:negative
2900,LedgerLeaf,Accounting,2025-02-07,1,Our team switched to LedgerLeaf last spring. Navigation is a maze. Too basic for a growing team. Very frustrating experience.,ease_of_use:negative;features:negative
2901,ChartCove,Analytics,2025-04-11,1,We've used ChartCove for about a year. We are a team of 235 people. The API is poorly documented.,
2902,SendGarden,Email Marketing,2024-02-06,1,Our team switched to SendGarden last spring. The automation workflows takes ages to load. Overall a disappointment.,
2903,TicketTide,Help Desk,2024-01-25,3,We've used TicketTide for about a year. The onboarding guides were clear. Way too expensive for what you get. It has every feature we need. Would recommend to any growing team.,
2904,TicketTide,Help Desk,2024-01-06,1,We've used TicketTide for about a year. Search is so slow we stopped using it. Not worth the money.,
2905,MailMosaic,Email Marketing,2024-12-31,1,Our team switched to MailMosaic last spring. The roadmap has been stuck for a year. There's no native integration with our accounting tool.,
2906,TicketTide,Help Desk,2024-04-01,4,Been on TicketTide for 18 months. We migrated from a legacy system. There is no way to customize the knowledge base. The onboarding call was really useful.,
2907,TicketTide,Help Desk,2025-07-28,4,We've used TicketTide for about a year. The app freezes several times a day. We've had basically no downtime.,
2908,LedgerLeaf,Accounting,2024-07-10,4,We've used LedgerLeaf for about a year. Support kept sending us canned answers. Data syncs reliably. There is no way to customize the tax reports.,
2909,ClientOrbit,CRM,2025-09-21,3,Most of our team works remotely. Even our non-technical staff picked it up quickly. Not worth the money.,
2910,Sprintly Pro,Project Management,2025-08-13,1,Our team switched to Sprintly Pro last spring. Syncing fails silently. Look elsewhere.,
2911,TaskHarbor,Project Management,2024-11-04,1,Our team switched to TaskHarbor last spring. Too basic for a growing team. It gets painfully slow with a few thousand records. Overall a disappointment.,
2912,DealNest,CRM,2024-03-06,1,We are a team of 15 people. It takes far too many clicks to do simple things.,
2913,ClientOrbit,CRM,2024-01-26,4,"Been on ClientOrbit for 18 months. We mainly use it for the deal tracking. It has every feature we need. It takes far too many clicks to do simple things. Fast, stable and never down.",
2914,DealNest,CRM,2025-02-05,1,Been on DealNest for 18 months. Setup took weeks. Look elsewhere.,
2915,InsightForge,Analytics,2024-10-19,4,"Been on InsightForge for 18 months. Great features, terrible price. Data syncs reliably. Even our non-technical staff picked it up quickly. Setup was quick and painless. Overall a great experience.",
2916,SupportLoop,Help Desk,2025-09-25,3,Been on SupportLoop for 18 months. Setup took weeks. Reports are flexible and easy to customize. Navigation is a maze.,
2917,MetricMint,Analytics,2025-02-14,3,Been on MetricMint for 18 months. We needed a paid consultant just to get started. Data syncs reliably. Our account manager is responsive and helpful. Overall a great experience.,
2918,MailMosaic,Email Marketing,2025-07-30,2,Been on MailMosaic for 18 months. Importing our old data was easy. Half of our team still can't find basic settings.,
2919,SendGarden,Email Marketing,2025-08-02,4,We migrated from a legacy system. The email editor is buggy and loses data occasionally. We saved money by replacing two tools with it. The API is poorly documented.,
2920,SupportLoop,Help Desk,2024-11-01,4,"We mainly use it for the live chat widget. Rate limits on the API are far too strict. The knowledge base is not intuitive at all. Great features, terrible price. Would not recommend.",
2921,SendGarden,Email Marketing,2024-08-14,2,"Our team switched to SendGarden last spring. There is no way to customize the segmentation. Not a single outage in two years. Cheap, and the support team is lovely.",
2922,CountWise,Accounting,2025-08-15,5,We've used CountWise for about a year. I use it every day. Connecting our existing tools took minutes.,
2923,MailMosaic,Email Marketing,2025-09-09,5,We've used MailMosaic for about a year. We were up and running in a day.,
2924,ClientOrbit,CRM,2024-07-15,3,Been on ClientOrbit for 18 months. The pipeline view is missing basic options. The API is great but the pricing tiers are confusing and steep. Look elsewhere.,
2925,TicketTide,Help Desk,2024-07-15,5,We've used TicketTide for about a year. Our IT team handled the rollout. It integrates smoothly with Slack and Google Workspace. We've had basically no downtime.,
2926,ClientOrbit,CRM,2025-02-22,3,We migrated from a legacy system. The per-seat pricing gets painful as you grow. It's very easy to use day to day. Highly recommend.,
2927,MailMosaic,Email Marketing,2025-02-02,1,Been on MailMosaic for 18 months. There is no way to customize the A/B testing. It gets painfully slow with a few thousand records.,
2928,HelpHive,Help Desk,2024-03-21,5,Zapier support covers everything else we need. Search results come back in a blink.,
2929,InsightForge,Analytics,2024-12-18,4,Our team switched to InsightForge last spring. Customer support answers within minutes. They raised the price by 40% with almost no notice.,
2930,InsightForge,Analytics,2024-04-23,1,Been on InsightForge for 18 months. We had several outages during business hours. The API is poorly documented. The roadmap has been stuck for a year. Overall a disappointment.,
2931,ClientOrbit,CRM,2024-07-11,1,Syncing with Google Calendar is unreliable. There is no way to customize the pipeline view.,
2932,DealNest,CRM,2025-03-18,2,Been on DealNest for 18 months. We are a team of 38 people. We've had basically no downtime. The support team actually solves problems. The pipeline view is not intuitive at all.,
2933,InboxRocket,Email Marketing,2024-11-12,4,We've used InboxRocket for about a year. We were up and running in a day. The segmentation takes ages to load.,
2934,LedgerLeaf,Accounting,2025-07-15,3,"Been on LedgerLeaf for 18 months. We evaluated it against two competitors. There's no native integration with our accounting tool. Cheap, and the support team is lovely.",
2935,BookBridge,Accounting,2024-11-17,1,Our team switched to BookBridge last spring. The Slack integration breaks every few weeks.,
2936,SendGarden,Email Marketing,2024-09-06,5,Most of our team works remotely. Never lost any data.,
2937,DealNest,CRM,2024-12-10,5,We've used DealNest for about a year. Zapier support covers everything else we need.,
2938,MetricMint,Analytics,2025-05-26,5,Reports are flexible and easy to customize. Connecting our existing tools took minutes. Overall a great experience.,
2939,MetricMint,Analytics,2024-12-01,4,Been on MetricMint for 18 months. We mainly use it for the funnel analysis. The API is great but the pricing tiers are confusing and steep. It integrates smoothly with Slack and Google Workspace. Would recommend to any growing team.,
2940,Sprintly Pro,Project Management,2024-12-22,4,"Our team switched to Sprintly Pro last spring. It's fast, even with thousands of records. Navigation is a maze.",
2941,SupportLoop,Help Desk,2024-01-11,1,We had several outages during business hours. Customer support rarely fixes anything. Would not recommend.,
2942,PlanBoard,Project Management,2025-08-09,5,Our team switched to PlanBoard last spring. Everything is where you expect it to be.,
2943,TicketTide,Help Desk,2024-08-19,5,Been on TicketTide for 18 months. Reports are flexible and easy to customize. Overall a great experience.,
2944,CountWise,Accounting,2025-01-02,1,We've used CountWise for about a year. Syncing with Google Calendar is unreliable. It gets painfully slow with a few thousand records. Look elsewhere.,
2945,SendGarden,Email Marketing,2025-01-15,3,Our team switched to SendGarden last spring. The email editor is buggy and loses data occasionally. The roadmap has been stuck for a year. The API is well designed. Very frustrating experience.,
2946,ChartCove,Analytics,2024-07-07,1,We've used ChartCove for about a year. We are a team of 10 people. They raised the price by 40% with almost no notice. The Slack integration breaks every few weeks. The roadmap has been stuck for a year. Look elsewhere.,
2947,Pipely,CRM,2024-02-12,1,Our team switched to Pipely last spring. Not worth the money. Syncing fails silently.,
2948,SendGarden,Email Marketing,2025-06-30,5,Our team switched to SendGarden last spring. It's cheaper than the alternatives we looked at. Not a single outage in two years. Look elsewhere.,
2949,Sprintly Pro,Project Management,2025-08-17,5,Been on Sprintly Pro for 18 months. We migrated from a legacy system. Pricing is fair for what you get. The kanban boards is snappy.,
2950,InboxRocket,Email Marketing,2025-03-13,4,"Been on InboxRocket for 18 months. Great features, terrible price. The interface is clean and easy to learn. The setup documentation is outdated.",
2951,HelpHive,Help Desk,2025-04-26,5,Been on HelpHive for 18 months. I use it every day. Connecting our existing tools took minutes.,
2952,CountWise,Accounting,2025-03-15,5,Pages load instantly. Would recommend to any growing team.,
2953,InboxRocket,Email Marketing,2025-06-12,5,Our team switched to InboxRocket last spring. We mainly use it for the A/B testing. The A/B testing is the best we've seen. It integrates smoothly with Slack and Google Workspace. Importing our old data was easy. Would recommend to any growing team.,
2954,MailMosaic,Email Marketing,2025-05-19,4,We've used MailMosaic for about a year. It crashes a lot and support never helps. The A/B testing alone is worth it. Overall a great experience.,
2955,SendGarden,Email Marketing,2024-05-02,1,Most of our team works remotely. There is no way to customize the automation workflows. Half of our team still can't find basic settings. Would not recommend.,
2956,InsightForge,Analytics,2025-01-02,4,"Our team switched to InsightForge last spring. Customer support answers within minutes. Great features, terrible price.",
2957,BookBridge,Accounting,2024-12-17,5,We've used BookBridge for about a year. We mainly use it for the invoicing. Our account manager is responsive and helpful.,
2958,BookBridge,Accounting,2024-02-13,1,Half of our team still can't find basic settings. Would not recommend.,
2959,Pipely,CRM,2024-06-08,2,"Been on Pipely for 18 months. Great features, terrible price. It gets painfully slow with a few thousand records.",
2960,PlanBoard,Project Management,2024-06-23,3,The onboarding call was really useful. The workload view takes ages to load. Customer support answers within minutes. Love it.,
2961,InsightForge,Analytics,2024-01-27,1,Most of our team works remotely. Support kept sending us canned answers.,
2962,ChartCove,Analytics,2024-04-16,5,"Been on ChartCove for 18 months. We migrated from a legacy system. It's fast, even with thousands of records. The Salesforce integration works out of the box. Everything is where you expect it to be. Fast, stable and never down.",
2963,CountWise,Accounting,2025-04-25,5,"We've used CountWise for about a year. We waited two weeks for a reply to a critical ticket. Not cheap, but worth every cent. It integrates smoothly with Slack and Google Workspace.",
2964,SupportLoop,Help Desk,2024-06-08,5,We've had basically no downtime. Setup was fast and the interface is intuitive. Would recommend to any growing team.,
2965,InsightForge,Analytics,2025-07-22,5,Been on InsightForge for 18 months. The dashboards is the best we've seen. Connecting our existing tools took minutes.,
2966,InsightForge,Analytics,2024-09-27,2,"We've used InsightForge for about a year. I use it every day. Easy to use, but it gets slow with big projects. The API is well designed. Hidden fees showed up on our second invoice.",
2967,MetricMint,Analytics,2025-09-12,1,I use it every day. It takes far too many clicks to do simple things. There's no native integration with our accounting tool. The dashboards is buggy and loses data occasionally.,
2968,SendGarden,Email Marketing,2024-12-19,3,Been on SendGarden for 18 months. Great value for money. There's no native integration with our accounting tool. Live chat support is fast and friendly.,
2969,MetricMint,Analytics,2025-08-29,3,"We've used MetricMint for about a year. They raised the price by 40% with almost no notice. Easy to use, but it gets slow with big projects.",
2970,TaskHarbor,Project Management,2024-01-20,5,Our team switched to TaskHarbor last spring. Data syncs reliably. Would recommend to any growing team.,
2971,CountWise,Accounting,2025-04-24,5,It's cheaper than the alternatives we looked at. Love it.,
2972,Pipely,CRM,2025-04-05,1,Been on Pipely for 18 months. The roadmap has been stuck for a year. Would not recommend.,
2973,BookBridge,Accounting,2024-11-19,2,"We've used BookBridge for about a year. We've had basically no downtime. Easy to use, but it gets slow with big projects. It's very easy to use day to day.",
2974,SupportLoop,Help Desk,2025-03-06,4,Our team switched to SupportLoop last spring. The interface is clean and easy to learn. Search is so slow we stopped using it.,
2975,ClientOrbit,CRM,2025-01-15,1,We mainly use it for the deal tracking. Onboarding was confusing and badly organized. Very frustrating experience.,
2976,MetricMint,Analytics,2025-07-22,1,We've used MetricMint for about a year. The roadmap has been stuck for a year. It takes far too many clicks to do simple things. Way too expensive for what you get.,
2977,MailMosaic,Email Marketing,2025-06-19,4,"Been on MailMosaic for 18 months. Reports time out when the data gets large. Whenever we got stuck, support had an answer the same day. Would not recommend.",
2978,HelpHive,Help Desk,2024-11-22,5,"Been on HelpHive for 18 months. Our IT team handled the rollout. Search results come back in a blink. It just works, every single day.",
2979,Pipely,CRM,2024-07-26,4,Been on Pipely for 18 months. We needed a paid consultant just to get started. Search results come back in a blink.,
2980,TicketTide,Help Desk,2025-05-17,5,"Setup was quick and painless. It handles our large datasets without slowing down. Cheap, and the support team is lovely.",
2981,PlanBoard,Project Management,2025-01-05,5,"Been on PlanBoard for 18 months. We migrated from a legacy system. Whenever we got stuck, support had an answer the same day. Navigation is simple and logical. Highly recommend.",
2982,LedgerLeaf,Accounting,2024-11-29,2,We've used LedgerLeaf for about a year. Hidden fees showed up on our second invoice. The API is great but the pricing tiers are confusing and steep. Look elsewhere.,
2983,CountWise,Accounting,2025-07-12,5,The automation options are powerful.,
2984,DealNest,CRM,2025-01-02,5,We've used DealNest for about a year. The free plan is generous. Never lost any data. Love it.,
2985,MetricMint,Analytics,2024-11-24,5,Been on MetricMint for 18 months. Never lost any data.,
2986,TaskHarbor,Project Management,2025-06-25,1,We've used TaskHarbor for about a year. We migrated from a legacy system. The roadmap has been stuck for a year.,
2987,BookBridge,Accounting,2025-06-05,5,Our team switched to BookBridge last spring. We saved money by replacing two tools with it.,
2988,ClientOrbit,CRM,2025-02-07,1,There's no native integration with our accounting tool. We had several outages during business hours. Would not recommend.,
2989,PlanBoard,Project Management,2024-03-29,4,"We've used PlanBoard for about a year. New features ship regularly. Whenever we got stuck, support had an answer the same day. Importing our old data was a nightmare. Cheap, and the support team is lovely.",
2990,LedgerLeaf,Accounting,2024-03-21,1,We waited two weeks for a reply to a critical ticket. Onboarding was confusing and badly organized. We had several outages during business hours.,
2991,CountWise,Accounting,2024-08-10,5,Been on CountWise for 18 months. Most of our team works remotely. The bank reconciliation is the best we've seen.,
2992,SendGarden,Email Marketing,2024-04-15,5,The API is well designed. Highly recommend.,
2993,SendGarden,Email Marketing,2025-02-27,4,We've used SendGarden for about a year. Way too expensive for what you get. Navigation is simple and logical.,
2994,MailMosaic,Email Marketing,2025-09-22,2,Been on MailMosaic for 18 months. The onboarding call was really useful. Syncing with Google Calendar is unreliable. Navigation is a maze.,
2995,CountWise,Accounting,2025-05-27,5,"We've used CountWise for about a year. Cheap, and the support team is lovely. Never lost any data. It integrates smoothly with Slack and Google Workspace.",
2996,DealNest,CRM,2024-08-22,3,"Our team switched to DealNest last spring. Cheap, and the support team is lovely. The setup documentation is outdated. The Slack integration breaks every few weeks.",
2997,DealNest,CRM,2024-06-04,5,We've used DealNest for about a year. We migrated from a legacy system. Even our non-technical staff picked it up quickly. New features ship regularly.,
2998,CountWise,Accounting,2024-11-06,1,I use it every day. The bank reconciliation is missing basic options.,
2999,BookBridge,Accounting,2024-10-29,1,Our team switched to BookBridge last spring. It takes far too many clicks to do simple things.,
3000,CountWise,Accounting,2025-07-29,5,Our team switched to CountWise last spring. It handles our large datasets without slowing down. We've had basically no downtime. Connecting our existing tools took minutes.,
