review_id,product,category,reviewer_role,company_size,date,rating,title,review_text,label
1,TicketTide,Help Desk,Data Analyst,1-10 employees,2025-08-13,4,Love it,We are a team of 263 people. The Slack integration breaks every few weeks. It integrates smoothly with Slack and Google Workspace.,positive
2,BookBridge,Accounting,HR Generalist,1000+ employees,2024-03-05,4,Love it,Most of our team works remotely. Permissions and roles are flexible enough for our structure. Definitely renewing.,positive
3,LedgerLeaf,Accounting,Finance Manager,51-200 employees,2025-04-04,1,Thoughts after one year,Importing our old data took three weeks and a consultant. Permissions are too rigid for a team our size.,negative
4,HelpHive,Help Desk,Product Owner,51-200 employees,2025-08-14,1,Not worth the price,"HelpHive looked great in the demo, the reality is different. We migrated from a legacy system. Way too expensive for what you get. Not worth the money at all. Cancelling was a nightmare, they kept charging us. Pricing is fair for what you get.",negative
5,StaffSpring,HR Software,HR Generalist,51-200 employees,2024-05-20,4,Huge time saver,"We migrated from a legacy system. Reports are easy to customize and share with management. The interface is clean and easy to learn, even for non-technical people. It replaced two other tools for us, which saved money.",positive
6,InsightForge,Analytics,Founder,501-1000 employees,2025-01-13,4,Two years in,"InsightForge looked great in the demo, the reality is different. We had several outages during business hours. The Slack integration breaks every few weeks. The interface is pretty, I'll give them that. Very frustrating experience.",positive
7,CountWise,Accounting,Sales Manager,1-10 employees,2024-01-01,4,Our experience with CountWise,"The interface is clean and easy to learn, even for non-technical people. Not bad at all once you get used to it. The only downside is that the bank reconciliation could be a bit faster. Would recommend to any growing team.",positive
8,LedgerLeaf,Accounting,Marketing Specialist,1-10 employees,2024-12-16,5,Solid and fast,We evaluated it against two competitors. Our account manager is responsive and genuinely helpful. No complaints about the tax reports. Reports are easy to customize and share with management.,positive
9,StaffSpring,HR Software,HR Generalist,501-1000 employees,2025-05-29,5,Easy to use and reliable,We are on the business plan. Permissions and roles are flexible enough for our structure. 5 stars from me.,positive
10,HelpHive,Help Desk,Product Owner,501-1000 employees,2024-12-18,5,Solid and fast,"Not bad at all once you get used to it. The mobile app could use some work, but it's fine.",positive
11,InboxRocket,Email Marketing,Office Manager,1-10 employees,2024-05-02,2,InboxRocket for a mid-sized team,Our team tried InboxRocket and it did not work out. We migrated from a legacy system. The templates are generic and mostly useless.,negative
12,InboxRocket,Email Marketing,Finance Manager,1000+ employees,2024-12-24,1,My take on InboxRocket,"InboxRocket looked great in the demo, the reality is different. Most of our team works remotely. The Slack integration breaks every few weeks. They raised the price by 40% with almost no notice. Setup took weeks and the onboarding was confusing. Save your money.",negative
13,PlanBoard,Project Management,HR Generalist,11-50 employees,2025-08-23,4,Two years in,The mobile app is surprisingly good.,positive
14,SupportLoop,Help Desk,Product Owner,1-10 employees,2025-07-23,5,SupportLoop review,"SupportLoop does exactly what we needed it to do. Our sales calls are shorter because everything is in one place. The mobile app is surprisingly good. It's fast, even with thousands of records. Half of our team refused to use it.",positive
15,DealNest,CRM,Data Analyst,501-1000 employees,2025-09-12,2,Not worth the price,"I wanted to like DealNest, but it has been a struggle. Setup itself was easy enough. The API is poorly documented and rate limits are strict.",negative
16,LedgerLeaf,Accounting,Customer Success Manager,1-10 employees,2024-09-03,1,Our experience with LedgerLeaf,Our account manager disappeared after we signed the contract. Not renewing.,negative
17,MailMosaic,Email Marketing,Marketing Specialist,1000+ employees,2025-03-17,4,MailMosaic for a mid-sized team,I've used MailMosaic for about two years now. No complaints about the automation workflows. Our account manager is responsive and genuinely helpful. Importing our old data took one afternoon. Great value.,positive
18,BookBridge,Accounting,CTO,1-10 employees,2024-07-04,4,Our experience with BookBridge,"BookBridge does exactly what we needed it to do. We migrated from a legacy system. I can't imagine going back to spreadsheets. It replaced two other tools for us, which saved money.",positive
19,TicketTide,Help Desk,Sales Manager,1000+ employees,2024-03-31,2,Our experience with TicketTide,It gets painfully slow once you have a few thousand records. It integrates smoothly with Slack and Google Workspace. Our managers still export everything to Excel. Save your money.,negative
20,InsightForge,Analytics,HR Generalist,11-50 employees,2024-10-23,5,Two years in,InsightForge has become a core part of our daily workflow. Reporting is very limited and hard to customize. Our sales calls are shorter because everything is in one place. The mobile app is surprisingly good. Would recommend to any growing team.,positive
21,InboxRocket,Email Marketing,Project Manager,1000+ employees,2025-03-18,1,Disappointed,The drag-and-drop editor is clunky and slow to load. Look elsewhere.,negative
22,StaffSpring,HR Software,Product Owner,51-200 employees,2025-03-17,5,Great tool for our team,We evaluated it against two competitors. The mobile app is surprisingly good.,positive
23,TaskHarbor,Project Management,CTO,11-50 employees,2024-12-31,5,Easy to use and reliable,The API is well designed and easy to work with. Reporting could be more flexible. Customer support answers within minutes and actually solves the problem. 5 stars from me.,positive
24,TaskHarbor,Project Management,HR Generalist,11-50 employees,2025-09-02,4,TaskHarbor review,"Our team adopted TaskHarbor after trying three other tools. We are a team of 50 people. It's fast, even with thousands of records. 5 stars from me.",positive
25,SendGarden,Email Marketing,Office Manager,11-50 employees,2025-05-16,1,Frustrating experience,"We used SendGarden for about eight months before cancelling. Most of our team works remotely. Our managers still export everything to Excel. Support staff are friendly, just not effective. Setup took weeks and the onboarding was confusing. We had several outages during business hours. Not renewing.",negative
26,TicketTide,Help Desk,Finance Manager,201-500 employees,2025-01-26,4,TicketTide for a mid-sized team,"The mobile app could use some work, but it's fine. Pricing is fair for what you get.",positive
27,DealNest,CRM,Project Manager,501-1000 employees,2024-07-23,1,Honest review,Our team tried DealNest and it did not work out. I use it every day. Documentation is thorough and up to date. Permissions are too rigid for a team our size. The mobile app crashes constantly. The templates are generic and mostly useless. Very frustrating experience.,negative
28,TicketTide,Help Desk,CTO,1-10 employees,2025-01-08,1,My take on TicketTide,"The interface is pretty, I'll give them that. Automations fail silently, so you never know what broke. Documentation is outdated and missing key details. Avoid if you can.",negative
29,Sprintly Pro,Project Management,Operations Lead,1000+ employees,2024-01-13,1,Not worth the price,We moved to Sprintly Pro last year and regret it. I can't imagine going back to spreadsheets. Search almost never finds what I'm looking for. Permissions are too rigid for a team our size. Our sales calls got longer because the data is scattered. Avoid if you can.,negative
30,StaffSpring,HR Software,Support Team Lead,1000+ employees,2025-02-13,4,Honest review,"StaffSpring has become a core part of our daily workflow. Most of our team works remotely. The onboarding checklists works exactly as advertised. Reporting could be more flexible. It replaced two other tools for us, which saved money.",positive
31,CountWise,Accounting,Operations Lead,51-200 employees,2025-05-09,4,Best accounting tool we've tried,The mobile app is surprisingly good. Hard to find anything they could improve. Basic features are locked behind the enterprise plan. Solid choice.,positive
32,CountWise,Accounting,CTO,501-1000 employees,2024-07-25,4,Easy to use and reliable,"Our team adopted CountWise after trying three other tools. Reliable, we've had basically no downtime. I can't imagine going back to spreadsheets. The bank reconciliation is buggy and loses data occasionally. 5 stars from me.",positive
33,ClientOrbit,CRM,Operations Lead,201-500 employees,2025-02-13,1,Disappointed,"Our IT team handled the rollout. Automations fail silently, so you never know what broke. The contact management is not intuitive at all.",negative
34,StaffSpring,HR Software,Founder,501-1000 employees,2025-04-24,2,Solid and fast,Customer support answers within minutes and actually solves the problem.,negative
35,MailMosaic,Email Marketing,HR Generalist,1000+ employees,2025-03-23,1,MailMosaic review,"I wanted to like MailMosaic, but it has been a struggle. Importing our old data took three weeks and a consultant. Customer support takes days to reply and rarely fixes anything. The mobile app crashes constantly. Save your money.",negative
36,PeoplePort,HR Software,HR Generalist,11-50 employees,2024-01-30,4,Solid and fast,"Our IT team handled the rollout. The payroll export is intuitive and saves us hours every week. Automations fail silently, so you never know what broke.",positive
37,InboxRocket,Email Marketing,Support Team Lead,51-200 employees,2025-05-31,1,Honest review,We are currently looking for an alternative to InboxRocket. We evaluated it against two competitors. Hard to find anything they do well.,negative
38,Pipely,CRM,Founder,1-10 employees,2024-08-06,4,Thoughts after one year,We migrated from a legacy system. Reporting could be more flexible. The sales reports works exactly as advertised. Hard to find anything they could improve.,positive
39,ClientOrbit,CRM,Finance Manager,11-50 employees,2024-04-21,4,Two years in,"We rolled out ClientOrbit to the whole team in under a week. Not cheap, but definitely worth it. It integrates smoothly with Slack and Google Workspace. I can't imagine going back to spreadsheets. The only downside is that the deal tracking could be a bit faster.",positive
40,Pipely,CRM,Operations Lead,1000+ employees,2025-02-18,4,Great tool for our team,"We evaluated it against two competitors. The free trial convinced the whole team. The interface is clean and easy to learn, even for non-technical people. Reporting could be more flexible. Solid choice.",positive
41,DealNest,CRM,Support Team Lead,501-1000 employees,2024-03-07,2,Best crm tool we've tried,We mainly use it for the deal tracking. I can't imagine going back to spreadsheets. Customer support answers within minutes and actually solves the problem.,negative
42,Pipely,CRM,Support Team Lead,501-1000 employees,2024-03-21,5,Two years in,"We rolled out Pipely to the whole team in under a week. Hard to find anything they could improve. The mobile app could use some work, but it's fine.",positive
43,LedgerLeaf,Accounting,Marketing Specialist,201-500 employees,2025-04-16,4,Solid and fast,"We switched to LedgerLeaf last year and haven't looked back. Not cheap, but definitely worth it. The free trial convinced the whole team. Pricing is fair for what you get. Great value.",positive
44,CountWise,Accounting,Data Analyst,11-50 employees,2024-11-30,5,Two years in,"It replaced two other tools for us, which saved money. My one complaint is the price for larger teams. Automations cut a lot of repetitive manual work. Would recommend to any growing team.",positive
45,DealNest,CRM,Sales Manager,11-50 employees,2025-09-06,4,Two years in,Importing our old data took one afternoon. My one complaint is the price for larger teams.,positive
46,ChartCove,Analytics,Founder,1000+ employees,2025-01-15,4,Great tool for our team,Our IT team handled the rollout. Not a single bug in the custom reports so far. Customer support answers within minutes and actually solves the problem. The only downside is that the funnel analysis could be a bit faster. I can't imagine going back to spreadsheets.,positive
47,PlanBoard,Project Management,Marketing Specialist,201-500 employees,2024-10-04,4,Thoughts after one year,Our sales calls are shorter because everything is in one place.,positive
48,SendGarden,Email Marketing,Data Analyst,51-200 employees,2025-04-16,1,My take on SendGarden,"SendGarden looked great in the demo, the reality is different. The automation workflows is not intuitive at all. Documentation is thorough and up to date. Look elsewhere.",negative
49,MetricMint,Analytics,Account Executive,1-10 employees,2025-05-09,4,Love it,We rolled out MetricMint to the whole team in under a week. We are on the business plan. The only downside is that the dashboards could be a bit faster. Not a single bug in the data connectors so far.,positive
50,TicketTide,Help Desk,HR Generalist,11-50 employees,2025-01-27,2,TicketTide review,We used TicketTide for about eight months before cancelling. Nothing about the live chat widget feels finished.,negative
51,TicketTide,Help Desk,Sales Manager,501-1000 employees,2025-05-16,5,Honest review,We are a team of 169 people. The free trial hid most of the problems. Importing our old data took one afternoon. Permissions and roles are flexible enough for our structure.,positive
52,MailMosaic,Email Marketing,Product Owner,51-200 employees,2025-06-07,5,MailMosaic for a mid-sized team,Not bad at all once you get used to it. The Slack integration breaks every few weeks. Pricing is fair for what you get. Solid choice.,positive
53,Pipely,CRM,Support Team Lead,11-50 employees,2024-08-14,2,Honest review,Way too expensive for what you get.,negative
54,DealNest,CRM,Office Manager,51-200 employees,2024-12-01,1,DealNest review,Pretty disappointed with DealNest overall. It gets painfully slow once you have a few thousand records. Setup itself was easy enough. Our managers still export everything to Excel. Avoid if you can.,negative
55,MailMosaic,Email Marketing,Marketing Specialist,501-1000 employees,2024-02-19,1,Our experience with MailMosaic,We are on the business plan. The A/B testing doesn't work as advertised. Nothing about the A/B testing feels finished. Our account manager disappeared after we signed the contract. Avoid if you can.,negative
56,HelpHive,Help Desk,Operations Lead,501-1000 employees,2024-02-16,5,Our experience with HelpHive,"Not cheap, but definitely worth it. Customer support answers within minutes and actually solves the problem. It's fast, even with thousands of records. Definitely renewing.",positive
57,Pipely,CRM,Project Manager,1000+ employees,2024-05-28,4,Pipely review,Pipely does exactly what we needed it to do. Permissions and roles are flexible enough for our structure. They raised the price by 40% with almost no notice. The mobile app is surprisingly good.,positive
58,ChartCove,Analytics,Operations Lead,11-50 employees,2025-02-27,1,Thoughts after one year,We moved to ChartCove last year and regret it. We are on the business plan. Hard to find anything they do well. They raised the price by 40% with almost no notice. Customer support takes days to reply and rarely fixes anything. Our team adoption was almost instant.,negative
59,PlanBoard,Project Management,Office Manager,201-500 employees,2024-06-28,2,Honest review,The idea behind the product is good. Our managers still export everything to Excel.,negative
60,TaskHarbor,Project Management,CTO,11-50 employees,2024-07-26,2,Thoughts after one year,Really happy with TaskHarbor overall. The free trial convinced the whole team. Our account manager is responsive and genuinely helpful.,negative
61,PlanBoard,Project Management,Marketing Specialist,1000+ employees,2024-01-30,1,PlanBoard review,Our team tried PlanBoard and it did not work out. We migrated from a legacy system. New features ship regularly and they listen to feedback. The kanban boards is clunky and slow to load. The free trial hid most of the problems. Permissions are too rigid for a team our size. Would not recommend.,negative
62,Pipely,CRM,Support Team Lead,1000+ employees,2025-01-28,5,Does the job really well,Pipely has become a core part of our daily workflow. No complaints about the contact management.,positive
63,Pipely,CRM,Customer Success Manager,51-200 employees,2025-09-08,4,Great tool for our team,"Pipely has become a core part of our daily workflow. It replaced two other tools for us, which saved money. The contact management works exactly as advertised. Reporting could be more flexible. 5 stars from me.",positive
64,BookBridge,Accounting,Marketing Specialist,201-500 employees,2025-08-29,2,BookBridge for a mid-sized team,"We are currently looking for an alternative to BookBridge. We mainly use it for the tax reports. The interface is cluttered and hard to navigate. It replaced two other tools for us, which saved money. Documentation is outdated and missing key details. Basic features are locked behind the enterprise plan. Not renewing.",negative
65,HelpHive,Help Desk,Founder,1000+ employees,2024-03-29,5,Easy to use and reliable,Our team adopted HelpHive after trying three other tools. Reporting could be more flexible. Hard to find anything they could improve.,positive
66,InboxRocket,Email Marketing,Customer Success Manager,501-1000 employees,2024-06-08,4,Great tool for our team,"Reliable, we've had basically no downtime. The mobile app is surprisingly good.",positive
67,InsightForge,Analytics,Product Owner,501-1000 employees,2024-06-07,2,Avoid this analytics tool,"Used InsightForge for a year, not renewing. We had several outages during business hours. Honestly, our old spreadsheet worked better.",negative
68,PeoplePort,HR Software,Founder,201-500 employees,2024-02-04,2,Our experience with PeoplePort,We evaluated it against two competitors. Permissions and roles are flexible enough for our structure. The PTO tracking doesn't work as advertised. Look elsewhere.,negative
69,DealNest,CRM,Data Analyst,1000+ employees,2025-03-07,1,"Looked good, isn't",Pretty disappointed with DealNest overall. Our account manager disappeared after we signed the contract. Look elsewhere.,negative
70,MetricMint,Analytics,Founder,201-500 employees,2025-04-11,2,Too many bugs,The idea behind the product is good. We had several outages during business hours. Reporting is very limited and hard to customize. The free trial hid most of the problems.,negative
71,ClientOrbit,CRM,Product Owner,201-500 employees,2025-06-08,2,Slow and clunky,"Not worth the money at all. The interface is pretty, I'll give them that. It never syncs correctly with our calendar. The pipeline view doesn't work as advertised. Would not recommend.",negative
72,ClientOrbit,CRM,Project Manager,11-50 employees,2024-11-06,1,Support is non-existent,"Used ClientOrbit for a year, not renewing. I use it every day. Cancelling was a nightmare, they kept charging us. The idea behind the product is good. Not renewing.",negative
73,StaffSpring,HR Software,Marketing Specialist,51-200 employees,2025-02-27,2,Disappointed,We are currently looking for an alternative to StaffSpring. The mobile app crashes constantly.,negative
74,SendGarden,Email Marketing,Product Owner,51-200 employees,2025-01-01,4,Slow and clunky,"Automations fail silently, so you never know what broke.",positive
75,PlanBoard,Project Management,Operations Lead,1-10 employees,2024-10-27,4,Great tool for our team,"PlanBoard has become a core part of our daily workflow. It's fast, even with thousands of records. Never had an issue with billing. The mobile app could use some work, but it's fine. 5 stars from me.",positive
76,HelpHive,Help Desk,Operations Lead,11-50 employees,2025-04-29,4,Our experience with HelpHive,Been a HelpHive customer for 18 months. I use it every day. New features ship regularly and they listen to feedback. The Slack integration breaks every few weeks. It integrates smoothly with Slack and Google Workspace. Permissions and roles are flexible enough for our structure.,positive
77,InboxRocket,Email Marketing,Customer Success Manager,1000+ employees,2024-01-30,4,Does the job really well,"Been a InboxRocket customer for 18 months. I use it every day. The automation workflows is intuitive and saves us hours every week. Not cheap, but definitely worth it. Hard to find anything they could improve. Great value.",positive
78,ClientOrbit,CRM,Office Manager,51-200 employees,2024-12-15,5,Easy to use and reliable,Customer support takes days to reply and rarely fixes anything. Our managers finally have visibility into what everyone is doing.,positive
79,InboxRocket,Email Marketing,Customer Success Manager,1000+ employees,2024-11-02,5,Does the job really well,"InboxRocket does exactly what we needed it to do. The interface is clean and easy to learn, even for non-technical people. It replaced two other tools for us, which saved money. Our managers still export everything to Excel. Hard to find anything they could improve.",positive
80,PlanBoard,Project Management,Office Manager,1000+ employees,2025-09-02,1,"Looked good, isn't","Most of our team works remotely. The interface is pretty, I'll give them that. Nothing about the task dependencies feels finished.",negative
81,PeoplePort,HR Software,Marketing Specialist,201-500 employees,2024-02-05,5,Best hr software tool we've tried,I've used PeoplePort for about two years now. I use it every day. The performance reviews is intuitive and saves us hours every week. 5 stars from me.,positive
82,TicketTide,Help Desk,HR Generalist,1-10 employees,2024-03-25,5,Solid and fast,We are a team of 64 people. Not bad at all once you get used to it. Pricing is fair for what you get. Never had an issue with billing.,positive
83,StaffSpring,HR Software,Account Executive,11-50 employees,2024-03-27,4,StaffSpring for a mid-sized team,We switched to StaffSpring last year and haven't looked back. We mainly use it for the PTO tracking. Reporting could be more flexible. The mobile app is surprisingly good.,positive
84,HelpHive,Help Desk,Data Analyst,1-10 employees,2024-11-19,4,My take on HelpHive,Reporting could be more flexible. Customer support answers within minutes and actually solves the problem. Definitely renewing.,positive
85,HelpHive,Help Desk,Data Analyst,51-200 employees,2025-08-21,1,Frustrating experience,"I wanted to like HelpHive, but it has been a struggle. I use it every day. Search almost never finds what I'm looking for. Honestly, our old spreadsheet worked better. Setup itself was easy enough.",negative
86,MailMosaic,Email Marketing,Account Executive,501-1000 employees,2025-05-26,5,Huge time saver,"There is a small learning curve at the start. It replaced two other tools for us, which saved money. Not cheap, but definitely worth it. Would recommend to any growing team.",positive
87,HelpHive,Help Desk,Finance Manager,501-1000 employees,2024-03-30,5,Great tool for our team,We evaluated it against two competitors. Not bad at all once you get used to it.,positive
88,BookBridge,Accounting,Marketing Specialist,11-50 employees,2024-02-15,1,My take on BookBridge,"The interface is pretty, I'll give them that. Not worth the money at all. Our managers still export everything to Excel. The bank reconciliation is buggy and loses data occasionally. Very frustrating experience.",negative
89,SendGarden,Email Marketing,Support Team Lead,501-1000 employees,2025-09-15,1,Our experience with SendGarden,"I wanted to like SendGarden, but it has been a struggle. We are a team of 180 people. Setup took weeks and the onboarding was confusing. Customer support takes days to reply and rarely fixes anything. Hard to find anything they do well.",negative
90,Sprintly Pro,Project Management,Office Manager,501-1000 employees,2025-02-06,1,Not worth the price,We are a team of 30 people. The time tracking is not intuitive at all. Hard to find anything they do well. Nothing about the kanban boards feels finished. Avoid if you can.,negative
91,Sprintly Pro,Project Management,Office Manager,1-10 employees,2025-04-27,1,Thoughts after one year,"Our team tried Sprintly Pro and it did not work out. Our IT team handled the rollout. Setup took weeks and the onboarding was confusing. Our account manager disappeared after we signed the contract. To be fair, the Gantt chart looks nice. The templates are generic and mostly useless.",negative
92,SupportLoop,Help Desk,Data Analyst,51-200 employees,2024-05-23,4,My take on SupportLoop,I've used SupportLoop for about two years now. The SLA tracking is intuitive and saves us hours every week. Highly recommend.,positive
93,InsightForge,Analytics,Marketing Specialist,201-500 employees,2024-06-01,2,Honest review,"We moved to InsightForge last year and regret it. Honestly, our old spreadsheet worked better. The interface is pretty, I'll give them that. We had several outages during business hours. Would not recommend.",negative
94,SupportLoop,Help Desk,Operations Lead,501-1000 employees,2025-05-03,4,My take on SupportLoop,"Really happy with SupportLoop overall. I use it every day. Not cheap, but definitely worth it. Definitely renewing.",positive
95,InsightForge,Analytics,HR Generalist,11-50 employees,2025-03-29,5,My take on InsightForge,The only downside is that the data connectors could be a bit faster. The API is well designed and easy to work with. The scheduled exports works exactly as advertised. Solid choice.,positive
96,ClientOrbit,CRM,Data Analyst,1000+ employees,2024-07-15,4,Huge time saver,"We rolled out ClientOrbit to the whole team in under a week. I use it every day. Reliable, we've had basically no downtime. The sales reports alone is worth the price. It integrates smoothly with Slack and Google Workspace.",positive
97,BookBridge,Accounting,Customer Success Manager,1-10 employees,2024-06-16,4,BookBridge review,"The interface is clean and easy to learn, even for non-technical people. Not a single bug in the expense tracking so far. It replaced two other tools for us, which saved money. Reporting could be more flexible.",positive
98,StaffSpring,HR Software,Account Executive,201-500 employees,2025-08-13,5,Easy to use and reliable,Been a StaffSpring customer for 18 months. Reports are easy to customize and share with management.,positive
99,MetricMint,Analytics,Sales Manager,1-10 employees,2024-04-08,4,Thoughts after one year,My one complaint is the price for larger teams. The mobile app is surprisingly good. Highly recommend.,positive
100,HireCanvas,HR Software,Marketing Specialist,501-1000 employees,2025-08-29,4,Our experience with HireCanvas,Reporting could be more flexible. The API is well designed and easy to work with. The performance reviews works exactly as advertised. The PTO tracking works exactly as advertised.,positive
101,TaskHarbor,Project Management,Sales Manager,51-200 employees,2025-06-13,5,Worth every penny,"We are a team of 203 people. Customer support answers within minutes and actually solves the problem. The interface is clean and easy to learn, even for non-technical people. Reporting could be more flexible. I can't imagine going back to spreadsheets.",positive
102,PlanBoard,Project Management,Office Manager,501-1000 employees,2024-09-29,1,Frustrating experience,We moved to PlanBoard last year and regret it. I use it every day. The team workload view is buggy and loses data occasionally. The idea behind the product is good. Setup took weeks and the onboarding was confusing.,negative
103,HireCanvas,HR Software,HR Generalist,51-200 employees,2024-03-27,5,Our experience with HireCanvas,"The mobile app could use some work, but it's fine. Reports are easy to customize and share with management. The org chart is intuitive and saves us hours every week. Solid choice.",positive
104,InboxRocket,Email Marketing,Operations Lead,501-1000 employees,2025-01-10,4,Love it,"I've used InboxRocket for about two years now. It replaced two other tools for us, which saved money. The API is well designed and easy to work with. Great value.",positive
105,InboxRocket,Email Marketing,Operations Lead,51-200 employees,2024-02-28,4,Two years in,We are on the business plan. Never had an issue with billing. Not bad at all once you get used to it. Not a single bug in the automation workflows so far. Definitely renewing.,positive
106,MetricMint,Analytics,Data Analyst,51-200 employees,2025-06-14,4,MetricMint for a mid-sized team,We had several outages during business hours. Never had an issue with billing. Solid choice.,positive
107,ClientOrbit,CRM,Account Executive,501-1000 employees,2025-09-13,2,My take on ClientOrbit,I use it every day. Our sales calls got longer because the data is scattered. Very frustrating experience.,negative
108,DealNest,CRM,Customer Success Manager,501-1000 employees,2024-09-05,2,My take on DealNest,"DealNest looked great in the demo, the reality is different. Most of our team works remotely. It never syncs correctly with our calendar. The email sync is clunky and slow to load. It's fast, even with thousands of records. Very frustrating experience.",negative
109,TicketTide,Help Desk,Data Analyst,1000+ employees,2024-12-25,2,Honest review,Our IT team handled the rollout. Permissions are too rigid for a team our size. The free trial hid most of the problems.,negative
110,MailMosaic,Email Marketing,Customer Success Manager,51-200 employees,2024-03-17,2,Not worth the price,"MailMosaic looked great in the demo, the reality is different. It gets painfully slow once you have a few thousand records. Our sales calls got longer because the data is scattered. Nothing about the list segmentation feels finished.",negative
111,InsightForge,Analytics,Office Manager,1000+ employees,2024-02-13,4,Does the job really well,"Our sales calls are shorter because everything is in one place. It replaced two other tools for us, which saved money. Documentation is thorough and up to date. Highly recommend.",positive
112,StaffSpring,HR Software,Founder,501-1000 employees,2024-05-04,4,Huge time saver,Not bad at all once you get used to it. There is a small learning curve at the start. The onboarding checklists is intuitive and saves us hours every week. Solid choice.,positive
113,TaskHarbor,Project Management,Data Analyst,1-10 employees,2024-12-23,5,TaskHarbor for a mid-sized team,"TaskHarbor has become a core part of our daily workflow. We migrated from a legacy system. The interface is clean and easy to learn, even for non-technical people. Not cheap, but definitely worth it. Would recommend to any growing team.",positive
114,Sprintly Pro,Project Management,Customer Success Manager,1-10 employees,2025-04-11,1,Thoughts after one year,We are currently looking for an alternative to Sprintly Pro. Search almost never finds what I'm looking for. Would not recommend.,negative
115,SupportLoop,Help Desk,HR Generalist,201-500 employees,2024-12-09,2,Two years in,"I wanted to like SupportLoop, but it has been a struggle. Most of our team works remotely. Support staff are friendly, just not effective. Nothing about the SLA tracking feels finished. Setup took weeks and the onboarding was confusing. Avoid if you can.",negative
116,InboxRocket,Email Marketing,CTO,501-1000 employees,2024-05-10,4,InboxRocket review,"We evaluated it against two competitors. It replaced two other tools for us, which saved money. The API is well designed and easy to work with. The only downside is that the A/B testing could be a bit faster.",positive
117,BookBridge,Accounting,Customer Success Manager,501-1000 employees,2024-09-09,5,Solid and fast,BookBridge does exactly what we needed it to do. Most of our team works remotely. Search almost never finds what I'm looking for. Permissions and roles are flexible enough for our structure.,positive
118,InboxRocket,Email Marketing,Office Manager,1-10 employees,2024-03-10,4,Love it,"The mobile app could use some work, but it's fine. Automations cut a lot of repetitive manual work. Highly recommend.",positive
119,BookBridge,Accounting,Sales Manager,1000+ employees,2025-04-18,2,Support is non-existent,"Pretty disappointed with BookBridge overall. Our IT team handled the rollout. Cancelling was a nightmare, they kept charging us. Importing our old data took three weeks and a consultant. Avoid if you can.",negative
120,Sprintly Pro,Project Management,Operations Lead,501-1000 employees,2025-05-24,5,Huge time saver,Sprintly Pro has become a core part of our daily workflow. We evaluated it against two competitors. New features ship regularly and they listen to feedback. My one complaint is the price for larger teams.,positive
121,HireCanvas,HR Software,Project Manager,201-500 employees,2025-02-07,4,Two years in,"We are a team of 61 people. The interface is clean and easy to learn, even for non-technical people. 5 stars from me.",positive
122,HireCanvas,HR Software,Operations Lead,1-10 employees,2025-07-26,1,Too many bugs,We are currently looking for an alternative to HireCanvas. Our managers still export everything to Excel. Save your money.,negative
123,TicketTide,Help Desk,Office Manager,201-500 employees,2024-08-31,5,TicketTide for a mid-sized team,"The interface is clean and easy to learn, even for non-technical people. The Slack integration breaks every few weeks.",positive
124,PeoplePort,HR Software,Marketing Specialist,1000+ employees,2024-06-07,5,Honest review,"PeoplePort does exactly what we needed it to do. It's fast, even with thousands of records.",positive
125,BookBridge,Accounting,HR Generalist,1-10 employees,2024-02-16,1,Support is non-existent,"Pretty disappointed with BookBridge overall. We migrated from a legacy system. Automations fail silently, so you never know what broke. The idea behind the product is good. Not renewing.",negative
126,DealNest,CRM,Product Owner,1000+ employees,2024-09-14,2,Avoid this crm tool,"DealNest looked great in the demo, the reality is different. Our account manager disappeared after we signed the contract. Hard to find anything they do well. Avoid if you can.",negative
127,PeoplePort,HR Software,Office Manager,51-200 employees,2024-11-23,5,Easy to use and reliable,We rolled out PeoplePort to the whole team in under a week. No complaints about the PTO tracking. New features ship regularly and they listen to feedback.,positive
128,Sprintly Pro,Project Management,Operations Lead,11-50 employees,2024-05-21,5,Does the job really well,We are a team of 25 people. Not bad at all once you get used to it. Documentation is thorough and up to date. The free trial convinced the whole team.,positive
129,InboxRocket,Email Marketing,Project Manager,201-500 employees,2024-01-10,1,"Looked good, isn't","Used InboxRocket for a year, not renewing. The drag-and-drop editor is not intuitive at all. The interface is pretty, I'll give them that. Would not recommend.",negative
130,PeoplePort,HR Software,Data Analyst,1-10 employees,2024-03-02,1,"Looked good, isn't","Used PeoplePort for a year, not renewing. Cancelling was a nightmare, they kept charging us. The org chart is buggy and loses data occasionally. The Slack integration breaks every few weeks. The free trial convinced the whole team.",negative
131,HireCanvas,HR Software,Data Analyst,51-200 employees,2025-07-22,5,Our experience with HireCanvas,The templates gave us a head start. Permissions and roles are flexible enough for our structure. Setup took weeks and the onboarding was confusing. Solid choice.,positive
132,BookBridge,Accounting,Data Analyst,1000+ employees,2024-04-25,4,Honest review,Really happy with BookBridge overall. I use it every day. Reports are easy to customize and share with management. Our account manager is responsive and genuinely helpful. The multi-currency support alone is worth the price.,positive
133,HireCanvas,HR Software,Founder,501-1000 employees,2024-06-24,2,Slow and clunky,The mobile app crashes constantly. Our managers still export everything to Excel.,negative
134,PlanBoard,Project Management,Account Executive,11-50 employees,2025-07-30,4,Our experience with PlanBoard,We switched to PlanBoard last year and haven't looked back. Reporting could be more flexible. No complaints about the kanban boards. Would recommend to any growing team.,positive
135,ClientOrbit,CRM,Customer Success Manager,1-10 employees,2024-12-30,1,Frustrating experience,We are a team of 134 people. The sales reports is not intuitive at all.,negative
136,BookBridge,Accounting,Support Team Lead,51-200 employees,2024-07-08,1,Slow and clunky,"Cancelling was a nightmare, they kept charging us. Search almost never finds what I'm looking for. Would not recommend.",negative
137,PlanBoard,Project Management,Data Analyst,1000+ employees,2025-09-06,2,Frustrating experience,"Our account manager disappeared after we signed the contract. Hard to find anything they could improve. Automations fail silently, so you never know what broke. The kanban boards is clunky and slow to load. Would not recommend.",negative
138,SendGarden,Email Marketing,Finance Manager,51-200 employees,2025-08-13,2,My take on SendGarden,"Our team tried SendGarden and it did not work out. Way too expensive for what you get. Honestly, our old spreadsheet worked better. Documentation is outdated and missing key details. Would not recommend.",negative
139,SendGarden,Email Marketing,Support Team Lead,1-10 employees,2024-07-23,1,Frustrating experience,"Used SendGarden for a year, not renewing. We are a team of 131 people. Customer support takes days to reply and rarely fixes anything. It gets painfully slow once you have a few thousand records. Support staff are friendly, just not effective. It never syncs correctly with our calendar. Very frustrating experience.",negative
140,InsightForge,Analytics,Founder,51-200 employees,2024-03-02,2,My take on InsightForge,Pretty disappointed with InsightForge overall. It gets painfully slow once you have a few thousand records. No complaints about the funnel analysis.,negative
141,StaffSpring,HR Software,Data Analyst,1-10 employees,2024-05-27,2,Avoid this hr software tool,"To be fair, the org chart looks nice. The API is poorly documented and rate limits are strict. Not renewing.",negative
142,HelpHive,Help Desk,Customer Success Manager,11-50 employees,2024-10-09,5,Does the job really well,"Pricing is fair for what you get. It integrates smoothly with Slack and Google Workspace. The mobile app could use some work, but it's fine.",positive
143,HelpHive,Help Desk,Data Analyst,51-200 employees,2024-05-19,4,My take on HelpHive,"We switched to HelpHive last year and haven't looked back. Most of our team works remotely. It replaced two other tools for us, which saved money. The shared inbox works exactly as advertised. The API is well designed and easy to work with.",positive
144,Pipely,CRM,Marketing Specialist,1-10 employees,2025-02-28,5,Pipely for a mid-sized team,"Pipely does exactly what we needed it to do. Not cheap, but definitely worth it. Great value.",positive
145,MetricMint,Analytics,Account Executive,51-200 employees,2024-06-09,5,Thoughts after one year,Our account manager is responsive and genuinely helpful. The dashboards is intuitive and saves us hours every week. 5 stars from me.,positive
146,Pipely,CRM,Product Owner,201-500 employees,2025-07-26,4,My take on Pipely,"We are on the business plan. It's fast, even with thousands of records. I can't imagine going back to spreadsheets. Our account manager is responsive and genuinely helpful.",positive
147,SupportLoop,Help Desk,Project Manager,1-10 employees,2025-07-10,5,Great tool for our team,We switched to SupportLoop last year and haven't looked back. No complaints about the shared inbox.,positive
148,LedgerLeaf,Accounting,Sales Manager,1-10 employees,2024-01-16,4,LedgerLeaf review,I use it every day. Setup was quick and the onboarding guides were clear. The API is well designed and easy to work with. Hard to find anything they could improve.,positive
149,ClientOrbit,CRM,CTO,201-500 employees,2024-08-09,2,Honest review,Our team tried ClientOrbit and it did not work out. It never syncs correctly with our calendar. Setup took weeks and the onboarding was confusing. The idea behind the product is good. Look elsewhere.,negative
150,LedgerLeaf,Accounting,Sales Manager,11-50 employees,2025-01-04,5,Solid and fast,Reporting could be more flexible. Permissions and roles are flexible enough for our structure. Solid choice.,positive
151,DealNest,CRM,Office Manager,1000+ employees,2025-02-10,5,Two years in,We are a team of 61 people. The mobile app is surprisingly good. The only downside is that the contact management could be a bit faster. Great value.,positive
152,TicketTide,Help Desk,Finance Manager,11-50 employees,2025-06-22,4,Our experience with TicketTide,I use it every day. The free trial convinced the whole team. 5 stars from me.,positive
153,MailMosaic,Email Marketing,CTO,1000+ employees,2024-06-30,5,Love it,Not a single bug in the list segmentation so far. Would recommend to any growing team.,positive
154,DealNest,CRM,Founder,201-500 employees,2025-02-23,5,Worth every penny,We switched to DealNest last year and haven't looked back. No complaints about the deal tracking. The deal tracking is intuitive and saves us hours every week. Our sales calls got longer because the data is scattered. Customer support answers within minutes and actually solves the problem. 5 stars from me.,positive
155,MetricMint,Analytics,Office Manager,51-200 employees,2025-04-11,2,MetricMint for a mid-sized team,"It never syncs correctly with our calendar. The dashboards is buggy and loses data occasionally. To be fair, the dashboards looks nice. Very frustrating experience.",negative
156,LedgerLeaf,Accounting,HR Generalist,1000+ employees,2024-08-16,5,Does the job really well,"LedgerLeaf does exactly what we needed it to do. The API is well designed and easy to work with. Not a single bug in the invoicing so far. Automations fail silently, so you never know what broke.",positive
157,BookBridge,Accounting,Office Manager,1000+ employees,2024-02-14,5,BookBridge for a mid-sized team,We migrated from a legacy system. They raised the price by 40% with almost no notice. Pricing is fair for what you get. Would recommend to any growing team.,positive
158,SupportLoop,Help Desk,Finance Manager,1000+ employees,2024-06-27,5,Does the job really well,We rolled out SupportLoop to the whole team in under a week. Our IT team handled the rollout. Not a single bug in the live chat widget so far. Permissions and roles are flexible enough for our structure. 5 stars from me.,positive
159,ChartCove,Analytics,HR Generalist,51-200 employees,2024-11-27,5,ChartCove review,No complaints about the funnel analysis. I can't imagine going back to spreadsheets. Our account manager is responsive and genuinely helpful. 5 stars from me.,positive
160,TicketTide,Help Desk,CTO,201-500 employees,2025-03-17,4,Our experience with TicketTide,The shared inbox alone is worth the price. The ticket routing is not intuitive at all.,positive
161,HireCanvas,HR Software,HR Generalist,201-500 employees,2025-05-23,1,Honest review,We used HireCanvas for about eight months before cancelling. The onboarding checklists is not intuitive at all. Would not recommend.,negative
162,PeoplePort,HR Software,Founder,501-1000 employees,2024-02-11,5,PeoplePort review,Our sales calls are shorter because everything is in one place. The mobile app crashes constantly. Our team adoption was almost instant.,positive
163,StaffSpring,HR Software,Sales Manager,501-1000 employees,2025-03-03,5,Two years in,We evaluated it against two competitors. There is a small learning curve at the start. The org chart works exactly as advertised. Solid choice.,positive
164,ChartCove,Analytics,Founder,1000+ employees,2024-02-22,4,Honest review,I've used ChartCove for about two years now. We evaluated it against two competitors. Automations cut a lot of repetitive manual work. Reporting could be more flexible.,positive
165,SupportLoop,Help Desk,Finance Manager,1000+ employees,2025-07-23,4,My take on SupportLoop,We evaluated it against two competitors. No complaints about the SLA tracking.,positive
166,PeoplePort,HR Software,Founder,1000+ employees,2024-05-07,1,PeoplePort review,"PeoplePort looked great in the demo, the reality is different. We evaluated it against two competitors. Documentation is outdated and missing key details. Save your money.",negative
167,Pipely,CRM,Product Owner,201-500 employees,2025-03-10,1,Pipely for a mid-sized team,"I use it every day. The interface is pretty, I'll give them that. Basic features are locked behind the enterprise plan. They raised the price by 40% with almost no notice. Documentation is outdated and missing key details.",negative
168,TaskHarbor,Project Management,Marketing Specialist,1000+ employees,2024-10-25,1,Our experience with TaskHarbor,"Used TaskHarbor for a year, not renewing. We evaluated it against two competitors. It gets painfully slow once you have a few thousand records. Our account manager disappeared after we signed the contract. Documentation is outdated and missing key details.",negative
169,PlanBoard,Project Management,Sales Manager,201-500 employees,2024-04-05,4,Best project management tool we've tried,I've used PlanBoard for about two years now. Not bad at all once you get used to it. Customer support answers within minutes and actually solves the problem. Reports are easy to customize and share with management.,positive
170,Sprintly Pro,Project Management,Marketing Specialist,1000+ employees,2024-11-03,4,Our experience with Sprintly Pro,There is a small learning curve at the start. The mobile app is surprisingly good. Definitely renewing.,positive
171,Pipely,CRM,Office Manager,1000+ employees,2024-05-15,4,Thoughts after one year,Pipely does exactly what we needed it to do. Our IT team handled the rollout. The sales reports works exactly as advertised. Reports are easy to customize and share with management. Highly recommend.,positive
172,InboxRocket,Email Marketing,Project Manager,11-50 employees,2024-04-29,1,Too many bugs,"They raised the price by 40% with almost no notice. Honestly, our old spreadsheet worked better.",negative
173,Sprintly Pro,Project Management,Support Team Lead,1000+ employees,2025-08-07,5,Our experience with Sprintly Pro,Our team adopted Sprintly Pro after trying three other tools. We are a team of 263 people. My one complaint is the price for larger teams. The task dependencies alone is worth the price. Not bad at all once you get used to it. Highly recommend.,positive
174,PlanBoard,Project Management,Support Team Lead,501-1000 employees,2024-03-04,1,Disappointed,Pretty disappointed with PlanBoard overall. Nothing about the team workload view feels finished. Reporting is very limited and hard to customize. Save your money.,negative
175,MetricMint,Analytics,Operations Lead,11-50 employees,2025-06-07,4,Great tool for our team,Our team adopted MetricMint after trying three other tools. Our team adoption was almost instant. I can't imagine going back to spreadsheets. Importing our old data took one afternoon. Great value.,positive
176,PeoplePort,HR Software,Customer Success Manager,201-500 employees,2024-04-04,4,PeoplePort for a mid-sized team,Our team adopted PeoplePort after trying three other tools. I can't imagine going back to spreadsheets. The org chart is intuitive and saves us hours every week. Way too expensive for what you get. Customer support answers within minutes and actually solves the problem.,positive
177,HireCanvas,HR Software,Office Manager,501-1000 employees,2024-11-02,2,"Looked good, isn't",Hard to find anything they do well. Our account manager disappeared after we signed the contract. The interface is cluttered and hard to navigate.,negative
178,HireCanvas,HR Software,Support Team Lead,201-500 employees,2024-12-16,5,Great tool for our team,Really happy with HireCanvas overall. The API is well designed and easy to work with. Great value.,positive
179,InsightForge,Analytics,Operations Lead,1-10 employees,2024-12-28,4,InsightForge review,Reporting is very limited and hard to customize. The free trial convinced the whole team. The data connectors is intuitive and saves us hours every week. Definitely renewing.,positive
180,SendGarden,Email Marketing,Marketing Specialist,51-200 employees,2024-06-20,1,"Looked good, isn't",Pretty disappointed with SendGarden overall. We migrated from a legacy system. Reporting is very limited and hard to customize.,negative
181,Sprintly Pro,Project Management,Office Manager,1-10 employees,2025-07-19,2,Avoid this project management tool,We migrated from a legacy system. The Gantt chart is buggy and loses data occasionally. Nothing about the team workload view feels finished. The kanban boards is clunky and slow to load. Look elsewhere.,negative
182,HireCanvas,HR Software,Sales Manager,1000+ employees,2025-05-25,1,Thoughts after one year,"Most of our team works remotely. Honestly, our old spreadsheet worked better. Automations fail silently, so you never know what broke. The performance reviews is not intuitive at all.",negative
183,SendGarden,Email Marketing,CTO,11-50 employees,2024-07-11,1,Frustrating experience,Importing our old data took one afternoon. It never syncs correctly with our calendar.,negative
184,CountWise,Accounting,Account Executive,501-1000 employees,2025-05-22,5,Two years in,"Really happy with CountWise overall. It replaced two other tools for us, which saved money. The only downside is that the tax reports could be a bit faster. Solid choice.",positive
185,MetricMint,Analytics,Support Team Lead,51-200 employees,2024-07-10,1,Avoid this analytics tool,They raised the price by 40% with almost no notice. Avoid if you can.,negative
186,SupportLoop,Help Desk,Support Team Lead,51-200 employees,2024-02-15,1,"Looked good, isn't",The knowledge base doesn't work as advertised. Automations cut a lot of repetitive manual work. The SLA tracking is not intuitive at all. Very frustrating experience.,negative
187,Sprintly Pro,Project Management,Data Analyst,51-200 employees,2024-12-28,1,Thoughts after one year,"Automations fail silently, so you never know what broke. It replaced two other tools for us, which saved money.",negative
188,BookBridge,Accounting,Finance Manager,51-200 employees,2024-12-24,4,Easy to use and reliable,Most of our team works remotely. Our team adoption was almost instant.,positive
189,MetricMint,Analytics,Founder,11-50 employees,2025-08-10,1,Disappointed,"The mobile app crashes constantly. Honestly, our old spreadsheet worked better. Would not recommend.",negative
190,StaffSpring,HR Software,Product Owner,1000+ employees,2025-01-28,2,Avoid this hr software tool,We evaluated it against two competitors. Basic features are locked behind the enterprise plan.,negative
191,BookBridge,Accounting,Project Manager,51-200 employees,2024-08-11,2,BookBridge for a mid-sized team,Documentation is outdated and missing key details. Permissions are too rigid for a team our size. The multi-currency support is not intuitive at all.,negative
192,DealNest,CRM,Support Team Lead,501-1000 employees,2025-07-03,1,Disappointed,"We moved to DealNest last year and regret it. Customer support takes days to reply and rarely fixes anything. Importing our old data took three weeks and a consultant. Support staff are friendly, just not effective. The templates are generic and mostly useless. Look elsewhere.",negative
193,PeoplePort,HR Software,HR Generalist,51-200 employees,2024-09-14,4,Great tool for our team,We are on the business plan. It integrates smoothly with Slack and Google Workspace. Reports are easy to customize and share with management. Never had an issue with billing. Solid choice.,positive
194,ClientOrbit,CRM,Support Team Lead,1000+ employees,2024-10-30,4,Best crm tool we've tried,"Been a ClientOrbit customer for 18 months. We evaluated it against two competitors. Reporting could be more flexible. It replaced two other tools for us, which saved money.",positive
195,PeoplePort,HR Software,Customer Success Manager,1-10 employees,2024-06-06,2,Slow and clunky,"We evaluated it against two competitors. Our team adoption was almost instant. Our account manager disappeared after we signed the contract. Cancelling was a nightmare, they kept charging us. Not worth the money at all. Would not recommend.",negative
196,SupportLoop,Help Desk,Operations Lead,1000+ employees,2024-10-11,2,SupportLoop for a mid-sized team,SupportLoop does exactly what we needed it to do. The live chat widget works exactly as advertised. Would recommend to any growing team.,negative
197,ChartCove,Analytics,Operations Lead,1-10 employees,2024-09-06,5,Solid and fast,"We rolled out ChartCove to the whole team in under a week. We are a team of 60 people. The mobile app could use some work, but it's fine. Never had an issue with billing. The dashboards is intuitive and saves us hours every week. Importing our old data took one afternoon.",positive
198,Sprintly Pro,Project Management,Finance Manager,501-1000 employees,2024-05-25,4,Solid and fast,"We evaluated it against two competitors. Search actually finds what I'm looking for. The interface is clean and easy to learn, even for non-technical people. New features ship regularly and they listen to feedback.",positive
199,DealNest,CRM,Office Manager,501-1000 employees,2025-02-27,4,Great tool for our team,Our team adopted DealNest after trying three other tools. We evaluated it against two competitors. Reporting could be more flexible. The pipeline view alone is worth the price.,positive
200,TicketTide,Help Desk,Sales Manager,501-1000 employees,2024-03-28,4,Great tool for our team,We mainly use it for the shared inbox. New features ship regularly and they listen to feedback. Our managers finally have visibility into what everyone is doing. The live chat widget works exactly as advertised.,positive
201,CountWise,Accounting,Product Owner,1000+ employees,2024-07-31,2,Slow and clunky,We are a team of 283 people. Importing our old data took three weeks and a consultant. The multi-currency support is clunky and slow to load.,negative
202,StaffSpring,HR Software,Project Manager,1-10 employees,2024-04-26,4,Disappointed,"We mainly use it for the PTO tracking. The Slack integration breaks every few weeks. Support staff are friendly, just not effective. Very frustrating experience.",positive
203,HireCanvas,HR Software,Product Owner,11-50 employees,2024-09-15,1,Two years in,We are currently looking for an alternative to HireCanvas. Documentation is outdated and missing key details. Setup took weeks and the onboarding was confusing. Would not recommend.,negative
204,InsightForge,Analytics,Support Team Lead,11-50 employees,2024-12-16,4,Support is non-existent,We used InsightForge for about eight months before cancelling. I can't imagine going back to spreadsheets. The templates are generic and mostly useless. Not worth the money at all. The API is poorly documented and rate limits are strict. Avoid if you can.,positive
205,MetricMint,Analytics,Sales Manager,1000+ employees,2024-09-23,4,My take on MetricMint,"We are on the business plan. Reports are easy to customize and share with management. New features ship regularly and they listen to feedback. The interface is clean and easy to learn, even for non-technical people. There is a small learning curve at the start.",positive
206,InboxRocket,Email Marketing,Office Manager,1000+ employees,2025-08-28,5,Two years in,"It replaced two other tools for us, which saved money. The only downside is that the drag-and-drop editor could be a bit faster.",positive
207,PlanBoard,Project Management,Project Manager,51-200 employees,2024-11-06,4,My take on PlanBoard,PlanBoard has become a core part of our daily workflow. We mainly use it for the kanban boards. Reporting could be more flexible. No complaints about the kanban boards.,positive
208,SendGarden,Email Marketing,Account Executive,11-50 employees,2024-03-15,1,Avoid this email marketing tool,"The automation workflows works exactly as advertised. Honestly, our old spreadsheet worked better. Documentation is outdated and missing key details.",negative
209,Pipely,CRM,Account Executive,11-50 employees,2024-12-29,4,Two years in,Pretty disappointed with Pipely overall. I use it every day. It never syncs correctly with our calendar. Look elsewhere.,positive
210,HelpHive,Help Desk,Sales Manager,1-10 employees,2024-04-11,1,Honest review,"We are on the business plan. Reporting is very limited and hard to customize. The interface is pretty, I'll give them that. They raised the price by 40% with almost no notice. It never syncs correctly with our calendar.",negative
211,StaffSpring,HR Software,Founder,201-500 employees,2024-03-03,1,Too many bugs,"Used StaffSpring for a year, not renewing. Importing our old data took three weeks and a consultant. Would not recommend.",negative
212,Pipely,CRM,HR Generalist,51-200 employees,2024-08-05,4,Love it,Pipely does exactly what we needed it to do. It never syncs correctly with our calendar. Our managers finally have visibility into what everyone is doing. Great value.,positive
213,Pipely,CRM,Product Owner,201-500 employees,2025-05-08,4,Easy to use and reliable,Pricing is fair for what you get. 5 stars from me.,positive
214,TicketTide,Help Desk,Finance Manager,1000+ employees,2024-03-24,2,Love it,"The templates gave us a head start. Reliable, we've had basically no downtime. The only downside is that the knowledge base could be a bit faster. The mobile app is surprisingly good.",negative
215,MailMosaic,Email Marketing,Account Executive,1000+ employees,2025-05-18,1,Honest review,Not worth the money at all. The drag-and-drop editor is buggy and loses data occasionally. New features ship regularly and they listen to feedback. Not renewing.,negative
216,PeoplePort,HR Software,Data Analyst,51-200 employees,2025-09-13,4,My take on PeoplePort,We migrated from a legacy system. Customer support takes days to reply and rarely fixes anything. Half of our team refused to use it. Setup was quick and the onboarding guides were clear. Look elsewhere.,positive
217,SendGarden,Email Marketing,Founder,51-200 employees,2025-08-06,5,My take on SendGarden,Our team adopted SendGarden after trying three other tools. Our sales calls are shorter because everything is in one place. The only downside is that the automation workflows could be a bit faster. The mobile app is surprisingly good. Would recommend to any growing team.,positive
218,PeoplePort,HR Software,Finance Manager,1000+ employees,2025-06-27,2,Not worth the price,We are currently looking for an alternative to PeoplePort. Most of our team works remotely. Way too expensive for what you get. Half of our team refused to use it. Never had an issue with billing.,negative
219,CountWise,Accounting,Office Manager,51-200 employees,2024-01-10,2,CountWise for a mid-sized team,We mainly use it for the multi-currency support. Half of our team refused to use it. The API is poorly documented and rate limits are strict. Our account manager is responsive and genuinely helpful.,negative
220,SendGarden,Email Marketing,Operations Lead,51-200 employees,2025-01-03,5,SendGarden review,"Not cheap, but definitely worth it. The free trial convinced the whole team. Great value.",positive
221,InboxRocket,Email Marketing,Customer Success Manager,501-1000 employees,2025-07-09,4,Solid and fast,Reports are easy to customize and share with management. Our managers finally have visibility into what everyone is doing.,positive
222,SupportLoop,Help Desk,Account Executive,51-200 employees,2024-09-18,1,Disappointed,"Used SupportLoop for a year, not renewing. They raised the price by 40% with almost no notice. The ticket routing is not intuitive at all. Basic features are locked behind the enterprise plan.",negative
223,TaskHarbor,Project Management,Sales Manager,11-50 employees,2024-08-23,2,Not worth the price,The team workload view is clunky and slow to load. Setup was quick and the onboarding guides were clear.,negative
224,Sprintly Pro,Project Management,Data Analyst,1-10 employees,2024-09-26,2,Two years in,"We moved to Sprintly Pro last year and regret it. We mainly use it for the Gantt chart. Honestly, our old spreadsheet worked better. Cancelling was a nightmare, they kept charging us. The idea behind the product is good. Would not recommend.",negative
225,PlanBoard,Project Management,Marketing Specialist,11-50 employees,2025-04-08,5,Does the job really well,My one complaint is the price for larger teams. The free trial convinced the whole team.,positive
226,InsightForge,Analytics,HR Generalist,201-500 employees,2025-06-18,1,Disappointed,"Used InsightForge for a year, not renewing. The custom reports is clunky and slow to load.",negative
227,BookBridge,Accounting,HR Generalist,1000+ employees,2024-11-09,1,Avoid this accounting tool,Our IT team handled the rollout. The bank reconciliation is buggy and loses data occasionally. The idea behind the product is good. Documentation is outdated and missing key details. Our account manager disappeared after we signed the contract.,negative
228,ClientOrbit,CRM,Support Team Lead,1-10 employees,2024-04-18,4,Solid and fast,"Our team adopted ClientOrbit after trying three other tools. We evaluated it against two competitors. Not cheap, but definitely worth it.",positive
229,PeoplePort,HR Software,HR Generalist,11-50 employees,2024-03-05,1,My take on PeoplePort,We are on the business plan. The payroll export is not intuitive at all. Search almost never finds what I'm looking for. The interface is cluttered and hard to navigate. Avoid if you can.,negative
230,InboxRocket,Email Marketing,Support Team Lead,1000+ employees,2024-05-18,1,Frustrating experience,"InboxRocket looked great in the demo, the reality is different. It gets painfully slow once you have a few thousand records.",negative
231,LedgerLeaf,Accounting,HR Generalist,1-10 employees,2024-04-03,1,LedgerLeaf review,They raised the price by 40% with almost no notice. Half of our team refused to use it. Avoid if you can.,negative
232,HelpHive,Help Desk,Sales Manager,51-200 employees,2025-06-09,2,Support is non-existent,Our team tried HelpHive and it did not work out. Basic features are locked behind the enterprise plan. Nothing about the shared inbox feels finished. The mobile app crashes constantly.,negative
233,InboxRocket,Email Marketing,Sales Manager,51-200 employees,2024-08-21,5,Best email marketing tool we've tried,"I've used InboxRocket for about two years now. The list segmentation alone is worth the price. The interface is clean and easy to learn, even for non-technical people. Highly recommend.",positive
234,InsightForge,Analytics,Product Owner,11-50 employees,2024-06-03,1,InsightForge for a mid-sized team,"InsightForge looked great in the demo, the reality is different. It never syncs correctly with our calendar. Reporting is very limited and hard to customize. The idea behind the product is good.",negative
235,InsightForge,Analytics,Account Executive,501-1000 employees,2025-04-11,5,Great tool for our team,"Really happy with InsightForge overall. We are on the business plan. Not cheap, but definitely worth it.",positive
236,SupportLoop,Help Desk,Account Executive,201-500 employees,2025-02-15,2,SupportLoop for a mid-sized team,We are on the business plan. Setup was quick and the onboarding guides were clear. The ticket routing doesn't work as advertised. Very frustrating experience.,negative
237,SupportLoop,Help Desk,Founder,1-10 employees,2024-08-20,1,Not worth the price,Not worth the money at all. Permissions are too rigid for a team our size. Very frustrating experience.,negative
238,TaskHarbor,Project Management,CTO,501-1000 employees,2024-12-31,4,Our experience with TaskHarbor,Customer support answers within minutes and actually solves the problem. Solid choice.,positive
239,Pipely,CRM,Founder,501-1000 employees,2024-06-17,2,Too many bugs,"Pipely looked great in the demo, the reality is different. The free trial hid most of the problems. It never syncs correctly with our calendar. Our managers finally have visibility into what everyone is doing. Our sales calls got longer because the data is scattered.",negative
240,TaskHarbor,Project Management,Finance Manager,1-10 employees,2025-03-10,2,Too many bugs,"The interface is cluttered and hard to navigate. Documentation is outdated and missing key details. The interface is pretty, I'll give them that. Look elsewhere.",negative
241,PlanBoard,Project Management,Account Executive,11-50 employees,2024-08-25,2,Two years in,Our team tried PlanBoard and it did not work out. The interface is cluttered and hard to navigate. The task dependencies is clunky and slow to load.,negative
242,LedgerLeaf,Accounting,Finance Manager,11-50 employees,2024-08-09,1,"Looked good, isn't",The idea behind the product is good. Importing our old data took three weeks and a consultant. Documentation is outdated and missing key details. The free trial hid most of the problems.,negative
243,BookBridge,Accounting,Finance Manager,501-1000 employees,2025-05-12,5,Honest review,Most of our team works remotely. The multi-currency support is buggy and loses data occasionally. Permissions and roles are flexible enough for our structure. New features ship regularly and they listen to feedback. Definitely renewing.,positive
244,SendGarden,Email Marketing,Account Executive,501-1000 employees,2025-07-15,4,Huge time saver,"I use it every day. Never had an issue with billing. Honestly, our old spreadsheet worked better. Not bad at all once you get used to it.",positive
245,Pipely,CRM,HR Generalist,501-1000 employees,2025-02-16,2,My take on Pipely,We are currently looking for an alternative to Pipely. Permissions are too rigid for a team our size. The contact management is clunky and slow to load. The email sync is not intuitive at all. Save your money.,negative
246,PeoplePort,HR Software,CTO,201-500 employees,2025-09-16,4,Solid and fast,"Cancelling was a nightmare, they kept charging us. Not cheap, but definitely worth it. Search actually finds what I'm looking for. Automations cut a lot of repetitive manual work. 5 stars from me.",positive
247,CountWise,Accounting,Product Owner,1000+ employees,2024-04-19,1,Honest review,"We are currently looking for an alternative to CountWise. We are a team of 145 people. To be fair, the bank reconciliation looks nice. Hard to find anything they do well. It never syncs correctly with our calendar. Look elsewhere.",negative
248,PlanBoard,Project Management,Marketing Specialist,1-10 employees,2024-07-04,5,Huge time saver,We evaluated it against two competitors. My one complaint is the price for larger teams. Never had an issue with billing. It integrates smoothly with Slack and Google Workspace. The mobile app is surprisingly good. 5 stars from me.,positive
249,PlanBoard,Project Management,Data Analyst,1000+ employees,2024-02-04,5,Great tool for our team,"PlanBoard has become a core part of our daily workflow. Not cheap, but definitely worth it. Setup took weeks and the onboarding was confusing. Our sales calls are shorter because everything is in one place. Would recommend to any growing team.",positive
250,InsightForge,Analytics,Product Owner,501-1000 employees,2024-01-06,5,My take on InsightForge,"Been a InsightForge customer for 18 months. I can't imagine going back to spreadsheets. Our managers finally have visibility into what everyone is doing. The interface is clean and easy to learn, even for non-technical people. Half of our team refused to use it. Solid choice.",positive
251,InsightForge,Analytics,Product Owner,51-200 employees,2024-11-21,5,Great tool for our team,I can't imagine going back to spreadsheets. New features ship regularly and they listen to feedback. Would recommend to any growing team.,positive
252,HireCanvas,HR Software,Support Team Lead,11-50 employees,2024-04-15,5,Great tool for our team,Our sales calls got longer because the data is scattered. It integrates smoothly with Slack and Google Workspace. Customer support answers within minutes and actually solves the problem. Great value.,positive
253,SendGarden,Email Marketing,Product Owner,1000+ employees,2024-10-11,2,"Looked good, isn't","Pretty disappointed with SendGarden overall. We migrated from a legacy system. Hard to find anything they do well. Support staff are friendly, just not effective. Very frustrating experience.",negative
254,InboxRocket,Email Marketing,Account Executive,201-500 employees,2024-09-12,1,Too many bugs,Customer support takes days to reply and rarely fixes anything. Very frustrating experience.,negative
255,HelpHive,Help Desk,Support Team Lead,11-50 employees,2024-09-13,4,HelpHive review,We switched to HelpHive last year and haven't looked back. We migrated from a legacy system. Our team adoption was almost instant. Reports are easy to customize and share with management. Would recommend to any growing team.,positive
256,TicketTide,Help Desk,Support Team Lead,51-200 employees,2024-03-02,5,Honest review,Never had an issue with billing.,positive
257,StaffSpring,HR Software,Support Team Lead,501-1000 employees,2024-12-02,4,Does the job really well,The mobile app crashes constantly. New features ship regularly and they listen to feedback. Reports are easy to customize and share with management. 5 stars from me.,positive
258,Sprintly Pro,Project Management,Project Manager,51-200 employees,2025-04-11,1,Support is non-existent,Hard to find anything they do well. The idea behind the product is good. Avoid if you can.,negative
259,StaffSpring,HR Software,HR Generalist,1000+ employees,2024-04-30,5,Our experience with StaffSpring,We evaluated it against two competitors. The payroll export alone is worth the price. The performance reviews alone is worth the price. My one complaint is the price for larger teams. Highly recommend.,positive
260,MetricMint,Analytics,Operations Lead,11-50 employees,2024-08-17,4,Too many bugs,Our managers finally have visibility into what everyone is doing. The data connectors is clunky and slow to load. The interface is cluttered and hard to navigate. The Slack integration breaks every few weeks. Save your money.,positive
261,Pipely,CRM,CTO,501-1000 employees,2024-05-31,1,My take on Pipely,It never syncs correctly with our calendar. Setup took weeks and the onboarding was confusing.,negative
262,SendGarden,Email Marketing,Project Manager,501-1000 employees,2024-05-07,1,SendGarden review,We moved to SendGarden last year and regret it. It never syncs correctly with our calendar. The A/B testing is not intuitive at all. The mobile app crashes constantly. Very frustrating experience.,negative
263,Sprintly Pro,Project Management,Finance Manager,501-1000 employees,2025-01-31,5,My take on Sprintly Pro,The kanban boards is intuitive and saves us hours every week. The API is well designed and easy to work with. The mobile app is surprisingly good.,positive
264,SendGarden,Email Marketing,Customer Success Manager,1000+ employees,2024-03-21,4,Two years in,There is a small learning curve at the start. Search actually finds what I'm looking for. 5 stars from me.,positive
265,SendGarden,Email Marketing,Product Owner,11-50 employees,2025-06-06,5,Thoughts after one year,I've used SendGarden for about two years now. Most of our team works remotely. Our managers finally have visibility into what everyone is doing. The only downside is that the A/B testing could be a bit faster. New features ship regularly and they listen to feedback. Customer support answers within minutes and actually solves the problem. 5 stars from me.,positive
266,MailMosaic,Email Marketing,Customer Success Manager,11-50 employees,2024-02-08,4,Two years in,Been a MailMosaic customer for 18 months. We migrated from a legacy system. Not bad at all once you get used to it. The list segmentation alone is worth the price. It integrates smoothly with Slack and Google Workspace.,positive
267,SendGarden,Email Marketing,Project Manager,201-500 employees,2025-03-23,1,Slow and clunky,"I wanted to like SendGarden, but it has been a struggle. We evaluated it against two competitors. Our managers still export everything to Excel. Setup itself was easy enough. Our account manager disappeared after we signed the contract. Very frustrating experience.",negative
268,PlanBoard,Project Management,Product Owner,51-200 employees,2025-02-20,2,Avoid this project management tool,Way too expensive for what you get. Look elsewhere.,negative
269,StaffSpring,HR Software,Product Owner,501-1000 employees,2025-08-25,4,Easy to use and reliable,"I've used StaffSpring for about two years now. Most of our team works remotely. The mobile app could use some work, but it's fine. Our account manager is responsive and genuinely helpful. Reports are easy to customize and share with management. It integrates smoothly with Slack and Google Workspace.",positive
270,InboxRocket,Email Marketing,Sales Manager,501-1000 employees,2024-10-27,2,InboxRocket for a mid-sized team,We evaluated it against two competitors. Automations cut a lot of repetitive manual work. The A/B testing is not intuitive at all. Would not recommend.,negative
271,TicketTide,Help Desk,Product Owner,1000+ employees,2024-08-06,2,Two years in,"Our managers still export everything to Excel. It replaced two other tools for us, which saved money.",negative
272,StaffSpring,HR Software,Operations Lead,51-200 employees,2024-12-11,2,Avoid this hr software tool,"I wanted to like StaffSpring, but it has been a struggle. Support staff are friendly, just not effective. Documentation is outdated and missing key details. The free trial hid most of the problems. The onboarding checklists is not intuitive at all. Not renewing.",negative
273,MailMosaic,Email Marketing,Account Executive,11-50 employees,2024-02-25,2,Disappointed,"I wanted to like MailMosaic, but it has been a struggle. Our IT team handled the rollout. The mobile app crashes constantly. The interface is pretty, I'll give them that. Our sales calls got longer because the data is scattered. Basic features are locked behind the enterprise plan. Would not recommend.",negative
274,SendGarden,Email Marketing,Product Owner,11-50 employees,2024-07-30,5,SendGarden for a mid-sized team,"SendGarden has become a core part of our daily workflow. Our IT team handled the rollout. The mobile app could use some work, but it's fine. Our account manager is responsive and genuinely helpful. Not bad at all once you get used to it.",positive
275,ClientOrbit,CRM,Office Manager,501-1000 employees,2024-04-02,2,Thoughts after one year,Our team tried ClientOrbit and it did not work out. We had several outages during business hours. Avoid if you can.,negative
276,BookBridge,Accounting,Support Team Lead,501-1000 employees,2024-11-07,4,BookBridge for a mid-sized team,"We rolled out BookBridge to the whole team in under a week. Reliable, we've had basically no downtime. The API is poorly documented and rate limits are strict. Definitely renewing.",positive
277,SupportLoop,Help Desk,Project Manager,51-200 employees,2025-04-17,1,Slow and clunky,Most of our team works remotely. Half of our team refused to use it. The templates are generic and mostly useless. It never syncs correctly with our calendar. Avoid if you can.,negative
278,MetricMint,Analytics,Customer Success Manager,501-1000 employees,2025-09-21,1,Honest review,"We are a team of 225 people. Importing our old data took three weeks and a consultant. Cancelling was a nightmare, they kept charging us. The custom reports is not intuitive at all. To be fair, the data connectors looks nice. Very frustrating experience.",negative
279,CountWise,Accounting,Sales Manager,51-200 employees,2024-08-15,5,Easy to use and reliable,No complaints about the multi-currency support. Solid choice.,positive
280,MailMosaic,Email Marketing,Finance Manager,11-50 employees,2025-07-08,5,Great tool for our team,Our account manager is responsive and genuinely helpful. The only downside is that the drag-and-drop editor could be a bit faster. Our team adoption was almost instant. 5 stars from me.,positive
281,TaskHarbor,Project Management,Product Owner,51-200 employees,2025-08-03,2,Disappointed,"I use it every day. The mobile app crashes constantly. The interface is pretty, I'll give them that. Reporting is very limited and hard to customize.",negative
282,Sprintly Pro,Project Management,Account Executive,1-10 employees,2024-06-30,5,Huge time saver,We switched to Sprintly Pro last year and haven't looked back. It integrates smoothly with Slack and Google Workspace. Solid choice.,positive
283,ChartCove,Analytics,Project Manager,1-10 employees,2025-10-01,5,Two years in,ChartCove has become a core part of our daily workflow. Importing our old data took one afternoon. The API is well designed and easy to work with. The data connectors alone is worth the price. Highly recommend.,positive
284,PeoplePort,HR Software,Operations Lead,51-200 employees,2024-10-04,5,Solid and fast,"We mainly use it for the org chart. Automations cut a lot of repetitive manual work. The onboarding checklists is intuitive and saves us hours every week. It replaced two other tools for us, which saved money. It gets painfully slow once you have a few thousand records.",positive
285,HireCanvas,HR Software,HR Generalist,11-50 employees,2024-07-21,5,HireCanvas review,Our team adopted HireCanvas after trying three other tools. We migrated from a legacy system. Not a single bug in the payroll export so far. Hard to find anything they could improve. Reporting could be more flexible. Not a single bug in the org chart so far.,positive
286,HireCanvas,HR Software,Office Manager,11-50 employees,2024-06-23,5,Thoughts after one year,We are on the business plan. Permissions are too rigid for a team our size. Never had an issue with billing. Documentation is thorough and up to date.,positive
287,HelpHive,Help Desk,Marketing Specialist,1000+ employees,2025-08-14,2,Two years in,"The free trial hid most of the problems. The shared inbox doesn't work as advertised. It's fast, even with thousands of records.",negative
288,MetricMint,Analytics,Marketing Specialist,1000+ employees,2024-12-21,5,Love it,The free trial hid most of the problems. Setup was quick and the onboarding guides were clear.,positive
289,TicketTide,Help Desk,Sales Manager,11-50 employees,2024-09-11,4,Thoughts after one year,Our account manager is responsive and genuinely helpful.,positive
290,TaskHarbor,Project Management,Sales Manager,11-50 employees,2024-08-02,5,TaskHarbor for a mid-sized team,I've used TaskHarbor for about two years now. Our IT team handled the rollout. The API is well designed and easy to work with. Reports are easy to customize and share with management. Solid choice.,positive
291,TicketTide,Help Desk,Account Executive,201-500 employees,2025-02-21,4,Solid and fast,Permissions and roles are flexible enough for our structure. Reporting could be more flexible.,positive
292,PlanBoard,Project Management,Product Owner,11-50 employees,2024-05-26,4,Worth every penny,Our managers finally have visibility into what everyone is doing. It integrates smoothly with Slack and Google Workspace. The free trial convinced the whole team. My one complaint is the price for larger teams. Would recommend to any growing team.,positive
293,StaffSpring,HR Software,Project Manager,51-200 employees,2024-01-26,2,Our experience with StaffSpring,"Used StaffSpring for a year, not renewing. We had several outages during business hours. Way too expensive for what you get. Support staff are friendly, just not effective. The interface is cluttered and hard to navigate.",negative
294,ChartCove,Analytics,Office Manager,1000+ employees,2025-01-22,2,ChartCove review,Our sales calls got longer because the data is scattered. Reporting is very limited and hard to customize. Importing our old data took three weeks and a consultant. Never had an issue with billing. Look elsewhere.,negative
295,InboxRocket,Email Marketing,CTO,11-50 employees,2024-05-05,1,Too many bugs,We moved to InboxRocket last year and regret it. The automation workflows is buggy and loses data occasionally. Search almost never finds what I'm looking for. Look elsewhere.,negative
296,LedgerLeaf,Accounting,HR Generalist,11-50 employees,2024-03-24,2,Great tool for our team,Really happy with LedgerLeaf overall. Pricing is fair for what you get. The tax reports works exactly as advertised. Setup took weeks and the onboarding was confusing.,negative
297,MetricMint,Analytics,Sales Manager,1-10 employees,2024-04-12,5,Worth every penny,Really happy with MetricMint overall. Search actually finds what I'm looking for. The API is well designed and easy to work with. Solid choice.,positive
298,MailMosaic,Email Marketing,Finance Manager,51-200 employees,2024-08-22,4,Does the job really well,"Hard to find anything they could improve. Our team adoption was almost instant. The mobile app could use some work, but it's fine. The free trial convinced the whole team. Solid choice.",positive
299,TicketTide,Help Desk,Account Executive,1000+ employees,2024-06-28,5,Great tool for our team,Really happy with TicketTide overall. Most of our team works remotely. The API is well designed and easy to work with. Importing our old data took one afternoon. Documentation is thorough and up to date.,positive
300,SupportLoop,Help Desk,Customer Success Manager,1000+ employees,2025-07-29,2,SupportLoop for a mid-sized team,"We used SupportLoop for about eight months before cancelling. Permissions are too rigid for a team our size. To be fair, the shared inbox looks nice.",negative
301,HireCanvas,HR Software,Finance Manager,201-500 employees,2024-12-06,5,Best hr software tool we've tried,We rolled out HireCanvas to the whole team in under a week. I use it every day. Importing our old data took one afternoon. It integrates smoothly with Slack and Google Workspace. Pricing is fair for what you get.,positive
302,HelpHive,Help Desk,Account Executive,51-200 employees,2024-11-05,5,My take on HelpHive,It gets painfully slow once you have a few thousand records. Our team adoption was almost instant. It integrates smoothly with Slack and Google Workspace. Documentation is thorough and up to date.,positive
303,DealNest,CRM,Sales Manager,51-200 employees,2025-08-10,5,Honest review,We migrated from a legacy system. Reporting could be more flexible. Never had an issue with billing. The contact management works exactly as advertised. Not bad at all once you get used to it. Definitely renewing.,positive
304,Pipely,CRM,Operations Lead,51-200 employees,2025-08-03,2,Support is non-existent,Hard to find anything they do well. It gets painfully slow once you have a few thousand records. Not bad at all once you get used to it. Save your money.,negative
305,StaffSpring,HR Software,Operations Lead,1000+ employees,2024-05-10,5,Huge time saver,Our IT team handled the rollout. Search actually finds what I'm looking for. Importing our old data took one afternoon. Highly recommend.,positive
306,TaskHarbor,Project Management,Account Executive,11-50 employees,2024-02-21,5,Does the job really well,TaskHarbor does exactly what we needed it to do. The only downside is that the time tracking could be a bit faster. The templates gave us a head start. Our team adoption was almost instant. Great value.,positive
307,BookBridge,Accounting,Data Analyst,51-200 employees,2024-01-13,4,Does the job really well,"We rolled out BookBridge to the whole team in under a week. We are a team of 169 people. Reporting could be more flexible. The free trial convinced the whole team. Reliable, we've had basically no downtime. The invoicing is intuitive and saves us hours every week.",positive
308,InboxRocket,Email Marketing,Finance Manager,51-200 employees,2024-02-16,5,Does the job really well,Hard to find anything they do well. Hard to find anything they could improve.,positive
309,BookBridge,Accounting,Account Executive,501-1000 employees,2025-02-13,1,Thoughts after one year,"It replaced two other tools for us, which saved money. Cancelling was a nightmare, they kept charging us.",negative
310,CountWise,Accounting,Customer Success Manager,1000+ employees,2024-03-02,2,CountWise for a mid-sized team,The templates gave us a head start. Solid choice.,negative
311,MetricMint,Analytics,CTO,51-200 employees,2024-01-20,5,Thoughts after one year,"Most of our team works remotely. Not cheap, but definitely worth it. It's fast, even with thousands of records. The API is well designed and easy to work with. Cancelling was a nightmare, they kept charging us.",positive
312,BookBridge,Accounting,Marketing Specialist,201-500 employees,2024-05-03,1,Slow and clunky,We moved to BookBridge last year and regret it. We mainly use it for the expense tracking. It gets painfully slow once you have a few thousand records. Setup itself was easy enough. Would not recommend.,negative
313,TaskHarbor,Project Management,Data Analyst,501-1000 employees,2024-07-06,1,Avoid this project management tool,Pretty disappointed with TaskHarbor overall. I use it every day. The mobile app crashes constantly. Not worth the money at all.,negative
314,PlanBoard,Project Management,HR Generalist,11-50 employees,2025-03-29,2,Slow and clunky,We moved to PlanBoard last year and regret it. The task dependencies is buggy and loses data occasionally. Would not recommend.,negative
315,Pipely,CRM,Founder,51-200 employees,2024-07-24,5,Honest review,Pipely has become a core part of our daily workflow. Reporting could be more flexible. It integrates smoothly with Slack and Google Workspace.,positive
316,PlanBoard,Project Management,CTO,201-500 employees,2025-09-29,2,PlanBoard for a mid-sized team,"The interface is pretty, I'll give them that. The mobile app crashes constantly. Way too expensive for what you get. Our sales calls got longer because the data is scattered. Avoid if you can.",negative
317,Pipely,CRM,Project Manager,501-1000 employees,2024-03-27,5,Easy to use and reliable,Our IT team handled the rollout. The email sync is clunky and slow to load. Our managers finally have visibility into what everyone is doing.,positive
318,InboxRocket,Email Marketing,Support Team Lead,1-10 employees,2024-10-08,4,Great tool for our team,"InboxRocket does exactly what we needed it to do. It replaced two other tools for us, which saved money. The templates gave us a head start. 5 stars from me.",positive
319,ChartCove,Analytics,CTO,501-1000 employees,2024-04-27,1,Our experience with ChartCove,We are a team of 243 people. The dashboards is buggy and loses data occasionally. The Slack integration breaks every few weeks. Setup itself was easy enough. Permissions are too rigid for a team our size.,negative
320,CountWise,Accounting,Account Executive,11-50 employees,2024-02-27,5,Love it,CountWise does exactly what we needed it to do. New features ship regularly and they listen to feedback. Our managers finally have visibility into what everyone is doing. Reporting could be more flexible. The free trial convinced the whole team. Great value.,positive
321,SupportLoop,Help Desk,CTO,51-200 employees,2024-03-09,2,Thoughts after one year,Pretty disappointed with SupportLoop overall. Our sales calls got longer because the data is scattered. Way too expensive for what you get.,negative
322,PlanBoard,Project Management,Customer Success Manager,11-50 employees,2025-09-02,4,Solid and fast,"PlanBoard has become a core part of our daily workflow. Automations fail silently, so you never know what broke. Not bad at all once you get used to it. Would recommend to any growing team.",positive
323,HireCanvas,HR Software,CTO,201-500 employees,2024-08-25,2,HireCanvas for a mid-sized team,"Pretty disappointed with HireCanvas overall. Automations fail silently, so you never know what broke. The API is poorly documented and rate limits are strict. To be fair, the onboarding checklists looks nice. Honestly, our old spreadsheet worked better.",negative
324,CountWise,Accounting,Office Manager,51-200 employees,2025-05-24,4,Worth every penny,Not a single bug in the tax reports so far. It integrates smoothly with Slack and Google Workspace.,positive
325,Sprintly Pro,Project Management,Data Analyst,1000+ employees,2024-07-29,2,Slow and clunky,Our account manager is responsive and genuinely helpful. The templates are generic and mostly useless.,negative
326,HelpHive,Help Desk,Data Analyst,11-50 employees,2024-04-08,4,Does the job really well,I can't imagine going back to spreadsheets. The knowledge base works exactly as advertised. The live chat widget is buggy and loses data occasionally. Great value.,positive
327,SupportLoop,Help Desk,CTO,1-10 employees,2025-06-09,1,My take on SupportLoop,"Honestly, our old spreadsheet worked better. The SLA tracking alone is worth the price. The shared inbox is clunky and slow to load. Avoid if you can.",negative
328,TicketTide,Help Desk,Customer Success Manager,11-50 employees,2024-09-07,4,Huge time saver,TicketTide has become a core part of our daily workflow. Our account manager is responsive and genuinely helpful. Search actually finds what I'm looking for. Customer support takes days to reply and rarely fixes anything. Definitely renewing.,positive
329,HelpHive,Help Desk,Customer Success Manager,1-10 employees,2024-03-28,1,Disappointed,Our team tried HelpHive and it did not work out. We evaluated it against two competitors. Hard to find anything they do well. The interface is cluttered and hard to navigate. Very frustrating experience.,negative
330,SupportLoop,Help Desk,Support Team Lead,51-200 employees,2024-01-21,4,Honest review,We mainly use it for the live chat widget. Never had an issue with billing. The templates are generic and mostly useless.,positive
331,SendGarden,Email Marketing,Founder,201-500 employees,2025-04-27,5,Best email marketing tool we've tried,"We migrated from a legacy system. I can't imagine going back to spreadsheets. The mobile app could use some work, but it's fine.",positive
332,SupportLoop,Help Desk,Finance Manager,201-500 employees,2025-09-01,5,Great tool for our team,Been a SupportLoop customer for 18 months. We evaluated it against two competitors. The ticket routing alone is worth the price. It integrates smoothly with Slack and Google Workspace.,positive
333,StaffSpring,HR Software,Product Owner,1-10 employees,2025-06-02,4,Our experience with StaffSpring,We are a team of 142 people. Documentation is thorough and up to date. The API is well designed and easy to work with. There is a small learning curve at the start. Great value.,positive
334,DealNest,CRM,Customer Success Manager,501-1000 employees,2024-04-10,2,Honest review,I use it every day. Our managers finally have visibility into what everyone is doing. It gets painfully slow once you have a few thousand records. Would not recommend.,negative
335,ChartCove,Analytics,CTO,1000+ employees,2024-07-30,4,Love it,"We mainly use it for the custom reports. Reporting could be more flexible. Reliable, we've had basically no downtime. The interface is clean and easy to learn, even for non-technical people.",positive
336,PlanBoard,Project Management,Office Manager,51-200 employees,2025-08-25,1,PlanBoard for a mid-sized team,"We moved to PlanBoard last year and regret it. We evaluated it against two competitors. Documentation is outdated and missing key details. The kanban boards doesn't work as advertised. Honestly, our old spreadsheet worked better. Very frustrating experience.",negative
337,DealNest,CRM,Sales Manager,51-200 employees,2024-04-26,4,Thoughts after one year,DealNest does exactly what we needed it to do. Pricing is fair for what you get. The API is well designed and easy to work with. Nothing about the contact management feels finished. 5 stars from me.,positive
338,SendGarden,Email Marketing,Operations Lead,201-500 employees,2024-09-17,5,Love it,"Our team adopted SendGarden after trying three other tools. The interface is clean and easy to learn, even for non-technical people.",positive
339,ChartCove,Analytics,Data Analyst,1-10 employees,2025-03-07,2,Too many bugs,"I wanted to like ChartCove, but it has been a struggle. We are on the business plan. Importing our old data took three weeks and a consultant. The interface is cluttered and hard to navigate. Documentation is outdated and missing key details. Very frustrating experience.",negative
340,MailMosaic,Email Marketing,Data Analyst,11-50 employees,2025-05-27,5,Two years in,"Honestly, our old spreadsheet worked better. I can't imagine going back to spreadsheets. Not cheap, but definitely worth it. Definitely renewing.",positive
341,TicketTide,Help Desk,Operations Lead,201-500 employees,2024-05-14,4,Thoughts after one year,Really happy with TicketTide overall. Our managers finally have visibility into what everyone is doing. Reporting could be more flexible. Solid choice.,positive
342,PlanBoard,Project Management,CTO,11-50 employees,2024-05-11,4,Love it,Not bad at all once you get used to it. No complaints about the kanban boards. Our account manager disappeared after we signed the contract.,positive
343,HelpHive,Help Desk,CTO,51-200 employees,2024-12-20,2,Support is non-existent,"We are on the business plan. The free trial hid most of the problems. To be fair, the shared inbox looks nice. Avoid if you can.",negative
344,HireCanvas,HR Software,Finance Manager,501-1000 employees,2024-12-15,2,"Looked good, isn't",Customer support takes days to reply and rarely fixes anything. Setup itself was easy enough.,negative
345,MailMosaic,Email Marketing,CTO,501-1000 employees,2024-03-29,1,Support is non-existent,"Cancelling was a nightmare, they kept charging us. Permissions are too rigid for a team our size.",negative
346,TaskHarbor,Project Management,HR Generalist,1000+ employees,2025-03-05,4,Thoughts after one year,Reporting is very limited and hard to customize. Automations cut a lot of repetitive manual work. New features ship regularly and they listen to feedback. Would recommend to any growing team.,positive
347,BookBridge,Accounting,HR Generalist,1000+ employees,2024-10-29,4,Worth every penny,"BookBridge does exactly what we needed it to do. The interface is clean and easy to learn, even for non-technical people. The only downside is that the multi-currency support could be a bit faster.",positive
348,TicketTide,Help Desk,Data Analyst,1-10 employees,2024-06-04,4,Does the job really well,I've used TicketTide for about two years now. I use it every day. The API is well designed and easy to work with. No complaints about the ticket routing. I can't imagine going back to spreadsheets.,positive
349,SupportLoop,Help Desk,Account Executive,201-500 employees,2025-04-16,1,Two years in,We used SupportLoop for about eight months before cancelling. Our account manager disappeared after we signed the contract. The interface is cluttered and hard to navigate. Would not recommend.,negative
350,PeoplePort,HR Software,Product Owner,11-50 employees,2025-03-16,4,Best hr software tool we've tried,Not a single bug in the payroll export so far. The org chart is not intuitive at all. Highly recommend.,positive
351,Pipely,CRM,Product Owner,1-10 employees,2024-08-31,2,Thoughts after one year,The Slack integration breaks every few weeks. The API is poorly documented and rate limits are strict.,negative
352,Pipely,CRM,Data Analyst,1000+ employees,2025-06-25,4,Solid and fast,"I use it every day. Not bad at all once you get used to it. Automations cut a lot of repetitive manual work. Reliable, we've had basically no downtime. Customer support takes days to reply and rarely fixes anything. Would recommend to any growing team.",positive
353,HelpHive,Help Desk,Project Manager,501-1000 employees,2025-02-13,5,Our experience with HelpHive,"It's fast, even with thousands of records. I can't imagine going back to spreadsheets. Not bad at all once you get used to it. Great value.",positive
354,TicketTide,Help Desk,Project Manager,501-1000 employees,2024-12-19,4,Worth every penny,Search actually finds what I'm looking for. Permissions and roles are flexible enough for our structure. Not a single bug in the SLA tracking so far.,positive
355,PeoplePort,HR Software,CTO,1000+ employees,2025-08-10,5,Worth every penny,We evaluated it against two competitors. I can't imagine going back to spreadsheets. The interface is cluttered and hard to navigate. 5 stars from me.,positive
356,HireCanvas,HR Software,Data Analyst,51-200 employees,2024-12-23,1,Not worth the price,Pretty disappointed with HireCanvas overall. Hard to find anything they could improve. Importing our old data took three weeks and a consultant. Avoid if you can.,negative
357,InboxRocket,Email Marketing,HR Generalist,1-10 employees,2024-01-03,2,Support is non-existent,We are on the business plan. Setup took weeks and the onboarding was confusing.,negative
358,TicketTide,Help Desk,Sales Manager,11-50 employees,2025-07-19,2,Two years in,"We are a team of 42 people. Support staff are friendly, just not effective. The ticket routing is not intuitive at all. It never syncs correctly with our calendar. Avoid if you can.",negative
359,HireCanvas,HR Software,Product Owner,201-500 employees,2024-09-13,1,Support is non-existent,Our IT team handled the rollout. Our team adoption was almost instant. Way too expensive for what you get.,negative
360,InboxRocket,Email Marketing,Finance Manager,501-1000 employees,2024-06-27,5,Huge time saver,"We switched to InboxRocket last year and haven't looked back. The interface is clean and easy to learn, even for non-technical people. Search actually finds what I'm looking for. The free trial hid most of the problems. Our team adoption was almost instant. Highly recommend.",positive
361,PeoplePort,HR Software,Finance Manager,501-1000 employees,2024-04-25,1,PeoplePort review,"We are a team of 224 people. The API is poorly documented and rate limits are strict. The interface is pretty, I'll give them that.",negative
362,SupportLoop,Help Desk,Finance Manager,1-10 employees,2024-03-16,4,Does the job really well,"We rolled out SupportLoop to the whole team in under a week. Not cheap, but definitely worth it. Highly recommend.",positive
363,PeoplePort,HR Software,Operations Lead,501-1000 employees,2024-08-30,1,Too many bugs,"We are currently looking for an alternative to PeoplePort. It never syncs correctly with our calendar. Support staff are friendly, just not effective. The free trial hid most of the problems. Very frustrating experience.",negative
364,Sprintly Pro,Project Management,Project Manager,501-1000 employees,2024-02-07,4,Slow and clunky,"Used Sprintly Pro for a year, not renewing. The idea behind the product is good. It gets painfully slow once you have a few thousand records. We had several outages during business hours. Honestly, our old spreadsheet worked better.",positive
365,BookBridge,Accounting,CTO,1-10 employees,2025-09-16,5,Great tool for our team,We are on the business plan. Not a single bug in the multi-currency support so far. My one complaint is the price for larger teams.,positive
366,PeoplePort,HR Software,CTO,501-1000 employees,2025-04-24,5,Solid and fast,Search actually finds what I'm looking for. Setup was quick and the onboarding guides were clear.,positive
367,DealNest,CRM,Founder,1-10 employees,2025-06-28,4,Does the job really well,DealNest has become a core part of our daily workflow. Our sales calls are shorter because everything is in one place.,positive
368,ChartCove,Analytics,Founder,1000+ employees,2024-05-11,4,My take on ChartCove,We are on the business plan. My one complaint is the price for larger teams. New features ship regularly and they listen to feedback. The dashboards is intuitive and saves us hours every week. 5 stars from me.,positive
369,BookBridge,Accounting,Product Owner,1-10 employees,2025-09-22,4,Solid and fast,"Our team adopted BookBridge after trying three other tools. Most of our team works remotely. Reliable, we've had basically no downtime. Customer support answers within minutes and actually solves the problem. Never had an issue with billing. The only downside is that the invoicing could be a bit faster. 5 stars from me.",positive
370,Pipely,CRM,HR Generalist,201-500 employees,2024-03-01,4,Huge time saver,Our sales calls are shorter because everything is in one place. The API is well designed and easy to work with. Not a single bug in the contact management so far. Great value.,positive
371,InsightForge,Analytics,Sales Manager,501-1000 employees,2024-09-22,4,Huge time saver,We are a team of 281 people. Reports are easy to customize and share with management.,positive
372,SupportLoop,Help Desk,Office Manager,11-50 employees,2024-03-23,1,Slow and clunky,Setup was quick and the onboarding guides were clear. The mobile app crashes constantly. Our account manager disappeared after we signed the contract.,negative
373,SendGarden,Email Marketing,Office Manager,1-10 employees,2024-07-19,2,"Looked good, isn't",We used SendGarden for about eight months before cancelling. We migrated from a legacy system. Not worth the money at all.,negative
374,ChartCove,Analytics,Marketing Specialist,51-200 employees,2024-06-02,2,Thoughts after one year,"I wanted to like ChartCove, but it has been a struggle. We are on the business plan. It never syncs correctly with our calendar. The data connectors is buggy and loses data occasionally. Nothing about the funnel analysis feels finished. The interface is pretty, I'll give them that. Would not recommend.",negative
375,HireCanvas,HR Software,Product Owner,51-200 employees,2024-03-30,2,Our experience with HireCanvas,Hard to find anything they do well. Look elsewhere.,negative
376,TaskHarbor,Project Management,Account Executive,1000+ employees,2024-06-15,5,Honest review,TaskHarbor has become a core part of our daily workflow. It integrates smoothly with Slack and Google Workspace. No complaints about the Gantt chart. Our sales calls are shorter because everything is in one place. Solid choice.,positive
377,ChartCove,Analytics,Product Owner,51-200 employees,2024-11-04,5,My take on ChartCove,The free trial hid most of the problems. Documentation is thorough and up to date. New features ship regularly and they listen to feedback. Solid choice.,positive
378,InboxRocket,Email Marketing,Customer Success Manager,201-500 employees,2025-05-27,5,InboxRocket review,We switched to InboxRocket last year and haven't looked back. Our managers finally have visibility into what everyone is doing. Permissions are too rigid for a team our size. The templates gave us a head start. Highly recommend.,positive
379,HelpHive,Help Desk,Operations Lead,201-500 employees,2024-12-04,5,HelpHive review,"We are on the business plan. Not cheap, but definitely worth it. Our sales calls are shorter because everything is in one place.",positive
380,MailMosaic,Email Marketing,Operations Lead,11-50 employees,2025-05-11,1,Two years in,"The API is poorly documented and rate limits are strict. Customer support takes days to reply and rarely fixes anything. Way too expensive for what you get. It replaced two other tools for us, which saved money.",negative
381,TicketTide,Help Desk,Project Manager,51-200 employees,2025-05-19,5,Does the job really well,Our team adopted TicketTide after trying three other tools. Our sales calls are shorter because everything is in one place.,positive
382,MetricMint,Analytics,Sales Manager,1-10 employees,2025-02-11,5,Honest review,Really happy with MetricMint overall. The mobile app is surprisingly good. New features ship regularly and they listen to feedback.,positive
383,HelpHive,Help Desk,Data Analyst,501-1000 employees,2025-08-19,2,HelpHive review,Basic features are locked behind the enterprise plan. Save your money.,negative
384,MailMosaic,Email Marketing,HR Generalist,11-50 employees,2025-04-06,4,Does the job really well,"It replaced two other tools for us, which saved money. The mobile app could use some work, but it's fine. Not cheap, but definitely worth it.",positive
385,TaskHarbor,Project Management,HR Generalist,51-200 employees,2024-04-10,4,Worth every penny,I've used TaskHarbor for about two years now. Our IT team handled the rollout. My one complaint is the price for larger teams. The templates gave us a head start. Pricing is fair for what you get. The free trial convinced the whole team. Highly recommend.,positive
386,HireCanvas,HR Software,Project Manager,1000+ employees,2025-04-29,5,Easy to use and reliable,We migrated from a legacy system. Our account manager disappeared after we signed the contract. It integrates smoothly with Slack and Google Workspace. Not bad at all once you get used to it.,positive
387,PlanBoard,Project Management,HR Generalist,501-1000 employees,2024-01-07,4,Two years in,I use it every day. Our team adoption was almost instant. Highly recommend.,positive
388,PlanBoard,Project Management,Customer Success Manager,1000+ employees,2025-03-20,4,Honest review,"We mainly use it for the Gantt chart. The interface is clean and easy to learn, even for non-technical people. The task dependencies works exactly as advertised. The templates are generic and mostly useless. Our account manager is responsive and genuinely helpful. Would recommend to any growing team.",positive
389,InboxRocket,Email Marketing,Project Manager,51-200 employees,2024-04-27,5,Solid and fast,"We switched to InboxRocket last year and haven't looked back. The templates gave us a head start. It's fast, even with thousands of records. Definitely renewing.",positive
390,TicketTide,Help Desk,Data Analyst,201-500 employees,2024-09-26,5,TicketTide for a mid-sized team,Been a TicketTide customer for 18 months. We are on the business plan. No complaints about the shared inbox. Permissions and roles are flexible enough for our structure.,positive
391,StaffSpring,HR Software,CTO,1-10 employees,2025-04-20,4,Our experience with StaffSpring,The onboarding checklists works exactly as advertised. Documentation is thorough and up to date. Our account manager is responsive and genuinely helpful. Hard to find anything they do well.,positive
392,DealNest,CRM,HR Generalist,1-10 employees,2025-09-08,4,Great tool for our team,We are a team of 264 people. Not a single bug in the contact management so far. It never syncs correctly with our calendar. New features ship regularly and they listen to feedback. Definitely renewing.,positive
393,TaskHarbor,Project Management,Project Manager,501-1000 employees,2025-08-12,5,Solid and fast,I've used TaskHarbor for about two years now. We mainly use it for the time tracking. I can't imagine going back to spreadsheets. Our team adoption was almost instant. Highly recommend.,positive
394,TicketTide,Help Desk,Customer Success Manager,51-200 employees,2024-11-02,2,Too many bugs,"Not cheap, but definitely worth it. Documentation is outdated and missing key details. The ticket routing doesn't work as advertised. It never syncs correctly with our calendar.",negative
395,PeoplePort,HR Software,Finance Manager,11-50 employees,2024-11-24,4,Does the job really well,I use it every day. Never had an issue with billing. Automations cut a lot of repetitive manual work.,positive
396,ClientOrbit,CRM,Founder,501-1000 employees,2024-01-23,1,Slow and clunky,I use it every day. Permissions are too rigid for a team our size. Very frustrating experience.,negative
397,StaffSpring,HR Software,Account Executive,501-1000 employees,2024-08-16,4,Best hr software tool we've tried,"We are on the business plan. It replaced two other tools for us, which saved money.",positive
398,TicketTide,Help Desk,Sales Manager,51-200 employees,2024-01-24,4,Love it,Really happy with TicketTide overall. Our managers finally have visibility into what everyone is doing. Pricing is fair for what you get. Not a single bug in the ticket routing so far. Great value.,positive
399,CountWise,Accounting,Product Owner,1000+ employees,2024-08-06,1,Disappointed,We are on the business plan. Our managers still export everything to Excel. Importing our old data took three weeks and a consultant. The expense tracking is not intuitive at all.,negative
400,SendGarden,Email Marketing,HR Generalist,11-50 employees,2024-05-13,4,Thoughts after one year,We are on the business plan. The campaign reports is buggy and loses data occasionally. Pricing is fair for what you get. No complaints about the campaign reports.,positive
401,InsightForge,Analytics,Product Owner,1-10 employees,2025-08-15,2,Our experience with InsightForge,"Importing our old data took three weeks and a consultant. It replaced two other tools for us, which saved money. Half of our team refused to use it. Way too expensive for what you get.",negative
402,Sprintly Pro,Project Management,Support Team Lead,201-500 employees,2025-03-18,1,Thoughts after one year,"Our team tried Sprintly Pro and it did not work out. Importing our old data took three weeks and a consultant. Automations fail silently, so you never know what broke.",negative
403,Pipely,CRM,Operations Lead,1000+ employees,2024-05-15,5,Great tool for our team,"It's fast, even with thousands of records. Our managers finally have visibility into what everyone is doing. The email sync works exactly as advertised. Not worth the money at all.",positive
404,ChartCove,Analytics,Finance Manager,501-1000 employees,2025-07-24,1,Support is non-existent,"ChartCove looked great in the demo, the reality is different. Half of our team refused to use it. The free trial hid most of the problems. Reports are easy to customize and share with management.",negative
405,HelpHive,Help Desk,HR Generalist,201-500 employees,2024-04-03,2,Thoughts after one year,Pretty disappointed with HelpHive overall. I use it every day. Half of our team refused to use it. We had several outages during business hours. It integrates smoothly with Slack and Google Workspace. The API is poorly documented and rate limits are strict.,negative
406,InsightForge,Analytics,Account Executive,201-500 employees,2024-06-19,5,Two years in,InsightForge has become a core part of our daily workflow. We mainly use it for the data connectors. Our managers finally have visibility into what everyone is doing. Setup was quick and the onboarding guides were clear. Definitely renewing.,positive
407,InsightForge,Analytics,Account Executive,201-500 employees,2025-08-11,4,Love it,"Automations cut a lot of repetitive manual work. Not cheap, but definitely worth it. The mobile app is surprisingly good.",positive
408,BookBridge,Accounting,Marketing Specialist,1-10 employees,2025-06-07,2,Disappointed,"I wanted to like BookBridge, but it has been a struggle. I use it every day. Never had an issue with billing. The Slack integration breaks every few weeks. Look elsewhere.",negative
409,ClientOrbit,CRM,Office Manager,201-500 employees,2025-09-09,4,ClientOrbit review,Most of our team works remotely. Our managers finally have visibility into what everyone is doing. Customer support answers within minutes and actually solves the problem. 5 stars from me.,positive
410,ClientOrbit,CRM,Finance Manager,1-10 employees,2024-08-09,2,Frustrating experience,We used ClientOrbit for about eight months before cancelling. Setup took weeks and the onboarding was confusing. We had several outages during business hours. Setup itself was easy enough.,negative
411,DealNest,CRM,Sales Manager,201-500 employees,2025-01-12,2,Avoid this crm tool,We moved to DealNest last year and regret it. It never syncs correctly with our calendar.,negative
412,CountWise,Accounting,CTO,201-500 employees,2025-07-06,2,Slow and clunky,"We moved to CountWise last year and regret it. Honestly, our old spreadsheet worked better.",negative
413,LedgerLeaf,Accounting,Founder,501-1000 employees,2024-01-27,4,My take on LedgerLeaf,LedgerLeaf has become a core part of our daily workflow. It integrates smoothly with Slack and Google Workspace. Would recommend to any growing team.,positive
414,BookBridge,Accounting,Finance Manager,11-50 employees,2025-05-06,2,Too many bugs,Half of our team refused to use it. No complaints about the invoicing. Search almost never finds what I'm looking for.,negative
415,Sprintly Pro,Project Management,Support Team Lead,1-10 employees,2024-08-07,4,Sprintly Pro for a mid-sized team,Our sales calls are shorter because everything is in one place. My one complaint is the price for larger teams. Hard to find anything they could improve. Great value.,positive
416,SupportLoop,Help Desk,HR Generalist,1-10 employees,2025-09-05,1,Not worth the price,"I wanted to like SupportLoop, but it has been a struggle. We are on the business plan. It gets painfully slow once you have a few thousand records. Automations fail silently, so you never know what broke. Not worth the money at all. Not renewing.",negative
417,ClientOrbit,CRM,CTO,1-10 employees,2025-09-25,5,Great tool for our team,"I use it every day. Basic features are locked behind the enterprise plan. It's fast, even with thousands of records.",positive
418,InsightForge,Analytics,Customer Success Manager,1-10 employees,2025-06-01,4,Our experience with InsightForge,We migrated from a legacy system. The only downside is that the custom reports could be a bit faster. No complaints about the funnel analysis. Customer support answers within minutes and actually solves the problem. 5 stars from me.,positive
419,MailMosaic,Email Marketing,Operations Lead,1000+ employees,2024-07-19,5,MailMosaic review,Hard to find anything they could improve. Definitely renewing.,positive
420,HelpHive,Help Desk,Product Owner,1-10 employees,2024-12-02,4,My take on HelpHive,"HelpHive does exactly what we needed it to do. Our IT team handled the rollout. The API is well designed and easy to work with. Our account manager is responsive and genuinely helpful. Reliable, we've had basically no downtime.",positive
421,DealNest,CRM,Sales Manager,1000+ employees,2024-10-02,5,Thoughts after one year,Our account manager is responsive and genuinely helpful. Would recommend to any growing team.,positive
422,HelpHive,Help Desk,Account Executive,51-200 employees,2024-09-11,2,Frustrating experience,"Hard to find anything they do well. Basic features are locked behind the enterprise plan. Search almost never finds what I'm looking for. The interface is pretty, I'll give them that. Would not recommend.",negative
423,ClientOrbit,CRM,HR Generalist,1000+ employees,2025-08-09,1,Avoid this crm tool,They raised the price by 40% with almost no notice. Nothing about the sales reports feels finished. Documentation is thorough and up to date. Look elsewhere.,negative
424,PlanBoard,Project Management,HR Generalist,51-200 employees,2024-01-11,5,Honest review,"We rolled out PlanBoard to the whole team in under a week. We migrated from a legacy system. Our account manager is responsive and genuinely helpful. It's fast, even with thousands of records. Reporting could be more flexible. Great value.",positive
425,Pipely,CRM,Marketing Specialist,1-10 employees,2024-09-03,4,Solid and fast,Our team adopted Pipely after trying three other tools. The deal tracking alone is worth the price. Pricing is fair for what you get. My one complaint is the price for larger teams. It integrates smoothly with Slack and Google Workspace.,positive
426,MailMosaic,Email Marketing,Product Owner,501-1000 employees,2025-06-02,4,Does the job really well,"I've used MailMosaic for about two years now. I use it every day. The interface is clean and easy to learn, even for non-technical people. Never had an issue with billing. Our account manager is responsive and genuinely helpful. Great value.",positive
427,MetricMint,Analytics,Marketing Specialist,1000+ employees,2025-01-03,4,Great tool for our team,We mainly use it for the scheduled exports. Not bad at all once you get used to it. Importing our old data took one afternoon. Search almost never finds what I'm looking for. Would recommend to any growing team.,positive
428,ClientOrbit,CRM,HR Generalist,51-200 employees,2024-04-03,2,Too many bugs,"I wanted to like ClientOrbit, but it has been a struggle. Our managers still export everything to Excel.",negative
429,TaskHarbor,Project Management,Founder,1000+ employees,2024-05-29,2,Frustrating experience,No complaints about the Gantt chart. Hard to find anything they do well. Permissions are too rigid for a team our size. Nothing about the kanban boards feels finished.,negative
430,ChartCove,Analytics,HR Generalist,1000+ employees,2025-08-20,4,Huge time saver,Our team adopted ChartCove after trying three other tools. I use it every day. Our managers finally have visibility into what everyone is doing. Reporting could be more flexible. Hard to find anything they could improve. Our account manager is responsive and genuinely helpful. Solid choice.,positive
431,HireCanvas,HR Software,Finance Manager,51-200 employees,2025-04-19,5,Two years in,The onboarding checklists is intuitive and saves us hours every week. 5 stars from me.,positive
432,PlanBoard,Project Management,Support Team Lead,51-200 employees,2024-06-29,5,Worth every penny,"Our IT team handled the rollout. Not cheap, but definitely worth it. Search almost never finds what I'm looking for.",positive
433,TicketTide,Help Desk,CTO,51-200 employees,2024-09-12,4,TicketTide for a mid-sized team,"I've used TicketTide for about two years now. Not worth the money at all. The mobile app is surprisingly good. Reliable, we've had basically no downtime.",positive
434,StaffSpring,HR Software,Operations Lead,1000+ employees,2024-06-10,5,Does the job really well,It integrates smoothly with Slack and Google Workspace.,positive
435,TaskHarbor,Project Management,Project Manager,1-10 employees,2025-07-11,4,Thoughts after one year,"We evaluated it against two competitors. It replaced two other tools for us, which saved money. Would recommend to any growing team.",positive
436,SupportLoop,Help Desk,Finance Manager,1000+ employees,2025-01-05,1,Disappointed,We evaluated it against two competitors. Documentation is outdated and missing key details. It gets painfully slow once you have a few thousand records. New features ship regularly and they listen to feedback. Customer support takes days to reply and rarely fixes anything.,negative
437,StaffSpring,HR Software,Office Manager,201-500 employees,2024-08-17,5,StaffSpring for a mid-sized team,"I use it every day. Honestly, our old spreadsheet worked better. Hard to find anything they could improve. The payroll export alone is worth the price.",positive
438,ChartCove,Analytics,Data Analyst,501-1000 employees,2025-09-03,5,Huge time saver,Setup took weeks and the onboarding was confusing. Search actually finds what I'm looking for. Hard to find anything they could improve.,positive
439,TaskHarbor,Project Management,HR Generalist,501-1000 employees,2024-04-29,5,My take on TaskHarbor,TaskHarbor has become a core part of our daily workflow. Our IT team handled the rollout. Basic features are locked behind the enterprise plan. Not bad at all once you get used to it. Permissions and roles are flexible enough for our structure. The task dependencies is intuitive and saves us hours every week.,positive
440,HireCanvas,HR Software,Marketing Specialist,1-10 employees,2024-11-02,4,HireCanvas review,Our team adopted HireCanvas after trying three other tools. Not a single bug in the payroll export so far. Reporting could be more flexible. Highly recommend.,positive
441,CountWise,Accounting,HR Generalist,501-1000 employees,2024-01-28,4,Does the job really well,We evaluated it against two competitors. The templates gave us a head start.,positive
442,InsightForge,Analytics,HR Generalist,501-1000 employees,2024-10-13,5,Our experience with InsightForge,Really happy with InsightForge overall. Importing our old data took one afternoon. The free trial convinced the whole team. Never had an issue with billing. Great value.,positive
443,InsightForge,Analytics,Finance Manager,1-10 employees,2024-02-05,1,Not worth the price,We evaluated it against two competitors. Setup was quick and the onboarding guides were clear. Half of our team refused to use it. Avoid if you can.,negative
444,PlanBoard,Project Management,CTO,11-50 employees,2025-05-04,2,Disappointed,"I wanted to like PlanBoard, but it has been a struggle. Most of our team works remotely. Cancelling was a nightmare, they kept charging us. The idea behind the product is good.",negative
445,HelpHive,Help Desk,HR Generalist,11-50 employees,2025-06-23,2,Avoid this help desk tool,Search almost never finds what I'm looking for. The API is poorly documented and rate limits are strict. Permissions are too rigid for a team our size. Save your money.,negative
446,SupportLoop,Help Desk,Marketing Specialist,501-1000 employees,2025-04-15,2,Frustrating experience,Hard to find anything they do well.,negative
447,PeoplePort,HR Software,Support Team Lead,501-1000 employees,2024-04-17,5,Great tool for our team,No complaints about the onboarding checklists. Our account manager is responsive and genuinely helpful. 5 stars from me.,positive
448,SendGarden,Email Marketing,Project Manager,1-10 employees,2024-12-31,5,Worth every penny,Been a SendGarden customer for 18 months. We are on the business plan. Hard to find anything they do well. Hard to find anything they could improve. Definitely renewing.,positive
449,CountWise,Accounting,Data Analyst,11-50 employees,2024-02-21,5,Does the job really well,"Our team adopted CountWise after trying three other tools. We are on the business plan. Not cheap, but definitely worth it. I can't imagine going back to spreadsheets. Solid choice.",positive
450,InsightForge,Analytics,Data Analyst,501-1000 employees,2024-07-21,4,Best analytics tool we've tried,"We rolled out InsightForge to the whole team in under a week. The mobile app is surprisingly good. Reporting could be more flexible. It replaced two other tools for us, which saved money. Pricing is fair for what you get.",positive
451,LedgerLeaf,Accounting,Customer Success Manager,1-10 employees,2025-07-04,5,Easy to use and reliable,We migrated from a legacy system. Our team adoption was almost instant. Setup was quick and the onboarding guides were clear. Our account manager is responsive and genuinely helpful.,positive
452,PeoplePort,HR Software,Product Owner,201-500 employees,2024-08-23,2,"Looked good, isn't","Reports are easy to customize and share with management. Cancelling was a nightmare, they kept charging us. It gets painfully slow once you have a few thousand records. Basic features are locked behind the enterprise plan. Avoid if you can.",negative
453,SupportLoop,Help Desk,CTO,1-10 employees,2024-03-02,2,Too many bugs,Our team tried SupportLoop and it did not work out. I use it every day. The free trial convinced the whole team. Importing our old data took three weeks and a consultant. Not worth the money at all.,negative
454,ChartCove,Analytics,Office Manager,11-50 employees,2025-03-19,5,Love it,Been a ChartCove customer for 18 months. I use it every day. Automations cut a lot of repetitive manual work. New features ship regularly and they listen to feedback. The templates gave us a head start. Way too expensive for what you get.,positive
455,Pipely,CRM,Customer Success Manager,201-500 employees,2024-11-03,1,Thoughts after one year,Nothing about the pipeline view feels finished. We had several outages during business hours. Not worth the money at all.,negative
456,HireCanvas,HR Software,Sales Manager,51-200 employees,2025-01-29,1,Too many bugs,Basic features are locked behind the enterprise plan. Nothing about the payroll export feels finished. Look elsewhere.,negative
457,HireCanvas,HR Software,Project Manager,201-500 employees,2025-05-10,1,Avoid this hr software tool,"Used HireCanvas for a year, not renewing. We mainly use it for the performance reviews. It gets painfully slow once you have a few thousand records. We had several outages during business hours. The mobile app crashes constantly. Avoid if you can.",negative
458,BookBridge,Accounting,CTO,1-10 employees,2025-08-14,1,Thoughts after one year,"We are a team of 257 people. Importing our old data took three weeks and a consultant. The invoicing is not intuitive at all. The interface is pretty, I'll give them that. Avoid if you can.",negative
459,DealNest,CRM,Office Manager,11-50 employees,2025-04-28,4,Does the job really well,DealNest does exactly what we needed it to do. I use it every day. Pricing is fair for what you get. The mobile app crashes constantly. Setup was quick and the onboarding guides were clear. 5 stars from me.,positive
460,LedgerLeaf,Accounting,Founder,51-200 employees,2024-08-14,2,My take on LedgerLeaf,We used LedgerLeaf for about eight months before cancelling. We are a team of 38 people. Setup took weeks and the onboarding was confusing. It integrates smoothly with Slack and Google Workspace. Permissions are too rigid for a team our size. Very frustrating experience.,negative
461,PlanBoard,Project Management,Customer Success Manager,501-1000 employees,2024-11-13,4,Worth every penny,"I've used PlanBoard for about two years now. Reliable, we've had basically no downtime. The Gantt chart is not intuitive at all. Not bad at all once you get used to it.",positive
462,TicketTide,Help Desk,Support Team Lead,11-50 employees,2025-01-19,4,Solid and fast,Really happy with TicketTide overall. We are on the business plan. It integrates smoothly with Slack and Google Workspace. Reporting could be more flexible. The templates gave us a head start. Great value.,positive
463,HireCanvas,HR Software,Project Manager,501-1000 employees,2024-08-07,1,Avoid this hr software tool,It never syncs correctly with our calendar.,negative
464,HelpHive,Help Desk,Sales Manager,201-500 employees,2025-09-22,4,Huge time saver,HelpHive has become a core part of our daily workflow. I use it every day. Importing our old data took one afternoon. No complaints about the SLA tracking. Great value.,positive
465,CountWise,Accounting,Founder,201-500 employees,2025-02-03,1,My take on CountWise,We migrated from a legacy system. The expense tracking is clunky and slow to load. Save your money.,negative
466,SendGarden,Email Marketing,Marketing Specialist,201-500 employees,2025-05-26,2,Avoid this email marketing tool,We are currently looking for an alternative to SendGarden. We are on the business plan. The interface is cluttered and hard to navigate.,negative
467,MetricMint,Analytics,Founder,11-50 employees,2024-02-02,1,Disappointed,"Support staff are friendly, just not effective. Half of our team refused to use it. Cancelling was a nightmare, they kept charging us. Automations fail silently, so you never know what broke.",negative
468,LedgerLeaf,Accounting,Data Analyst,11-50 employees,2025-02-26,2,Huge time saver,The multi-currency support is intuitive and saves us hours every week. Our sales calls are shorter because everything is in one place. Would recommend to any growing team.,negative
469,LedgerLeaf,Accounting,Data Analyst,201-500 employees,2024-04-17,4,Best accounting tool we've tried,"LedgerLeaf has become a core part of our daily workflow. We mainly use it for the expense tracking. Our team adoption was almost instant. It replaced two other tools for us, which saved money. Not worth the money at all.",positive
470,TaskHarbor,Project Management,Support Team Lead,1000+ employees,2025-04-09,4,Great tool for our team,I've used TaskHarbor for about two years now. Not bad at all once you get used to it.,positive
471,BookBridge,Accounting,Project Manager,501-1000 employees,2025-09-02,5,Solid and fast,We rolled out BookBridge to the whole team in under a week. Not bad at all once you get used to it. Documentation is outdated and missing key details. Not a single bug in the expense tracking so far.,positive
472,MetricMint,Analytics,Support Team Lead,1000+ employees,2024-11-04,4,Worth every penny,Our team adopted MetricMint after trying three other tools. Permissions and roles are flexible enough for our structure. Automations cut a lot of repetitive manual work. Importing our old data took one afternoon.,positive
473,BookBridge,Accounting,Office Manager,201-500 employees,2025-04-12,4,Thoughts after one year,"We migrated from a legacy system. It replaced two other tools for us, which saved money. Way too expensive for what you get. The interface is clean and easy to learn, even for non-technical people.",positive
474,MailMosaic,Email Marketing,Project Manager,501-1000 employees,2025-09-07,1,MailMosaic review,The A/B testing doesn't work as advertised. Search almost never finds what I'm looking for. Setup itself was easy enough. Look elsewhere.,negative
475,PeoplePort,HR Software,Account Executive,1-10 employees,2024-01-05,2,Avoid this hr software tool,We are on the business plan. Setup itself was easy enough. Setup took weeks and the onboarding was confusing. Not renewing.,negative
476,Sprintly Pro,Project Management,Finance Manager,11-50 employees,2025-01-23,2,"Looked good, isn't",We are on the business plan. The templates are generic and mostly useless. Would not recommend.,negative
477,DealNest,CRM,Marketing Specialist,201-500 employees,2025-05-30,4,Two years in,The Slack integration breaks every few weeks. Permissions and roles are flexible enough for our structure. Solid choice.,positive
478,HelpHive,Help Desk,Project Manager,1000+ employees,2025-04-03,5,Worth every penny,I've used HelpHive for about two years now. No complaints about the SLA tracking. Reports are easy to customize and share with management.,positive
479,PeoplePort,HR Software,Office Manager,51-200 employees,2024-02-09,1,Support is non-existent,"I wanted to like PeoplePort, but it has been a struggle. Our IT team handled the rollout. It never syncs correctly with our calendar. Setup itself was easy enough. Documentation is outdated and missing key details.",negative
480,HireCanvas,HR Software,CTO,1000+ employees,2025-05-04,2,Slow and clunky,"Support staff are friendly, just not effective. The performance reviews doesn't work as advertised. Not renewing.",negative
481,BookBridge,Accounting,Data Analyst,1-10 employees,2025-08-01,2,BookBridge for a mid-sized team,We evaluated it against two competitors. The idea behind the product is good. It gets painfully slow once you have a few thousand records. Very frustrating experience.,negative
482,MetricMint,Analytics,Finance Manager,11-50 employees,2025-07-16,2,Our experience with MetricMint,"Used MetricMint for a year, not renewing. The mobile app crashes constantly. It integrates smoothly with Slack and Google Workspace. Save your money.",negative
483,InboxRocket,Email Marketing,Account Executive,1-10 employees,2025-08-26,5,Two years in,InboxRocket has become a core part of our daily workflow. We evaluated it against two competitors. Not bad at all once you get used to it. Our team adoption was almost instant. The templates gave us a head start.,positive
484,InboxRocket,Email Marketing,HR Generalist,501-1000 employees,2025-06-02,4,Two years in,"InboxRocket has become a core part of our daily workflow. Reporting could be more flexible. It replaced two other tools for us, which saved money. Search actually finds what I'm looking for. 5 stars from me.",positive
485,Sprintly Pro,Project Management,Customer Success Manager,201-500 employees,2024-12-12,2,Our experience with Sprintly Pro,We used Sprintly Pro for about eight months before cancelling. The mobile app crashes constantly. The idea behind the product is good. The interface is cluttered and hard to navigate. Very frustrating experience.,negative
486,InsightForge,Analytics,Sales Manager,11-50 employees,2024-06-02,1,Too many bugs,Pretty disappointed with InsightForge overall. We are on the business plan. Importing our old data took three weeks and a consultant. The funnel analysis doesn't work as advertised. The free trial hid most of the problems. Our sales calls are shorter because everything is in one place.,negative
487,InsightForge,Analytics,Marketing Specialist,11-50 employees,2024-10-24,2,Thoughts after one year,The data connectors is not intuitive at all. Our sales calls are shorter because everything is in one place.,negative
488,Pipely,CRM,Data Analyst,11-50 employees,2025-01-21,2,Support is non-existent,The templates are generic and mostly useless.,negative
489,HelpHive,Help Desk,Finance Manager,201-500 employees,2024-04-11,5,Worth every penny,Our team adopted HelpHive after trying three other tools. We migrated from a legacy system. Permissions and roles are flexible enough for our structure. Our account manager is responsive and genuinely helpful. Great value.,positive
490,HireCanvas,HR Software,Marketing Specialist,201-500 employees,2025-08-26,4,Best hr software tool we've tried,We mainly use it for the onboarding checklists. It gets painfully slow once you have a few thousand records. The PTO tracking is intuitive and saves us hours every week. Would recommend to any growing team.,positive
491,PeoplePort,HR Software,Marketing Specialist,1-10 employees,2024-09-29,4,PeoplePort review,"Most of our team works remotely. We had several outages during business hours. The interface is clean and easy to learn, even for non-technical people. Highly recommend.",positive
492,TaskHarbor,Project Management,Product Owner,1000+ employees,2025-08-04,2,Honest review,Our team tried TaskHarbor and it did not work out. The interface is cluttered and hard to navigate. The kanban boards is buggy and loses data occasionally.,negative
493,Sprintly Pro,Project Management,Founder,201-500 employees,2024-03-07,4,Worth every penny,Permissions are too rigid for a team our size. Our managers finally have visibility into what everyone is doing. Reports are easy to customize and share with management. 5 stars from me.,positive
494,TicketTide,Help Desk,Project Manager,501-1000 employees,2024-10-04,5,My take on TicketTide,Been a TicketTide customer for 18 months. Permissions are too rigid for a team our size. Setup was quick and the onboarding guides were clear. Great value.,positive
495,BookBridge,Accounting,Customer Success Manager,1-10 employees,2025-03-31,2,My take on BookBridge,"Used BookBridge for a year, not renewing. The Slack integration breaks every few weeks. The free trial hid most of the problems. The idea behind the product is good. We had several outages during business hours. Very frustrating experience.",negative
496,InboxRocket,Email Marketing,Founder,201-500 employees,2025-01-11,1,Support is non-existent,"InboxRocket looked great in the demo, the reality is different. Our IT team handled the rollout. The drag-and-drop editor doesn't work as advertised. The mobile app crashes constantly. Documentation is outdated and missing key details. Would not recommend.",negative
497,TicketTide,Help Desk,Customer Success Manager,11-50 employees,2025-07-18,2,Too many bugs,We migrated from a legacy system. The shared inbox is not intuitive at all. The free trial hid most of the problems. Search almost never finds what I'm looking for.,negative
498,ClientOrbit,CRM,Sales Manager,201-500 employees,2025-03-21,4,Great tool for our team,"I've used ClientOrbit for about two years now. We are a team of 159 people. Not cheap, but definitely worth it.",positive
499,CountWise,Accounting,Founder,1-10 employees,2024-04-27,4,CountWise for a mid-sized team,CountWise does exactly what we needed it to do. The free trial convinced the whole team. The free trial hid most of the problems. Setup was quick and the onboarding guides were clear.,positive
500,TaskHarbor,Project Management,Operations Lead,201-500 employees,2024-04-05,4,TaskHarbor for a mid-sized team,We mainly use it for the time tracking. Hard to find anything they could improve. Definitely renewing.,positive
501,HelpHive,Help Desk,Project Manager,501-1000 employees,2024-03-18,4,Worth every penny,We switched to HelpHive last year and haven't looked back. Automations cut a lot of repetitive manual work. New features ship regularly and they listen to feedback. Great value.,positive
502,SupportLoop,Help Desk,Data Analyst,1-10 employees,2025-06-20,4,Huge time saver,SupportLoop has become a core part of our daily workflow. Setup was quick and the onboarding guides were clear. Our team adoption was almost instant. Our sales calls are shorter because everything is in one place. There is a small learning curve at the start. Highly recommend.,positive
503,HelpHive,Help Desk,Finance Manager,1-10 employees,2024-06-04,2,My take on HelpHive,"HelpHive looked great in the demo, the reality is different. It never syncs correctly with our calendar.",negative
504,StaffSpring,HR Software,CTO,501-1000 employees,2025-03-15,5,Does the job really well,StaffSpring has become a core part of our daily workflow. The API is well designed and easy to work with. Search actually finds what I'm looking for. The only downside is that the PTO tracking could be a bit faster. Highly recommend.,positive
505,DealNest,CRM,Founder,501-1000 employees,2024-06-08,2,Avoid this crm tool,We are a team of 236 people. Importing our old data took three weeks and a consultant. Look elsewhere.,negative
506,StaffSpring,HR Software,Sales Manager,1000+ employees,2025-03-26,5,Best hr software tool we've tried,Most of our team works remotely. Our sales calls are shorter because everything is in one place. The templates are generic and mostly useless. Permissions and roles are flexible enough for our structure. Solid choice.,positive
507,CountWise,Accounting,CTO,11-50 employees,2024-06-07,2,Not worth the price,"Our IT team handled the rollout. Way too expensive for what you get. Not cheap, but definitely worth it.",negative
508,ChartCove,Analytics,Customer Success Manager,51-200 employees,2025-04-02,4,Worth every penny,We migrated from a legacy system. Customer support answers within minutes and actually solves the problem. The mobile app is surprisingly good. Our sales calls are shorter because everything is in one place. Solid choice.,positive
509,HelpHive,Help Desk,Office Manager,1000+ employees,2025-06-13,5,My take on HelpHive,Setup was quick and the onboarding guides were clear. The mobile app is surprisingly good. The SLA tracking is buggy and loses data occasionally. Customer support answers within minutes and actually solves the problem. Definitely renewing.,positive
510,ClientOrbit,CRM,Office Manager,11-50 employees,2024-08-27,4,Does the job really well,Our sales calls are shorter because everything is in one place.,positive
511,HelpHive,Help Desk,Project Manager,11-50 employees,2024-08-24,1,Thoughts after one year,Permissions and roles are flexible enough for our structure. Setup took weeks and the onboarding was confusing.,negative
512,ChartCove,Analytics,Sales Manager,501-1000 employees,2025-07-14,4,ChartCove for a mid-sized team,"ChartCove does exactly what we needed it to do. It's fast, even with thousands of records.",positive
513,PlanBoard,Project Management,Operations Lead,1-10 employees,2024-01-20,1,Honest review,Not a single bug in the time tracking so far. The team workload view doesn't work as advertised. Documentation is outdated and missing key details. Look elsewhere.,negative
514,InboxRocket,Email Marketing,Marketing Specialist,1-10 employees,2025-02-25,5,Honest review,"We rolled out InboxRocket to the whole team in under a week. It's fast, even with thousands of records. The mobile app could use some work, but it's fine.",positive
515,ChartCove,Analytics,Support Team Lead,501-1000 employees,2025-03-23,2,ChartCove for a mid-sized team,We are a team of 119 people. The custom reports is not intuitive at all. Our sales calls are shorter because everything is in one place. Setup took weeks and the onboarding was confusing.,negative
516,MailMosaic,Email Marketing,Account Executive,501-1000 employees,2025-04-23,4,MailMosaic review,We are a team of 192 people. New features ship regularly and they listen to feedback. Our sales calls are shorter because everything is in one place.,positive
517,MetricMint,Analytics,Marketing Specialist,51-200 employees,2024-09-30,5,Huge time saver,"The mobile app could use some work, but it's fine. The free trial convinced the whole team. The custom reports works exactly as advertised.",positive
518,PlanBoard,Project Management,HR Generalist,201-500 employees,2024-10-04,5,Does the job really well,Our IT team handled the rollout. Hard to find anything they do well. The templates gave us a head start.,positive
519,MailMosaic,Email Marketing,Support Team Lead,201-500 employees,2024-04-28,1,Two years in,Our team tried MailMosaic and it did not work out. Customer support takes days to reply and rarely fixes anything. Hard to find anything they could improve. The campaign reports doesn't work as advertised.,negative
520,ClientOrbit,CRM,Sales Manager,501-1000 employees,2025-03-12,2,Support is non-existent,They raised the price by 40% with almost no notice. The templates are generic and mostly useless.,negative
521,CountWise,Accounting,Support Team Lead,11-50 employees,2024-02-17,5,Worth every penny,"The bank reconciliation alone is worth the price. Our sales calls got longer because the data is scattered. Not cheap, but definitely worth it. Would recommend to any growing team.",positive
522,HelpHive,Help Desk,Product Owner,1-10 employees,2025-01-08,2,HelpHive review,Basic features are locked behind the enterprise plan. The knowledge base is not intuitive at all. Not renewing.,negative
523,PeoplePort,HR Software,Sales Manager,1-10 employees,2025-09-08,5,Honest review,We are a team of 61 people. Automations cut a lot of repetitive manual work. It integrates smoothly with Slack and Google Workspace. Highly recommend.,positive
524,StaffSpring,HR Software,Sales Manager,501-1000 employees,2024-04-30,2,"Looked good, isn't","I wanted to like StaffSpring, but it has been a struggle. We evaluated it against two competitors. Honestly, our old spreadsheet worked better. Our account manager is responsive and genuinely helpful. Automations fail silently, so you never know what broke.",negative
525,BookBridge,Accounting,Support Team Lead,1-10 employees,2025-09-20,2,Support is non-existent,"Used BookBridge for a year, not renewing. Basic features are locked behind the enterprise plan. Setup itself was easy enough. Honestly, our old spreadsheet worked better. Look elsewhere.",negative
526,LedgerLeaf,Accounting,Support Team Lead,1-10 employees,2024-06-21,4,Thoughts after one year,LedgerLeaf does exactly what we needed it to do. The templates gave us a head start. Hard to find anything they could improve. New features ship regularly and they listen to feedback.,positive
527,PeoplePort,HR Software,Office Manager,11-50 employees,2025-01-28,5,Easy to use and reliable,PeoplePort does exactly what we needed it to do. Most of our team works remotely. Automations cut a lot of repetitive manual work. It gets painfully slow once you have a few thousand records.,positive
528,ClientOrbit,CRM,Product Owner,11-50 employees,2024-05-15,4,Easy to use and reliable,We are a team of 91 people. Automations cut a lot of repetitive manual work. Nothing about the pipeline view feels finished. Pricing is fair for what you get.,positive
529,Pipely,CRM,Customer Success Manager,11-50 employees,2025-01-08,4,Huge time saver,Pipely has become a core part of our daily workflow. We migrated from a legacy system. The free trial convinced the whole team. Definitely renewing.,positive
530,ClientOrbit,CRM,CTO,51-200 employees,2025-08-24,1,ClientOrbit review,"We are currently looking for an alternative to ClientOrbit. Most of our team works remotely. The API is poorly documented and rate limits are strict. To be fair, the sales reports looks nice. Not worth the money at all. Very frustrating experience.",negative
531,SendGarden,Email Marketing,HR Generalist,501-1000 employees,2024-03-13,4,Solid and fast,"The interface is clean and easy to learn, even for non-technical people. The A/B testing is intuitive and saves us hours every week. Hard to find anything they do well. It replaced two other tools for us, which saved money. Highly recommend.",positive
532,BookBridge,Accounting,Marketing Specialist,51-200 employees,2025-05-07,1,Honest review,"Our team tried BookBridge and it did not work out. Cancelling was a nightmare, they kept charging us. We had several outages during business hours. Save your money.",negative
533,CountWise,Accounting,Support Team Lead,501-1000 employees,2025-08-01,5,Great tool for our team,"There is a small learning curve at the start. The interface is clean and easy to learn, even for non-technical people. Highly recommend.",positive
534,HelpHive,Help Desk,Sales Manager,1-10 employees,2024-07-28,5,Two years in,Not bad at all once you get used to it. It integrates smoothly with Slack and Google Workspace. Automations cut a lot of repetitive manual work.,positive
535,InboxRocket,Email Marketing,Operations Lead,501-1000 employees,2025-03-02,1,Frustrating experience,We are currently looking for an alternative to InboxRocket. Customer support answers within minutes and actually solves the problem. Setup took weeks and the onboarding was confusing. They raised the price by 40% with almost no notice.,negative
536,LedgerLeaf,Accounting,HR Generalist,201-500 employees,2024-05-06,4,Solid and fast,Really happy with LedgerLeaf overall. I use it every day. Not worth the money at all. Reports are easy to customize and share with management. Great value.,positive
537,SupportLoop,Help Desk,Marketing Specialist,11-50 employees,2025-03-13,5,SupportLoop for a mid-sized team,"We evaluated it against two competitors. It replaced two other tools for us, which saved money. The shared inbox is not intuitive at all. Not cheap, but definitely worth it. New features ship regularly and they listen to feedback.",positive
538,ChartCove,Analytics,Marketing Specialist,501-1000 employees,2024-12-20,2,Slow and clunky,We migrated from a legacy system. The templates are generic and mostly useless. Not renewing.,negative
539,TaskHarbor,Project Management,Project Manager,1000+ employees,2024-12-03,4,Does the job really well,"Not cheap, but definitely worth it. Customer support answers within minutes and actually solves the problem.",positive
540,TicketTide,Help Desk,Data Analyst,51-200 employees,2024-05-20,4,Solid and fast,The free trial convinced the whole team. Reports are easy to customize and share with management.,positive
541,HelpHive,Help Desk,Founder,11-50 employees,2024-02-24,2,Support is non-existent,"Nothing about the SLA tracking feels finished. We had several outages during business hours. Automations fail silently, so you never know what broke.",negative
542,BookBridge,Accounting,Founder,11-50 employees,2024-04-14,1,Support is non-existent,"BookBridge looked great in the demo, the reality is different. It never syncs correctly with our calendar. They raised the price by 40% with almost no notice. The mobile app crashes constantly. Not a single bug in the bank reconciliation so far.",negative
543,Sprintly Pro,Project Management,Founder,201-500 employees,2025-09-11,2,Honest review,"Nothing about the time tracking feels finished. Documentation is outdated and missing key details. The interface is pretty, I'll give them that. Very frustrating experience.",negative
544,InboxRocket,Email Marketing,Project Manager,501-1000 employees,2025-02-18,2,Support is non-existent,We are currently looking for an alternative to InboxRocket. I use it every day. Our managers still export everything to Excel. Very frustrating experience.,negative
545,SupportLoop,Help Desk,Sales Manager,201-500 employees,2025-02-09,1,Thoughts after one year,"I use it every day. The free trial hid most of the problems. Honestly, our old spreadsheet worked better. Very frustrating experience.",negative
546,HelpHive,Help Desk,Support Team Lead,51-200 employees,2024-02-11,5,Love it,The templates gave us a head start. Our sales calls are shorter because everything is in one place. There is a small learning curve at the start. Great value.,positive
547,SupportLoop,Help Desk,Project Manager,51-200 employees,2025-06-11,4,Great tool for our team,We are on the business plan. Reports are easy to customize and share with management. It integrates smoothly with Slack and Google Workspace. Great value.,positive
548,Sprintly Pro,Project Management,HR Generalist,501-1000 employees,2025-03-30,2,Sprintly Pro for a mid-sized team,We mainly use it for the kanban boards. Permissions and roles are flexible enough for our structure. Not worth the money at all. The task dependencies is not intuitive at all. Very frustrating experience.,negative
549,HelpHive,Help Desk,Project Manager,201-500 employees,2025-03-27,2,My take on HelpHive,We are currently looking for an alternative to HelpHive. The interface is cluttered and hard to navigate. Very frustrating experience.,negative
550,PeoplePort,HR Software,Product Owner,1000+ employees,2025-03-01,1,Not worth the price,"We moved to PeoplePort last year and regret it. Most of our team works remotely. Automations fail silently, so you never know what broke. Setup itself was easy enough. Save your money.",negative
551,TaskHarbor,Project Management,CTO,11-50 employees,2025-06-13,5,Love it,"I've used TaskHarbor for about two years now. We mainly use it for the team workload view. Automations cut a lot of repetitive manual work. It replaced two other tools for us, which saved money. Not cheap, but definitely worth it. The only downside is that the team workload view could be a bit faster.",positive
552,MailMosaic,Email Marketing,Marketing Specialist,501-1000 employees,2025-04-02,5,MailMosaic for a mid-sized team,Importing our old data took one afternoon. Our managers still export everything to Excel.,positive
553,HelpHive,Help Desk,Data Analyst,201-500 employees,2025-09-10,1,My take on HelpHive,"Used HelpHive for a year, not renewing. The Slack integration breaks every few weeks. To be fair, the ticket routing looks nice. Save your money.",negative
554,TaskHarbor,Project Management,Product Owner,1000+ employees,2025-09-13,2,Our experience with TaskHarbor,We used TaskHarbor for about eight months before cancelling. We evaluated it against two competitors. The Slack integration breaks every few weeks. Avoid if you can.,negative
555,HireCanvas,HR Software,Account Executive,51-200 employees,2024-01-25,4,Our experience with HireCanvas,"Most of our team works remotely. Reliable, we've had basically no downtime. Reporting could be more flexible. New features ship regularly and they listen to feedback. The free trial convinced the whole team.",positive
556,TaskHarbor,Project Management,Product Owner,11-50 employees,2024-04-07,5,Two years in,"I've used TaskHarbor for about two years now. The API is well designed and easy to work with. Documentation is outdated and missing key details. Reliable, we've had basically no downtime. 5 stars from me.",positive
557,BookBridge,Accounting,Customer Success Manager,51-200 employees,2024-03-17,4,Huge time saver,Customer support answers within minutes and actually solves the problem. Definitely renewing.,positive
558,DealNest,CRM,Finance Manager,201-500 employees,2024-09-18,2,Not worth the price,Our managers still export everything to Excel. Basic features are locked behind the enterprise plan. Hard to find anything they do well. The mobile app is surprisingly good.,negative
559,InsightForge,Analytics,CTO,1-10 employees,2024-12-16,5,Huge time saver,We switched to InsightForge last year and haven't looked back. Most of our team works remotely. Never had an issue with billing. The mobile app is surprisingly good.,positive
560,LedgerLeaf,Accounting,Operations Lead,1-10 employees,2024-01-04,4,Two years in,Documentation is thorough and up to date. Importing our old data took one afternoon. They raised the price by 40% with almost no notice. 5 stars from me.,positive
561,BookBridge,Accounting,Project Manager,1-10 employees,2024-05-24,2,Two years in,"Used BookBridge for a year, not renewing. I use it every day. Our sales calls got longer because the data is scattered. The idea behind the product is good. Cancelling was a nightmare, they kept charging us. Reporting is very limited and hard to customize. Avoid if you can.",negative
562,SendGarden,Email Marketing,Operations Lead,1-10 employees,2025-05-22,4,SendGarden review,"It integrates smoothly with Slack and Google Workspace. The interface is clean and easy to learn, even for non-technical people. Definitely renewing.",positive
563,ChartCove,Analytics,CTO,501-1000 employees,2024-02-05,4,Our experience with ChartCove,I can't imagine going back to spreadsheets. The funnel analysis is intuitive and saves us hours every week. Nothing about the custom reports feels finished. Reports are easy to customize and share with management.,positive
564,HireCanvas,HR Software,Finance Manager,1000+ employees,2025-04-06,5,HireCanvas review,Customer support answers within minutes and actually solves the problem. Search actually finds what I'm looking for.,positive
565,TicketTide,Help Desk,Product Owner,11-50 employees,2025-08-03,4,Love it,I've used TicketTide for about two years now. Setup was quick and the onboarding guides were clear. There is a small learning curve at the start. Our sales calls are shorter because everything is in one place. Never had an issue with billing.,positive
566,HireCanvas,HR Software,Office Manager,1000+ employees,2024-11-30,1,Too many bugs,Documentation is outdated and missing key details. The performance reviews is buggy and loses data occasionally. The API is well designed and easy to work with. The templates are generic and mostly useless.,negative
567,ClientOrbit,CRM,Data Analyst,51-200 employees,2024-08-27,5,Easy to use and reliable,I can't imagine going back to spreadsheets. Reporting could be more flexible. Not a single bug in the pipeline view so far. No complaints about the deal tracking. 5 stars from me.,positive
568,InsightForge,Analytics,Finance Manager,201-500 employees,2024-07-24,5,Great tool for our team,InsightForge does exactly what we needed it to do. The API is well designed and easy to work with.,positive
569,ClientOrbit,CRM,Support Team Lead,1000+ employees,2024-06-16,4,Two years in,"It replaced two other tools for us, which saved money. Definitely renewing.",positive
570,StaffSpring,HR Software,Support Team Lead,201-500 employees,2024-08-03,1,Honest review,Half of our team refused to use it. The Slack integration breaks every few weeks. Customer support answers within minutes and actually solves the problem. Our account manager disappeared after we signed the contract. Would not recommend.,negative
571,MailMosaic,Email Marketing,Operations Lead,1000+ employees,2024-03-12,1,My take on MailMosaic,"Honestly, our old spreadsheet worked better. Save your money.",negative
572,PlanBoard,Project Management,Data Analyst,1000+ employees,2024-04-17,2,Avoid this project management tool,I use it every day. It gets painfully slow once you have a few thousand records. Way too expensive for what you get. Would not recommend.,negative
573,MetricMint,Analytics,Office Manager,1-10 employees,2024-08-15,2,Honest review,"The Slack integration breaks every few weeks. Hard to find anything they do well. Cancelling was a nightmare, they kept charging us.",negative
574,CountWise,Accounting,Office Manager,51-200 employees,2024-07-15,5,Two years in,"We mainly use it for the invoicing. There is a small learning curve at the start. It replaced two other tools for us, which saved money. New features ship regularly and they listen to feedback. The API is well designed and easy to work with. Definitely renewing.",positive
575,LedgerLeaf,Accounting,Customer Success Manager,1-10 employees,2024-06-02,4,LedgerLeaf review,Our team adopted LedgerLeaf after trying three other tools. My one complaint is the price for larger teams. Setup was quick and the onboarding guides were clear. Not a single bug in the invoicing so far.,positive
576,TicketTide,Help Desk,HR Generalist,501-1000 employees,2024-12-21,1,TicketTide review,We are on the business plan. Not worth the money at all. Search almost never finds what I'm looking for.,negative
577,DealNest,CRM,Support Team Lead,201-500 employees,2025-04-10,2,"Looked good, isn't","Used DealNest for a year, not renewing. Not worth the money at all. Our managers still export everything to Excel. Our team adoption was almost instant.",negative
578,LedgerLeaf,Accounting,Project Manager,1-10 employees,2024-06-22,5,LedgerLeaf for a mid-sized team,"We rolled out LedgerLeaf to the whole team in under a week. We are a team of 250 people. The free trial convinced the whole team. Permissions and roles are flexible enough for our structure. The interface is clean and easy to learn, even for non-technical people. Definitely renewing.",positive
579,MetricMint,Analytics,Data Analyst,1-10 employees,2025-02-19,2,Avoid this analytics tool,We are on the business plan. The idea behind the product is good. It gets painfully slow once you have a few thousand records.,negative
580,TicketTide,Help Desk,Product Owner,11-50 employees,2025-04-24,5,Thoughts after one year,"The mobile app could use some work, but it's fine. No complaints about the knowledge base. Definitely renewing.",positive
581,TaskHarbor,Project Management,HR Generalist,201-500 employees,2025-03-29,4,TaskHarbor review,TaskHarbor does exactly what we needed it to do. Reports are easy to customize and share with management. Our managers finally have visibility into what everyone is doing. The kanban boards alone is worth the price. Great value.,positive
582,MetricMint,Analytics,Product Owner,1000+ employees,2025-08-12,5,Best analytics tool we've tried,Our team adopted MetricMint after trying three other tools. The scheduled exports is clunky and slow to load. Not bad at all once you get used to it.,positive
583,HireCanvas,HR Software,Account Executive,201-500 employees,2024-02-06,4,Honest review,We switched to HireCanvas last year and haven't looked back. Our IT team handled the rollout. It gets painfully slow once you have a few thousand records. The free trial convinced the whole team. 5 stars from me.,positive
584,InsightForge,Analytics,Office Manager,501-1000 employees,2024-09-14,4,InsightForge review,Been a InsightForge customer for 18 months. Hard to find anything they could improve. Setup was quick and the onboarding guides were clear.,positive
585,MailMosaic,Email Marketing,Account Executive,1-10 employees,2024-05-20,1,Honest review,"We mainly use it for the A/B testing. Cancelling was a nightmare, they kept charging us. To be fair, the automation workflows looks nice. Search almost never finds what I'm looking for. Very frustrating experience.",negative
586,BookBridge,Accounting,Operations Lead,11-50 employees,2025-06-30,2,Two years in,The interface is cluttered and hard to navigate. It gets painfully slow once you have a few thousand records. Look elsewhere.,negative
587,TaskHarbor,Project Management,Operations Lead,11-50 employees,2024-12-22,2,Two years in,"It gets painfully slow once you have a few thousand records. To be fair, the Gantt chart looks nice. Look elsewhere.",negative
588,DealNest,CRM,Marketing Specialist,11-50 employees,2024-04-03,4,Our experience with DealNest,"We migrated from a legacy system. Permissions and roles are flexible enough for our structure. My one complaint is the price for larger teams. The free trial convinced the whole team. Not cheap, but definitely worth it. Great value.",positive
589,BookBridge,Accounting,Account Executive,1-10 employees,2025-03-27,1,Two years in,"Not worth the money at all. Support staff are friendly, just not effective. Automations fail silently, so you never know what broke. Look elsewhere.",negative
590,TaskHarbor,Project Management,Customer Success Manager,201-500 employees,2025-03-26,5,Love it,"Been a TaskHarbor customer for 18 months. We mainly use it for the task dependencies. My one complaint is the price for larger teams. The interface is clean and easy to learn, even for non-technical people. Would recommend to any growing team.",positive
591,MetricMint,Analytics,Product Owner,201-500 employees,2025-05-14,2,Two years in,Our team tried MetricMint and it did not work out. Half of our team refused to use it. Importing our old data took three weeks and a consultant. Our managers still export everything to Excel.,negative
592,InboxRocket,Email Marketing,Customer Success Manager,11-50 employees,2024-03-22,5,Thoughts after one year,The API is well designed and easy to work with. There is a small learning curve at the start. Importing our old data took one afternoon.,positive
593,InboxRocket,Email Marketing,Finance Manager,501-1000 employees,2025-08-05,4,InboxRocket for a mid-sized team,"InboxRocket does exactly what we needed it to do. Most of our team works remotely. Reliable, we've had basically no downtime. Automations cut a lot of repetitive manual work. The mobile app could use some work, but it's fine. Search actually finds what I'm looking for. Highly recommend.",positive
594,Sprintly Pro,Project Management,Product Owner,1-10 employees,2024-01-26,2,Sprintly Pro for a mid-sized team,"Automations fail silently, so you never know what broke. It never syncs correctly with our calendar. Permissions are too rigid for a team our size. Save your money.",negative
595,Sprintly Pro,Project Management,Operations Lead,51-200 employees,2024-10-28,5,Our experience with Sprintly Pro,We rolled out Sprintly Pro to the whole team in under a week. Not bad at all once you get used to it. Our team adoption was almost instant. Solid choice.,positive
596,DealNest,CRM,Marketing Specialist,51-200 employees,2024-10-20,1,Slow and clunky,"DealNest looked great in the demo, the reality is different. We mainly use it for the pipeline view. Way too expensive for what you get. Honestly, our old spreadsheet worked better.",negative
597,Pipely,CRM,Operations Lead,1000+ employees,2025-07-15,5,Does the job really well,Search actually finds what I'm looking for. Highly recommend.,positive
598,MetricMint,Analytics,Project Manager,201-500 employees,2025-07-19,5,Great tool for our team,Our team adopted MetricMint after trying three other tools. I use it every day. My one complaint is the price for larger teams. Our team adoption was almost instant. The templates gave us a head start. The free trial convinced the whole team. 5 stars from me.,positive
599,TaskHarbor,Project Management,Sales Manager,1000+ employees,2024-01-27,1,Disappointed,"The task dependencies is buggy and loses data occasionally. The Slack integration breaks every few weeks. Setup itself was easy enough. Cancelling was a nightmare, they kept charging us. Would not recommend.",negative
600,BookBridge,Accounting,Marketing Specialist,1-10 employees,2024-05-04,4,Does the job really well,Been a BookBridge customer for 18 months. We evaluated it against two competitors. Our managers finally have visibility into what everyone is doing.,positive
601,Sprintly Pro,Project Management,Product Owner,11-50 employees,2024-09-05,2,Solid and fast,We rolled out Sprintly Pro to the whole team in under a week. Our IT team handled the rollout. The API is well designed and easy to work with. Never had an issue with billing. Solid choice.,negative
602,CountWise,Accounting,Account Executive,1-10 employees,2024-08-04,1,Slow and clunky,We are currently looking for an alternative to CountWise. Most of our team works remotely. Nothing about the expense tracking feels finished. Importing our old data took three weeks and a consultant. We had several outages during business hours. Not renewing.,negative
603,TaskHarbor,Project Management,Office Manager,201-500 employees,2024-09-01,4,My take on TaskHarbor,We switched to TaskHarbor last year and haven't looked back. My one complaint is the price for larger teams. Not a single bug in the kanban boards so far. Solid choice.,positive
604,PeoplePort,HR Software,Data Analyst,11-50 employees,2025-04-06,1,PeoplePort for a mid-sized team,"We moved to PeoplePort last year and regret it. Cancelling was a nightmare, they kept charging us. Not renewing.",negative
605,InboxRocket,Email Marketing,CTO,501-1000 employees,2024-01-20,5,My take on InboxRocket,Hard to find anything they could improve. Reports are easy to customize and share with management.,positive
606,LedgerLeaf,Accounting,Data Analyst,1-10 employees,2024-09-11,4,Worth every penny,Our team adopted LedgerLeaf after trying three other tools. We migrated from a legacy system. No complaints about the multi-currency support. Hard to find anything they could improve. Our sales calls are shorter because everything is in one place. They raised the price by 40% with almost no notice.,positive
607,HireCanvas,HR Software,Customer Success Manager,1-10 employees,2024-04-01,1,HireCanvas review,We moved to HireCanvas last year and regret it. Our account manager is responsive and genuinely helpful. The free trial hid most of the problems. Would not recommend.,negative
608,TaskHarbor,Project Management,Sales Manager,201-500 employees,2024-11-19,4,Best project management tool we've tried,We evaluated it against two competitors. Documentation is thorough and up to date. Nothing about the time tracking feels finished. The mobile app is surprisingly good. 5 stars from me.,positive
609,TicketTide,Help Desk,Support Team Lead,1-10 employees,2024-09-24,4,TicketTide for a mid-sized team,"Not bad at all once you get used to it. Reliable, we've had basically no downtime. Our team adoption was almost instant.",positive
610,LedgerLeaf,Accounting,Product Owner,501-1000 employees,2024-07-24,5,Love it,"Really happy with LedgerLeaf overall. Most of our team works remotely. It's fast, even with thousands of records. There is a small learning curve at the start. Highly recommend.",positive
611,Sprintly Pro,Project Management,Operations Lead,501-1000 employees,2024-12-18,5,Two years in,Reports are easy to customize and share with management. Way too expensive for what you get.,positive
612,PlanBoard,Project Management,Project Manager,201-500 employees,2025-04-03,1,Avoid this project management tool,Our account manager disappeared after we signed the contract. The interface is cluttered and hard to navigate.,negative
613,SupportLoop,Help Desk,Founder,1-10 employees,2024-12-19,5,Best help desk tool we've tried,Reports are easy to customize and share with management. The mobile app crashes constantly.,positive
614,InboxRocket,Email Marketing,Data Analyst,501-1000 employees,2024-04-13,4,Easy to use and reliable,"Reliable, we've had basically no downtime. Search almost never finds what I'm looking for. Permissions and roles are flexible enough for our structure. The free trial convinced the whole team. Solid choice.",positive
615,DealNest,CRM,Founder,1-10 employees,2025-01-20,5,Does the job really well,Really happy with DealNest overall. We migrated from a legacy system. There is a small learning curve at the start. Setup was quick and the onboarding guides were clear. The API is well designed and easy to work with.,positive
616,HireCanvas,HR Software,Office Manager,1-10 employees,2024-06-03,1,My take on HireCanvas,"Automations fail silently, so you never know what broke. They raised the price by 40% with almost no notice. Setup itself was easy enough. Very frustrating experience.",negative
617,HireCanvas,HR Software,Customer Success Manager,1-10 employees,2024-06-15,4,Solid and fast,"I've used HireCanvas for about two years now. The only downside is that the onboarding checklists could be a bit faster. It replaced two other tools for us, which saved money. Highly recommend.",positive
618,ClientOrbit,CRM,Product Owner,201-500 employees,2025-07-27,4,Love it,We rolled out ClientOrbit to the whole team in under a week. We migrated from a legacy system. The pipeline view is clunky and slow to load. Importing our old data took one afternoon. The contact management is intuitive and saves us hours every week. Automations cut a lot of repetitive manual work.,positive
619,ChartCove,Analytics,Operations Lead,51-200 employees,2024-09-07,4,Solid and fast,Our IT team handled the rollout. Not a single bug in the dashboards so far. The templates gave us a head start. The free trial convinced the whole team.,positive
620,InboxRocket,Email Marketing,Founder,501-1000 employees,2024-10-24,4,My take on InboxRocket,"Really happy with InboxRocket overall. Our managers finally have visibility into what everyone is doing. Reliable, we've had basically no downtime.",positive
621,ClientOrbit,CRM,Marketing Specialist,1000+ employees,2024-02-22,5,Worth every penny,We rolled out ClientOrbit to the whole team in under a week. Our sales calls are shorter because everything is in one place. Reports are easy to customize and share with management. Our team adoption was almost instant.,positive
622,InboxRocket,Email Marketing,Office Manager,11-50 employees,2024-12-24,4,InboxRocket review,Our team adopted InboxRocket after trying three other tools. Reports are easy to customize and share with management. The A/B testing is clunky and slow to load.,positive
623,ClientOrbit,CRM,CTO,201-500 employees,2025-01-08,5,Solid and fast,Been a ClientOrbit customer for 18 months. Our managers finally have visibility into what everyone is doing. Pricing is fair for what you get. Would recommend to any growing team.,positive
624,MetricMint,Analytics,Finance Manager,201-500 employees,2025-04-19,5,Huge time saver,I've used MetricMint for about two years now. The dashboards alone is worth the price. Our managers finally have visibility into what everyone is doing.,positive
625,ClientOrbit,CRM,Office Manager,11-50 employees,2025-05-04,2,Too many bugs,"We are on the business plan. Support staff are friendly, just not effective. It gets painfully slow once you have a few thousand records. Not worth the money at all. The API is poorly documented and rate limits are strict.",negative
626,PeoplePort,HR Software,Founder,201-500 employees,2025-03-09,5,Solid and fast,"PeoplePort has become a core part of our daily workflow. We evaluated it against two competitors. Not worth the money at all. Not cheap, but definitely worth it. No complaints about the org chart. Reports are easy to customize and share with management. Would recommend to any growing team.",positive
627,InboxRocket,Email Marketing,Customer Success Manager,11-50 employees,2024-06-10,4,Love it,Really happy with InboxRocket overall. Customer support takes days to reply and rarely fixes anything. It integrates smoothly with Slack and Google Workspace.,positive
628,DealNest,CRM,Product Owner,51-200 employees,2025-06-07,1,Two years in,"I wanted to like DealNest, but it has been a struggle. Our IT team handled the rollout. The interface is pretty, I'll give them that. Customer support takes days to reply and rarely fixes anything. Not worth the money at all. It never syncs correctly with our calendar.",negative
629,CountWise,Accounting,Finance Manager,201-500 employees,2024-04-28,2,Avoid this accounting tool,"We are currently looking for an alternative to CountWise. Permissions are too rigid for a team our size. To be fair, the multi-currency support looks nice. Way too expensive for what you get.",negative
630,SupportLoop,Help Desk,Marketing Specialist,11-50 employees,2024-07-17,4,Too many bugs,"Not worth the money at all. Permissions are too rigid for a team our size. The interface is pretty, I'll give them that. Customer support takes days to reply and rarely fixes anything.",positive
631,HireCanvas,HR Software,Office Manager,501-1000 employees,2024-07-25,4,HireCanvas for a mid-sized team,Really happy with HireCanvas overall. Our IT team handled the rollout. The free trial convinced the whole team.,positive
632,HireCanvas,HR Software,Operations Lead,1-10 employees,2024-12-22,1,Not worth the price,We are currently looking for an alternative to HireCanvas. Nothing about the performance reviews feels finished. Way too expensive for what you get. Not worth the money at all. Our managers finally have visibility into what everyone is doing. Save your money.,negative
633,DealNest,CRM,Finance Manager,201-500 employees,2024-09-12,1,Our experience with DealNest,Most of our team works remotely. They raised the price by 40% with almost no notice. Importing our old data took three weeks and a consultant. Save your money.,negative
634,HireCanvas,HR Software,Support Team Lead,501-1000 employees,2024-08-20,5,HireCanvas for a mid-sized team,We switched to HireCanvas last year and haven't looked back. New features ship regularly and they listen to feedback. Great value.,positive
635,InboxRocket,Email Marketing,Project Manager,501-1000 employees,2024-03-11,4,My take on InboxRocket,We rolled out InboxRocket to the whole team in under a week. Documentation is thorough and up to date. Half of our team refused to use it. Hard to find anything they could improve.,positive
636,Pipely,CRM,Customer Success Manager,51-200 employees,2025-02-28,4,Easy to use and reliable,Most of our team works remotely. The templates gave us a head start. There is a small learning curve at the start.,positive
637,CountWise,Accounting,Data Analyst,51-200 employees,2024-01-23,5,CountWise review,CountWise has become a core part of our daily workflow. Not bad at all once you get used to it. Permissions are too rigid for a team our size. Our managers finally have visibility into what everyone is doing. The free trial convinced the whole team.,positive
638,BookBridge,Accounting,HR Generalist,51-200 employees,2025-03-20,2,Thoughts after one year,The free trial hid most of the problems. The idea behind the product is good.,negative
639,PeoplePort,HR Software,Support Team Lead,11-50 employees,2024-02-18,1,Thoughts after one year,We are a team of 111 people. Half of our team refused to use it. It gets painfully slow once you have a few thousand records. Not worth the money at all. Look elsewhere.,negative
640,LedgerLeaf,Accounting,Founder,501-1000 employees,2025-01-22,4,Honest review,Our IT team handled the rollout. Not bad at all once you get used to it. Highly recommend.,positive
641,BookBridge,Accounting,Support Team Lead,201-500 employees,2025-08-19,1,Avoid this accounting tool,Pretty disappointed with BookBridge overall. Our managers still export everything to Excel. They raised the price by 40% with almost no notice. Reporting is very limited and hard to customize.,negative
642,HelpHive,Help Desk,Project Manager,11-50 employees,2024-08-26,5,Great tool for our team,Basic features are locked behind the enterprise plan. The live chat widget works exactly as advertised. Definitely renewing.,positive
643,ChartCove,Analytics,Founder,11-50 employees,2025-03-18,1,Not worth the price,We used ChartCove for about eight months before cancelling. We migrated from a legacy system. Pricing is fair for what you get. Customer support takes days to reply and rarely fixes anything. Basic features are locked behind the enterprise plan. Not worth the money at all.,negative
644,HelpHive,Help Desk,Project Manager,11-50 employees,2024-03-01,4,Does the job really well,We evaluated it against two competitors. The only downside is that the shared inbox could be a bit faster. The API is well designed and easy to work with. Solid choice.,positive
645,PeoplePort,HR Software,Marketing Specialist,11-50 employees,2025-07-08,5,PeoplePort for a mid-sized team,We migrated from a legacy system. Half of our team refused to use it. Our sales calls are shorter because everything is in one place. Solid choice.,positive
646,SupportLoop,Help Desk,Finance Manager,201-500 employees,2025-04-30,4,Huge time saver,The free trial convinced the whole team. Never had an issue with billing. The API is poorly documented and rate limits are strict. Pricing is fair for what you get. Definitely renewing.,positive
647,TaskHarbor,Project Management,Operations Lead,11-50 employees,2025-08-20,2,Avoid this project management tool,We used TaskHarbor for about eight months before cancelling. Our sales calls are shorter because everything is in one place. Basic features are locked behind the enterprise plan. The interface is cluttered and hard to navigate. Very frustrating experience.,negative
648,DealNest,CRM,Sales Manager,11-50 employees,2024-07-22,5,Great tool for our team,The contact management alone is worth the price. Setup was quick and the onboarding guides were clear. Not bad at all once you get used to it. 5 stars from me.,positive
649,MailMosaic,Email Marketing,Office Manager,1-10 employees,2024-11-04,1,MailMosaic review,Our IT team handled the rollout. Not worth the money at all. The list segmentation doesn't work as advertised. Documentation is outdated and missing key details. Save your money.,negative
650,TaskHarbor,Project Management,Office Manager,11-50 employees,2024-11-01,2,TaskHarbor review,We are currently looking for an alternative to TaskHarbor. I use it every day. Importing our old data took one afternoon. It never syncs correctly with our calendar. The free trial hid most of the problems.,negative
651,StaffSpring,HR Software,Product Owner,1-10 employees,2024-01-22,2,"Looked good, isn't",We are on the business plan. The API is poorly documented and rate limits are strict. Never had an issue with billing. Importing our old data took three weeks and a consultant. Look elsewhere.,negative
652,PeoplePort,HR Software,Support Team Lead,1000+ employees,2025-04-26,5,PeoplePort review,"Been a PeoplePort customer for 18 months. The payroll export alone is worth the price. Reliable, we've had basically no downtime. The free trial convinced the whole team. Solid choice.",positive
653,TaskHarbor,Project Management,Account Executive,1-10 employees,2025-09-06,5,TaskHarbor review,"The team workload view alone is worth the price. It replaced two other tools for us, which saved money. 5 stars from me.",positive
654,StaffSpring,HR Software,Finance Manager,51-200 employees,2024-02-23,5,Worth every penny,Importing our old data took three weeks and a consultant. Our managers finally have visibility into what everyone is doing. The org chart alone is worth the price. Setup was quick and the onboarding guides were clear.,positive
655,Sprintly Pro,Project Management,Marketing Specialist,1000+ employees,2024-08-21,2,Thoughts after one year,New features ship regularly and they listen to feedback. It gets painfully slow once you have a few thousand records.,negative
656,DealNest,CRM,CTO,1000+ employees,2024-07-22,4,Best crm tool we've tried,We are on the business plan. Half of our team refused to use it. Our team adoption was almost instant. The sales reports alone is worth the price.,positive
657,ClientOrbit,CRM,Data Analyst,1-10 employees,2024-08-18,2,Frustrating experience,The deal tracking is clunky and slow to load. The mobile app crashes constantly.,negative
658,StaffSpring,HR Software,Founder,201-500 employees,2025-08-16,4,Two years in,"There is a small learning curve at the start. It's fast, even with thousands of records. 5 stars from me.",positive
659,LedgerLeaf,Accounting,Finance Manager,51-200 employees,2024-07-18,5,LedgerLeaf for a mid-sized team,"LedgerLeaf does exactly what we needed it to do. It replaced two other tools for us, which saved money. Reporting could be more flexible.",positive
660,CountWise,Accounting,Founder,51-200 employees,2024-08-28,1,Disappointed,"We mainly use it for the tax reports. Basic features are locked behind the enterprise plan. Way too expensive for what you get. The interface is pretty, I'll give them that.",negative
661,BookBridge,Accounting,Marketing Specialist,1-10 employees,2024-04-28,1,Frustrating experience,The free trial convinced the whole team. The bank reconciliation is clunky and slow to load. Our account manager disappeared after we signed the contract.,negative
662,MailMosaic,Email Marketing,Support Team Lead,1-10 employees,2024-04-13,5,Honest review,The API is well designed and easy to work with. Setup was quick and the onboarding guides were clear.,positive
663,PlanBoard,Project Management,Finance Manager,1000+ employees,2024-06-14,5,Does the job really well,We switched to PlanBoard last year and haven't looked back. I use it every day. Permissions and roles are flexible enough for our structure. Not a single bug in the Gantt chart so far. Not bad at all once you get used to it.,positive
664,DealNest,CRM,Project Manager,1000+ employees,2024-03-24,4,DealNest review,"Setup was quick and the onboarding guides were clear. Not bad at all once you get used to it. The API is well designed and easy to work with. The mobile app could use some work, but it's fine.",positive
665,DealNest,CRM,Project Manager,201-500 employees,2025-09-09,5,Easy to use and reliable,"We switched to DealNest last year and haven't looked back. Automations fail silently, so you never know what broke. Hard to find anything they could improve. Our team adoption was almost instant. Our sales calls are shorter because everything is in one place.",positive
666,InboxRocket,Email Marketing,Marketing Specialist,1000+ employees,2024-07-15,4,Our experience with InboxRocket,"We rolled out InboxRocket to the whole team in under a week. New features ship regularly and they listen to feedback. The templates gave us a head start. Cancelling was a nightmare, they kept charging us. The mobile app is surprisingly good.",positive
667,BookBridge,Accounting,Project Manager,201-500 employees,2024-07-13,1,Avoid this accounting tool,"I wanted to like BookBridge, but it has been a struggle. We are on the business plan. Automations fail silently, so you never know what broke. Permissions are too rigid for a team our size.",negative
668,BookBridge,Accounting,Customer Success Manager,501-1000 employees,2024-09-02,4,Solid and fast,"Most of our team works remotely. Our account manager disappeared after we signed the contract. It replaced two other tools for us, which saved money. Highly recommend.",positive
669,SendGarden,Email Marketing,Finance Manager,201-500 employees,2024-03-03,4,Best email marketing tool we've tried,"Our team adopted SendGarden after trying three other tools. The campaign reports alone is worth the price. Not cheap, but definitely worth it. Permissions and roles are flexible enough for our structure. Great value.",positive
670,MailMosaic,Email Marketing,Customer Success Manager,201-500 employees,2024-06-08,4,MailMosaic for a mid-sized team,Our team adopted MailMosaic after trying three other tools. Setup was quick and the onboarding guides were clear. Reporting could be more flexible.,positive
671,HireCanvas,HR Software,CTO,501-1000 employees,2024-03-22,2,HireCanvas review,"Support staff are friendly, just not effective. Not worth the money at all. The free trial hid most of the problems.",negative
672,PeoplePort,HR Software,Founder,51-200 employees,2024-05-08,4,Honest review,"Been a PeoplePort customer for 18 months. We are on the business plan. It replaced two other tools for us, which saved money.",positive
673,ClientOrbit,CRM,Office Manager,201-500 employees,2025-01-30,5,Love it,"We switched to ClientOrbit last year and haven't looked back. We migrated from a legacy system. Importing our old data took one afternoon. Automations fail silently, so you never know what broke. Solid choice.",positive
674,HireCanvas,HR Software,Customer Success Manager,11-50 employees,2024-08-11,4,Two years in,"I've used HireCanvas for about two years now. It's fast, even with thousands of records. Documentation is thorough and up to date.",positive
675,SupportLoop,Help Desk,Data Analyst,1-10 employees,2024-04-24,2,SupportLoop review,"We are a team of 6 people. The live chat widget is clunky and slow to load. It's fast, even with thousands of records. Honestly, our old spreadsheet worked better. Not renewing.",negative
676,ClientOrbit,CRM,Founder,1-10 employees,2024-05-17,4,Thoughts after one year,"We are a team of 37 people. Permissions and roles are flexible enough for our structure. The mobile app could use some work, but it's fine. The mobile app is surprisingly good.",positive
677,SupportLoop,Help Desk,Account Executive,51-200 employees,2025-04-23,1,Support is non-existent,"Our team tried SupportLoop and it did not work out. I use it every day. They raised the price by 40% with almost no notice. The interface is pretty, I'll give them that. Customer support takes days to reply and rarely fixes anything.",negative
678,ClientOrbit,CRM,Office Manager,1000+ employees,2025-03-12,4,Does the job really well,Not a single bug in the deal tracking so far. Great value.,positive
679,MailMosaic,Email Marketing,Customer Success Manager,51-200 employees,2024-03-09,5,Best email marketing tool we've tried,"Been a MailMosaic customer for 18 months. No complaints about the A/B testing. My one complaint is the price for larger teams. Not bad at all once you get used to it. It replaced two other tools for us, which saved money. Solid choice.",positive
680,Pipely,CRM,Founder,1-10 employees,2024-04-25,2,Slow and clunky,We are currently looking for an alternative to Pipely. Our IT team handled the rollout. The free trial hid most of the problems. Way too expensive for what you get.,negative
681,InsightForge,Analytics,Support Team Lead,11-50 employees,2024-08-23,1,Not worth the price,"Used InsightForge for a year, not renewing. The API is poorly documented and rate limits are strict. Our account manager disappeared after we signed the contract. Nothing about the scheduled exports feels finished. Save your money.",negative
682,Pipely,CRM,Founder,501-1000 employees,2025-07-23,2,Frustrating experience,Way too expensive for what you get.,negative
683,PeoplePort,HR Software,Founder,1000+ employees,2024-09-25,4,Honest review,Our IT team handled the rollout. Never had an issue with billing. I can't imagine going back to spreadsheets. Basic features are locked behind the enterprise plan. The API is well designed and easy to work with. Solid choice.,positive
684,InboxRocket,Email Marketing,Customer Success Manager,1-10 employees,2024-07-12,1,Honest review,Setup itself was easy enough. Permissions are too rigid for a team our size.,negative
685,HireCanvas,HR Software,Marketing Specialist,1-10 employees,2024-10-28,1,"Looked good, isn't",The templates are generic and mostly useless. Documentation is outdated and missing key details. Permissions are too rigid for a team our size. Documentation is thorough and up to date. Look elsewhere.,negative
686,InsightForge,Analytics,Support Team Lead,11-50 employees,2025-08-27,4,My take on InsightForge,We evaluated it against two competitors. The templates gave us a head start. Our account manager is responsive and genuinely helpful.,positive
687,ChartCove,Analytics,Sales Manager,1-10 employees,2024-03-22,1,Honest review,The scheduled exports is clunky and slow to load. Setup itself was easy enough.,negative
688,StaffSpring,HR Software,HR Generalist,1-10 employees,2024-01-24,2,Love it,"I've used StaffSpring for about two years now. We are a team of 75 people. The PTO tracking works exactly as advertised. It replaced two other tools for us, which saved money. Honestly, our old spreadsheet worked better. Permissions and roles are flexible enough for our structure. Definitely renewing.",negative
689,PlanBoard,Project Management,Data Analyst,1-10 employees,2024-08-06,4,PlanBoard review,"Our team adopted PlanBoard after trying three other tools. Not worth the money at all. The task dependencies is intuitive and saves us hours every week. Reliable, we've had basically no downtime.",positive
690,Pipely,CRM,Project Manager,1-10 employees,2024-08-18,5,Honest review,"It's fast, even with thousands of records. The sales reports is intuitive and saves us hours every week. Reporting could be more flexible. Pricing is fair for what you get.",positive
691,CountWise,Accounting,Finance Manager,201-500 employees,2025-07-16,2,Support is non-existent,"I use it every day. Nothing about the tax reports feels finished. To be fair, the tax reports looks nice. Not renewing.",negative
692,HireCanvas,HR Software,Marketing Specialist,1000+ employees,2024-12-20,5,Thoughts after one year,Documentation is thorough and up to date. The onboarding checklists alone is worth the price.,positive
693,Pipely,CRM,Founder,1-10 employees,2025-03-05,1,Frustrating experience,"I wanted to like Pipely, but it has been a struggle. We are a team of 267 people. The email sync is buggy and loses data occasionally.",negative
694,DealNest,CRM,HR Generalist,201-500 employees,2025-02-24,5,Two years in,Really happy with DealNest overall. Never had an issue with billing. Highly recommend.,positive
695,BookBridge,Accounting,Finance Manager,201-500 employees,2024-07-21,5,BookBridge review,Our team adopted BookBridge after trying three other tools. We are a team of 120 people. Pricing is fair for what you get.,positive
696,MailMosaic,Email Marketing,Founder,1-10 employees,2025-02-17,1,Avoid this email marketing tool,"Pretty disappointed with MailMosaic overall. We mainly use it for the automation workflows. Cancelling was a nightmare, they kept charging us. Look elsewhere.",negative
697,HireCanvas,HR Software,Office Manager,1000+ employees,2025-06-19,1,Two years in,Our team adoption was almost instant. The interface is cluttered and hard to navigate. The PTO tracking is not intuitive at all. The Slack integration breaks every few weeks.,negative
698,InsightForge,Analytics,CTO,51-200 employees,2025-01-01,1,InsightForge review,"Our IT team handled the rollout. To be fair, the scheduled exports looks nice. Documentation is outdated and missing key details.",negative
699,TaskHarbor,Project Management,Product Owner,11-50 employees,2024-04-23,2,Avoid this project management tool,It gets painfully slow once you have a few thousand records. The API is poorly documented and rate limits are strict. Avoid if you can.,negative
700,PlanBoard,Project Management,HR Generalist,501-1000 employees,2024-03-30,5,Our experience with PlanBoard,Our team adopted PlanBoard after trying three other tools. Setup was quick and the onboarding guides were clear. Would recommend to any growing team.,positive
701,StaffSpring,HR Software,Founder,201-500 employees,2024-07-23,5,StaffSpring review,"Been a StaffSpring customer for 18 months. Not cheap, but definitely worth it. Customer support answers within minutes and actually solves the problem.",positive
702,DealNest,CRM,Marketing Specialist,11-50 employees,2025-05-12,4,Honest review,We are on the business plan. Reporting could be more flexible. The mobile app is surprisingly good. It integrates smoothly with Slack and Google Workspace. Not bad at all once you get used to it.,positive
703,CountWise,Accounting,CTO,1000+ employees,2025-09-19,2,CountWise for a mid-sized team,Our team tried CountWise and it did not work out. The expense tracking is buggy and loses data occasionally. Customer support takes days to reply and rarely fixes anything. The idea behind the product is good. The invoicing is clunky and slow to load. Would not recommend.,negative
704,Sprintly Pro,Project Management,Office Manager,201-500 employees,2025-07-07,4,Thoughts after one year,Really happy with Sprintly Pro overall. Reporting is very limited and hard to customize. The free trial convinced the whole team. 5 stars from me.,positive
705,TaskHarbor,Project Management,Data Analyst,11-50 employees,2025-06-08,5,Honest review,"Really happy with TaskHarbor overall. The mobile app could use some work, but it's fine. Search actually finds what I'm looking for.",positive
706,ClientOrbit,CRM,Founder,201-500 employees,2025-04-03,1,Not worth the price,"We are currently looking for an alternative to ClientOrbit. We evaluated it against two competitors. Setup took weeks and the onboarding was confusing. The idea behind the product is good. Automations fail silently, so you never know what broke.",negative
707,BookBridge,Accounting,Finance Manager,501-1000 employees,2025-07-05,1,Our experience with BookBridge,"Used BookBridge for a year, not renewing. Way too expensive for what you get. Avoid if you can.",negative
708,PlanBoard,Project Management,Finance Manager,1000+ employees,2025-05-30,4,Two years in,We moved to PlanBoard last year and regret it. Our IT team handled the rollout. The idea behind the product is good. The mobile app crashes constantly. Permissions are too rigid for a team our size. Not worth the money at all.,positive
709,BookBridge,Accounting,Marketing Specialist,1000+ employees,2024-09-10,5,Our experience with BookBridge,The invoicing is buggy and loses data occasionally. Reports are easy to customize and share with management. Hard to find anything they could improve. Definitely renewing.,positive
710,DealNest,CRM,Data Analyst,501-1000 employees,2024-08-16,4,Our experience with DealNest,"Been a DealNest customer for 18 months. Honestly, our old spreadsheet worked better. Permissions and roles are flexible enough for our structure.",positive
711,TicketTide,Help Desk,Account Executive,11-50 employees,2024-12-05,2,My take on TicketTide,We are currently looking for an alternative to TicketTide. We mainly use it for the shared inbox. The idea behind the product is good. It gets painfully slow once you have a few thousand records. The templates are generic and mostly useless.,negative
712,StaffSpring,HR Software,Sales Manager,1000+ employees,2024-02-23,2,StaffSpring for a mid-sized team,"We are a team of 137 people. The templates are generic and mostly useless. Cancelling was a nightmare, they kept charging us.",negative
713,StaffSpring,HR Software,Product Owner,201-500 employees,2025-08-09,4,Thoughts after one year,Really happy with StaffSpring overall. Most of our team works remotely. The onboarding checklists works exactly as advertised. Our account manager disappeared after we signed the contract. Search actually finds what I'm looking for.,positive
714,InboxRocket,Email Marketing,Support Team Lead,201-500 employees,2025-06-14,4,Huge time saver,InboxRocket has become a core part of our daily workflow. New features ship regularly and they listen to feedback. Would recommend to any growing team.,positive
715,CountWise,Accounting,Founder,201-500 employees,2025-05-14,2,Slow and clunky,"We are currently looking for an alternative to CountWise. Cancelling was a nightmare, they kept charging us. Setup took weeks and the onboarding was confusing.",negative
716,HelpHive,Help Desk,HR Generalist,1000+ employees,2025-08-08,4,Great tool for our team,Our account manager is responsive and genuinely helpful. Reports are easy to customize and share with management. Definitely renewing.,positive
717,SupportLoop,Help Desk,Account Executive,1-10 employees,2024-07-24,4,Not worth the price,Our IT team handled the rollout. The free trial convinced the whole team. The ticket routing doesn't work as advertised. Customer support takes days to reply and rarely fixes anything. Permissions are too rigid for a team our size. Avoid if you can.,positive
718,BookBridge,Accounting,Support Team Lead,201-500 employees,2025-06-03,5,BookBridge review,Most of our team works remotely. Hard to find anything they could improve. Our team adoption was almost instant.,positive
719,InsightForge,Analytics,Operations Lead,51-200 employees,2025-06-21,5,Best analytics tool we've tried,Our team adopted InsightForge after trying three other tools. We evaluated it against two competitors. Our team adoption was almost instant. The API is well designed and easy to work with.,positive
720,MetricMint,Analytics,Operations Lead,1000+ employees,2025-04-24,5,Love it,"Really happy with MetricMint overall. Reliable, we've had basically no downtime. The data connectors is buggy and loses data occasionally.",positive
721,ClientOrbit,CRM,Operations Lead,1000+ employees,2025-03-30,1,Two years in,Hard to find anything they do well. Basic features are locked behind the enterprise plan. The idea behind the product is good. The Slack integration breaks every few weeks. Not renewing.,negative
722,ClientOrbit,CRM,Marketing Specialist,11-50 employees,2025-03-04,5,Honest review,"ClientOrbit does exactly what we needed it to do. Most of our team works remotely. Permissions and roles are flexible enough for our structure. The interface is clean and easy to learn, even for non-technical people. Not bad at all once you get used to it.",positive
723,TicketTide,Help Desk,Customer Success Manager,51-200 employees,2025-03-19,5,TicketTide for a mid-sized team,"The ticket routing is clunky and slow to load. It's fast, even with thousands of records.",positive
724,TicketTide,Help Desk,Marketing Specialist,11-50 employees,2025-01-10,1,Too many bugs,"We are currently looking for an alternative to TicketTide. Search almost never finds what I'm looking for. Cancelling was a nightmare, they kept charging us. Reports are easy to customize and share with management. Our managers still export everything to Excel.",negative
725,ClientOrbit,CRM,Marketing Specialist,51-200 employees,2025-08-16,2,Our experience with ClientOrbit,The contact management is not intuitive at all. The pipeline view is clunky and slow to load. Importing our old data took three weeks and a consultant.,negative
726,ChartCove,Analytics,Data Analyst,1000+ employees,2024-11-16,2,Two years in,Our team adopted ChartCove after trying three other tools. We evaluated it against two competitors. Not a single bug in the scheduled exports so far. Solid choice.,negative
727,LedgerLeaf,Accounting,Data Analyst,201-500 employees,2024-03-25,5,Our experience with LedgerLeaf,Customer support answers within minutes and actually solves the problem. I can't imagine going back to spreadsheets. The free trial convinced the whole team.,positive
728,ClientOrbit,CRM,Account Executive,51-200 employees,2024-09-08,1,Avoid this crm tool,"Used ClientOrbit for a year, not renewing. We are a team of 280 people. Not worth the money at all. Would not recommend.",negative
729,MetricMint,Analytics,Account Executive,1-10 employees,2024-05-28,5,MetricMint review,"Our team adopted MetricMint after trying three other tools. Reporting could be more flexible. Reliable, we've had basically no downtime. Definitely renewing.",positive
730,HireCanvas,HR Software,Marketing Specialist,201-500 employees,2024-01-21,2,Frustrating experience,The PTO tracking is buggy and loses data occasionally. The org chart is buggy and loses data occasionally.,negative
731,PlanBoard,Project Management,Sales Manager,201-500 employees,2024-11-20,4,Love it,We are a team of 149 people. Customer support answers within minutes and actually solves the problem. Our sales calls are shorter because everything is in one place. Would recommend to any growing team.,positive
732,InsightForge,Analytics,Data Analyst,51-200 employees,2024-05-07,4,InsightForge review,We rolled out InsightForge to the whole team in under a week. Our account manager is responsive and genuinely helpful. Never had an issue with billing. I can't imagine going back to spreadsheets. Definitely renewing.,positive
733,ClientOrbit,CRM,Project Manager,1000+ employees,2025-04-26,1,Not worth the price,"We evaluated it against two competitors. The sales reports is buggy and loses data occasionally. Cancelling was a nightmare, they kept charging us.",negative
734,PeoplePort,HR Software,Account Executive,51-200 employees,2025-07-13,1,Thoughts after one year,We moved to PeoplePort last year and regret it. Way too expensive for what you get.,negative
735,StaffSpring,HR Software,Office Manager,11-50 employees,2024-02-11,2,Slow and clunky,We used StaffSpring for about eight months before cancelling. We are on the business plan. Reporting is very limited and hard to customize. Half of our team refused to use it.,negative
736,Sprintly Pro,Project Management,Office Manager,1-10 employees,2024-02-20,4,Two years in,Our team adopted Sprintly Pro after trying three other tools. We are a team of 225 people. Our account manager is responsive and genuinely helpful. Our account manager disappeared after we signed the contract. Solid choice.,positive
737,HelpHive,Help Desk,Sales Manager,1000+ employees,2024-08-12,5,My take on HelpHive,"HelpHive has become a core part of our daily workflow. I use it every day. Not cheap, but definitely worth it.",positive
738,ClientOrbit,CRM,Sales Manager,11-50 employees,2025-07-13,4,ClientOrbit review,"We evaluated it against two competitors. Not bad at all once you get used to it. The templates gave us a head start. It's fast, even with thousands of records.",positive
739,HireCanvas,HR Software,Sales Manager,51-200 employees,2024-09-10,5,Two years in,Hard to find anything they could improve. Search almost never finds what I'm looking for. The org chart is intuitive and saves us hours every week. Great value.,positive
740,PlanBoard,Project Management,Data Analyst,11-50 employees,2025-02-03,2,Honest review,"We evaluated it against two competitors. Honestly, our old spreadsheet worked better. The kanban boards is buggy and loses data occasionally. Save your money.",negative
741,PeoplePort,HR Software,Marketing Specialist,201-500 employees,2025-04-30,5,Huge time saver,We switched to PeoplePort last year and haven't looked back. We evaluated it against two competitors. Reports are easy to customize and share with management. Search actually finds what I'm looking for. Highly recommend.,positive
742,SendGarden,Email Marketing,Founder,51-200 employees,2025-04-10,5,SendGarden review,"I use it every day. The list segmentation is not intuitive at all. It's fast, even with thousands of records.",positive
743,DealNest,CRM,Founder,201-500 employees,2024-09-10,2,Thoughts after one year,"Way too expensive for what you get. Automations fail silently, so you never know what broke. Our account manager disappeared after we signed the contract. Would not recommend.",negative
744,HelpHive,Help Desk,Customer Success Manager,51-200 employees,2025-09-18,5,Love it,Reporting could be more flexible. Our sales calls are shorter because everything is in one place. The templates gave us a head start. Great value.,positive
745,StaffSpring,HR Software,Marketing Specialist,1-10 employees,2025-04-09,2,Thoughts after one year,"StaffSpring looked great in the demo, the reality is different. The idea behind the product is good. Basic features are locked behind the enterprise plan. The onboarding checklists is clunky and slow to load. Our managers still export everything to Excel.",negative
746,SendGarden,Email Marketing,Project Manager,201-500 employees,2024-06-05,5,SendGarden review,Most of our team works remotely. Setup was quick and the onboarding guides were clear. The automation workflows is intuitive and saves us hours every week. Our account manager disappeared after we signed the contract. Highly recommend.,positive
747,InsightForge,Analytics,Support Team Lead,11-50 employees,2024-12-22,5,Love it,"InsightForge has become a core part of our daily workflow. We mainly use it for the data connectors. Reliable, we've had basically no downtime. The data connectors is clunky and slow to load.",positive
748,MetricMint,Analytics,Finance Manager,11-50 employees,2024-12-11,2,Too many bugs,"The custom reports is not intuitive at all. Reliable, we've had basically no downtime.",negative
749,SupportLoop,Help Desk,HR Generalist,501-1000 employees,2025-05-04,2,Too many bugs,We moved to SupportLoop last year and regret it. The live chat widget is not intuitive at all. Our account manager disappeared after we signed the contract.,negative
750,HelpHive,Help Desk,Support Team Lead,11-50 employees,2024-11-29,4,Easy to use and reliable,"Reporting could be more flexible. Permissions and roles are flexible enough for our structure. Reliable, we've had basically no downtime.",positive
751,DealNest,CRM,HR Generalist,1000+ employees,2025-07-29,1,Disappointed,"Pretty disappointed with DealNest overall. Nothing about the deal tracking feels finished. Honestly, our old spreadsheet worked better.",negative
752,InboxRocket,Email Marketing,Data Analyst,1-10 employees,2025-04-06,4,Easy to use and reliable,"InboxRocket does exactly what we needed it to do. Reliable, we've had basically no downtime. It integrates smoothly with Slack and Google Workspace. Honestly, our old spreadsheet worked better. The templates gave us a head start.",positive
753,InsightForge,Analytics,HR Generalist,51-200 employees,2024-04-18,2,InsightForge for a mid-sized team,"The templates are generic and mostly useless. It never syncs correctly with our calendar. Support staff are friendly, just not effective. Not renewing.",negative
754,MetricMint,Analytics,Marketing Specialist,501-1000 employees,2025-02-10,2,Support is non-existent,Pretty disappointed with MetricMint overall. We mainly use it for the funnel analysis. They raised the price by 40% with almost no notice. Importing our old data took one afternoon. Would not recommend.,negative
755,TicketTide,Help Desk,Operations Lead,1000+ employees,2025-02-20,4,Easy to use and reliable,We are on the business plan. Automations cut a lot of repetitive manual work. Our managers finally have visibility into what everyone is doing.,positive
756,HelpHive,Help Desk,Founder,201-500 employees,2024-11-07,4,Solid and fast,HelpHive does exactly what we needed it to do. The mobile app is surprisingly good.,positive
757,StaffSpring,HR Software,CTO,501-1000 employees,2024-05-04,2,Not worth the price,We migrated from a legacy system. Documentation is outdated and missing key details. Hard to find anything they do well. The org chart is clunky and slow to load. Not renewing.,negative
758,HelpHive,Help Desk,Customer Success Manager,1000+ employees,2024-03-17,1,"Looked good, isn't","We evaluated it against two competitors. Half of our team refused to use it. To be fair, the SLA tracking looks nice. Our account manager disappeared after we signed the contract.",negative
759,MailMosaic,Email Marketing,Support Team Lead,1000+ employees,2024-02-06,1,Frustrating experience,"I wanted to like MailMosaic, but it has been a struggle. We are on the business plan. The drag-and-drop editor doesn't work as advertised.",negative
760,Sprintly Pro,Project Management,CTO,201-500 employees,2025-09-05,5,Sprintly Pro for a mid-sized team,"Sprintly Pro does exactly what we needed it to do. Customer support answers within minutes and actually solves the problem. It's fast, even with thousands of records. Reporting could be more flexible.",positive
761,SupportLoop,Help Desk,Finance Manager,1000+ employees,2024-04-24,5,Easy to use and reliable,The ticket routing is intuitive and saves us hours every week. Definitely renewing.,positive
762,HelpHive,Help Desk,Founder,51-200 employees,2024-12-16,1,Disappointed,"We are a team of 261 people. Search almost never finds what I'm looking for. Our account manager disappeared after we signed the contract. Cancelling was a nightmare, they kept charging us. Look elsewhere.",negative
763,DealNest,CRM,Founder,11-50 employees,2024-02-27,5,DealNest review,DealNest has become a core part of our daily workflow. We evaluated it against two competitors. Our sales calls are shorter because everything is in one place. Would recommend to any growing team.,positive
764,Sprintly Pro,Project Management,Project Manager,501-1000 employees,2025-08-30,4,Great tool for our team,"Not cheap, but definitely worth it. Automations fail silently, so you never know what broke. I can't imagine going back to spreadsheets. Great value.",positive
765,HireCanvas,HR Software,Support Team Lead,201-500 employees,2025-05-11,4,HireCanvas for a mid-sized team,I've used HireCanvas for about two years now. I use it every day. Automations cut a lot of repetitive manual work. There is a small learning curve at the start. Our managers finally have visibility into what everyone is doing. Not bad at all once you get used to it. Highly recommend.,positive
766,MailMosaic,Email Marketing,CTO,51-200 employees,2024-12-16,2,Frustrating experience,"Cancelling was a nightmare, they kept charging us. The interface is cluttered and hard to navigate. Search almost never finds what I'm looking for. Look elsewhere.",negative
767,Sprintly Pro,Project Management,Support Team Lead,201-500 employees,2025-03-26,5,My take on Sprintly Pro,"Sprintly Pro has become a core part of our daily workflow. Reliable, we've had basically no downtime. I can't imagine going back to spreadsheets. Automations cut a lot of repetitive manual work. Definitely renewing.",positive
768,BookBridge,Accounting,Marketing Specialist,51-200 employees,2024-07-03,4,Our experience with BookBridge,"I use it every day. The free trial convinced the whole team. It replaced two other tools for us, which saved money. Highly recommend.",positive
769,SupportLoop,Help Desk,Office Manager,11-50 employees,2025-08-15,4,Huge time saver,"Been a SupportLoop customer for 18 months. Most of our team works remotely. Our managers finally have visibility into what everyone is doing. Not cheap, but definitely worth it. Setup was quick and the onboarding guides were clear. The mobile app could use some work, but it's fine.",positive
770,TaskHarbor,Project Management,Product Owner,51-200 employees,2024-08-22,5,Worth every penny,We mainly use it for the time tracking. Our managers finally have visibility into what everyone is doing. The free trial convinced the whole team. 5 stars from me.,positive
771,StaffSpring,HR Software,Marketing Specialist,1-10 employees,2024-03-05,5,Solid and fast,I can't imagine going back to spreadsheets. Not bad at all once you get used to it.,positive
772,LedgerLeaf,Accounting,Sales Manager,51-200 employees,2024-04-11,5,Honest review,"We mainly use it for the tax reports. Reports are easy to customize and share with management. Reliable, we've had basically no downtime. Search actually finds what I'm looking for. There is a small learning curve at the start. Highly recommend.",positive
773,StaffSpring,HR Software,Support Team Lead,201-500 employees,2025-06-09,5,Easy to use and reliable,We migrated from a legacy system. Automations cut a lot of repetitive manual work. Importing our old data took one afternoon. There is a small learning curve at the start. Definitely renewing.,positive
774,CountWise,Accounting,Operations Lead,1-10 employees,2024-06-24,2,CountWise for a mid-sized team,"CountWise looked great in the demo, the reality is different. We are a team of 86 people. The Slack integration breaks every few weeks. Support staff are friendly, just not effective. Look elsewhere.",negative
775,HireCanvas,HR Software,Product Owner,11-50 employees,2025-03-19,1,My take on HireCanvas,"HireCanvas looked great in the demo, the reality is different. Importing our old data took three weeks and a consultant. Customer support takes days to reply and rarely fixes anything. Very frustrating experience.",negative
776,HireCanvas,HR Software,HR Generalist,201-500 employees,2025-02-22,1,"Looked good, isn't","I wanted to like HireCanvas, but it has been a struggle. The free trial convinced the whole team. Nothing about the org chart feels finished. Not renewing.",negative
777,MailMosaic,Email Marketing,Project Manager,501-1000 employees,2024-05-29,5,MailMosaic review,There is a small learning curve at the start. Permissions and roles are flexible enough for our structure.,positive
778,TaskHarbor,Project Management,Office Manager,201-500 employees,2024-07-12,4,Slow and clunky,"It's fast, even with thousands of records. They raised the price by 40% with almost no notice.",positive
779,DealNest,CRM,Project Manager,11-50 employees,2024-03-24,5,My take on DealNest,DealNest has become a core part of our daily workflow. Our managers still export everything to Excel. Setup was quick and the onboarding guides were clear. Solid choice.,positive
780,ClientOrbit,CRM,Project Manager,501-1000 employees,2025-01-04,2,Support is non-existent,We used ClientOrbit for about eight months before cancelling. The free trial hid most of the problems. Not renewing.,negative
781,MailMosaic,Email Marketing,Marketing Specialist,11-50 employees,2024-08-18,4,Too many bugs,"Used MailMosaic for a year, not renewing. Most of our team works remotely. The mobile app crashes constantly. Permissions are too rigid for a team our size.",positive
782,SupportLoop,Help Desk,Sales Manager,501-1000 employees,2025-03-24,5,My take on SupportLoop,"Our IT team handled the rollout. Documentation is thorough and up to date. The templates gave us a head start. It's fast, even with thousands of records.",positive
783,TicketTide,Help Desk,Project Manager,201-500 employees,2024-03-01,2,Our experience with TicketTide,Reporting is very limited and hard to customize. Our managers finally have visibility into what everyone is doing. We had several outages during business hours. Not renewing.,negative
784,MetricMint,Analytics,CTO,51-200 employees,2024-07-22,4,Thoughts after one year,New features ship regularly and they listen to feedback. The API is poorly documented and rate limits are strict. Our managers finally have visibility into what everyone is doing. Automations cut a lot of repetitive manual work.,positive
785,Pipely,CRM,Project Manager,1000+ employees,2025-01-15,5,Does the job really well,"Honestly, our old spreadsheet worked better. The contact management alone is worth the price. 5 stars from me.",positive
786,InsightForge,Analytics,CTO,501-1000 employees,2024-02-20,5,InsightForge for a mid-sized team,Importing our old data took one afternoon. The templates gave us a head start. No complaints about the data connectors. Solid choice.,positive
787,PeoplePort,HR Software,Sales Manager,11-50 employees,2025-06-27,5,Worth every penny,No complaints about the onboarding checklists. Not a single bug in the PTO tracking so far.,positive
788,HelpHive,Help Desk,Product Owner,1-10 employees,2024-09-14,2,Avoid this help desk tool,"The ticket routing is not intuitive at all. Nothing about the SLA tracking feels finished. Permissions are too rigid for a team our size. Support staff are friendly, just not effective.",negative
789,MailMosaic,Email Marketing,HR Generalist,1-10 employees,2024-01-06,4,Two years in,"Our IT team handled the rollout. Our sales calls are shorter because everything is in one place. Our account manager is responsive and genuinely helpful. Not cheap, but definitely worth it.",positive
790,LedgerLeaf,Accounting,Finance Manager,11-50 employees,2024-08-04,5,Solid and fast,"Our team adopted LedgerLeaf after trying three other tools. We mainly use it for the multi-currency support. Reliable, we've had basically no downtime. Customer support answers within minutes and actually solves the problem.",positive
791,ClientOrbit,CRM,Data Analyst,201-500 employees,2025-05-17,1,Not worth the price,Our sales calls got longer because the data is scattered.,negative
792,InsightForge,Analytics,Data Analyst,1000+ employees,2025-07-04,5,InsightForge for a mid-sized team,I use it every day. Setup was quick and the onboarding guides were clear. Reports are easy to customize and share with management. No complaints about the data connectors. The API is poorly documented and rate limits are strict.,positive
793,InsightForge,Analytics,Account Executive,51-200 employees,2024-01-23,5,InsightForge review,Really happy with InsightForge overall. Search actually finds what I'm looking for. My one complaint is the price for larger teams.,positive
794,PeoplePort,HR Software,Support Team Lead,1000+ employees,2024-02-05,1,Disappointed,We moved to PeoplePort last year and regret it. The org chart is clunky and slow to load. Permissions are too rigid for a team our size. Never had an issue with billing. Basic features are locked behind the enterprise plan. Would not recommend.,negative
795,MetricMint,Analytics,Finance Manager,501-1000 employees,2025-08-26,5,MetricMint for a mid-sized team,I've used MetricMint for about two years now. Our IT team handled the rollout. The dashboards works exactly as advertised. The dashboards alone is worth the price.,positive
796,PlanBoard,Project Management,Founder,51-200 employees,2024-12-19,1,Two years in,"To be fair, the team workload view looks nice. The time tracking is clunky and slow to load. Basic features are locked behind the enterprise plan.",negative
797,InsightForge,Analytics,Product Owner,201-500 employees,2024-11-25,1,Our experience with InsightForge,Documentation is outdated and missing key details.,negative
798,HireCanvas,HR Software,Founder,11-50 employees,2024-11-27,2,Too many bugs,"Used HireCanvas for a year, not renewing. Search almost never finds what I'm looking for. Importing our old data took three weeks and a consultant. Hard to find anything they could improve.",negative
799,DealNest,CRM,Office Manager,201-500 employees,2025-09-27,4,Does the job really well,Been a DealNest customer for 18 months. The sales reports works exactly as advertised. My one complaint is the price for larger teams.,positive
800,InsightForge,Analytics,Founder,11-50 employees,2024-11-01,2,Disappointed,Pretty disappointed with InsightForge overall. Customer support takes days to reply and rarely fixes anything. The free trial hid most of the problems. Save your money.,negative
801,Sprintly Pro,Project Management,Office Manager,1-10 employees,2024-07-18,5,Huge time saver,I've used Sprintly Pro for about two years now. Search actually finds what I'm looking for. Solid choice.,positive
802,SupportLoop,Help Desk,Account Executive,1-10 employees,2024-09-20,4,Great tool for our team,Our sales calls are shorter because everything is in one place. The shared inbox alone is worth the price. I can't imagine going back to spreadsheets. Highly recommend.,positive
803,LedgerLeaf,Accounting,Sales Manager,501-1000 employees,2025-01-27,5,Great tool for our team,Way too expensive for what you get. Reports are easy to customize and share with management. The expense tracking works exactly as advertised.,positive
804,Pipely,CRM,Product Owner,11-50 employees,2025-04-18,4,Great tool for our team,We migrated from a legacy system. Reports are easy to customize and share with management. Reporting could be more flexible. Documentation is thorough and up to date. New features ship regularly and they listen to feedback. Highly recommend.,positive
805,HelpHive,Help Desk,Operations Lead,1000+ employees,2025-03-17,4,My take on HelpHive,"We are a team of 191 people. It's fast, even with thousands of records. It gets painfully slow once you have a few thousand records. Would recommend to any growing team.",positive
806,TicketTide,Help Desk,Account Executive,1000+ employees,2025-07-27,2,Two years in,Our account manager disappeared after we signed the contract. The shared inbox is clunky and slow to load. The SLA tracking is buggy and loses data occasionally.,negative
807,HelpHive,Help Desk,Operations Lead,11-50 employees,2024-06-18,5,Solid and fast,I use it every day. Permissions and roles are flexible enough for our structure. No complaints about the ticket routing. Our managers finally have visibility into what everyone is doing. My one complaint is the price for larger teams. 5 stars from me.,positive
808,TaskHarbor,Project Management,Operations Lead,201-500 employees,2025-04-16,1,Too many bugs,"Used TaskHarbor for a year, not renewing. We migrated from a legacy system. Basic features are locked behind the enterprise plan. Not worth the money at all. Importing our old data took three weeks and a consultant.",negative
809,StaffSpring,HR Software,Operations Lead,1-10 employees,2025-06-29,4,Huge time saver,I've used StaffSpring for about two years now. Our IT team handled the rollout. I can't imagine going back to spreadsheets. Our team adoption was almost instant. Reporting could be more flexible. Search actually finds what I'm looking for.,positive
810,ClientOrbit,CRM,Account Executive,201-500 employees,2025-03-10,5,Thoughts after one year,Most of our team works remotely. Setup was quick and the onboarding guides were clear. Permissions and roles are flexible enough for our structure. The free trial convinced the whole team. Great value.,positive
811,TicketTide,Help Desk,Support Team Lead,11-50 employees,2024-05-13,5,Honest review,We are a team of 9 people. Our account manager is responsive and genuinely helpful. The live chat widget is intuitive and saves us hours every week. Permissions and roles are flexible enough for our structure.,positive
812,InsightForge,Analytics,Product Owner,501-1000 employees,2025-08-17,4,Honest review,InsightForge does exactly what we needed it to do. The interface is cluttered and hard to navigate. Customer support answers within minutes and actually solves the problem.,positive
813,InsightForge,Analytics,Finance Manager,11-50 employees,2024-03-13,1,Frustrating experience,"We had several outages during business hours. To be fair, the scheduled exports looks nice. Our managers still export everything to Excel. Documentation is outdated and missing key details.",negative
814,InboxRocket,Email Marketing,Finance Manager,1000+ employees,2025-09-21,1,InboxRocket for a mid-sized team,"Support staff are friendly, just not effective. Documentation is outdated and missing key details. Automations fail silently, so you never know what broke. Our sales calls got longer because the data is scattered. Save your money.",negative
815,SupportLoop,Help Desk,Customer Success Manager,11-50 employees,2025-05-29,5,Easy to use and reliable,"The mobile app crashes constantly. The live chat widget works exactly as advertised. It replaced two other tools for us, which saved money.",positive
816,MetricMint,Analytics,Customer Success Manager,1000+ employees,2025-02-09,5,Worth every penny,"Permissions are too rigid for a team our size. Not cheap, but definitely worth it. Setup was quick and the onboarding guides were clear. Not a single bug in the scheduled exports so far.",positive
817,SendGarden,Email Marketing,Finance Manager,1000+ employees,2024-09-25,4,Thoughts after one year,Our account manager is responsive and genuinely helpful. Pricing is fair for what you get. The free trial hid most of the problems.,positive
818,Pipely,CRM,Product Owner,501-1000 employees,2025-03-23,2,Frustrating experience,We mainly use it for the pipeline view. The templates are generic and mostly useless. The Slack integration breaks every few weeks. Not renewing.,negative
819,HelpHive,Help Desk,CTO,501-1000 employees,2024-07-24,5,Best help desk tool we've tried,"Reliable, we've had basically no downtime. It gets painfully slow once you have a few thousand records.",positive
820,PlanBoard,Project Management,Support Team Lead,1000+ employees,2025-08-05,4,Worth every penny,PlanBoard does exactly what we needed it to do. It never syncs correctly with our calendar. New features ship regularly and they listen to feedback. Search actually finds what I'm looking for. Never had an issue with billing. Would recommend to any growing team.,positive
821,HireCanvas,HR Software,Account Executive,1-10 employees,2025-06-13,1,My take on HireCanvas,"Our IT team handled the rollout. The API is poorly documented and rate limits are strict. Cancelling was a nightmare, they kept charging us. Not worth the money at all.",negative
822,MailMosaic,Email Marketing,Customer Success Manager,1000+ employees,2024-12-27,4,Huge time saver,"We evaluated it against two competitors. Permissions and roles are flexible enough for our structure. The mobile app could use some work, but it's fine. 5 stars from me.",positive
823,InboxRocket,Email Marketing,Support Team Lead,1-10 employees,2025-09-03,5,Huge time saver,We migrated from a legacy system. It integrates smoothly with Slack and Google Workspace.,positive
824,Pipely,CRM,Finance Manager,501-1000 employees,2025-08-14,2,Avoid this crm tool,"We are on the business plan. Setup took weeks and the onboarding was confusing. Importing our old data took three weeks and a consultant. We had several outages during business hours. To be fair, the sales reports looks nice. Save your money.",negative
825,TicketTide,Help Desk,Marketing Specialist,1-10 employees,2024-07-12,5,Our experience with TicketTide,We rolled out TicketTide to the whole team in under a week. The knowledge base works exactly as advertised. New features ship regularly and they listen to feedback. Pricing is fair for what you get. Our sales calls got longer because the data is scattered. Great value.,positive
826,HelpHive,Help Desk,Product Owner,51-200 employees,2025-05-16,2,HelpHive for a mid-sized team,The mobile app crashes constantly. Automations cut a lot of repetitive manual work. Save your money.,negative
827,ClientOrbit,CRM,Support Team Lead,1-10 employees,2024-12-17,2,Our experience with ClientOrbit,"They raised the price by 40% with almost no notice. To be fair, the email sync looks nice. Look elsewhere.",negative
828,SendGarden,Email Marketing,Operations Lead,501-1000 employees,2024-08-12,2,SendGarden review,Our IT team handled the rollout. Setup took weeks and the onboarding was confusing. Importing our old data took one afternoon. Very frustrating experience.,negative
829,LedgerLeaf,Accounting,Operations Lead,51-200 employees,2024-07-13,4,My take on LedgerLeaf,I can't imagine going back to spreadsheets. Hard to find anything they could improve. Reporting could be more flexible. The API is well designed and easy to work with.,positive
830,Sprintly Pro,Project Management,Customer Success Manager,51-200 employees,2024-10-23,1,Thoughts after one year,The interface is cluttered and hard to navigate. Search almost never finds what I'm looking for. Our managers finally have visibility into what everyone is doing. Half of our team refused to use it. Would not recommend.,negative
831,HelpHive,Help Desk,Sales Manager,1-10 employees,2025-06-18,1,Honest review,It never syncs correctly with our calendar. The ticket routing is clunky and slow to load.,negative
832,SendGarden,Email Marketing,Support Team Lead,201-500 employees,2024-08-22,4,Does the job really well,We rolled out SendGarden to the whole team in under a week. Our team adoption was almost instant.,positive
833,Sprintly Pro,Project Management,Finance Manager,11-50 employees,2024-06-27,4,Honest review,We mainly use it for the team workload view. Setup was quick and the onboarding guides were clear. The task dependencies is intuitive and saves us hours every week. 5 stars from me.,positive
834,DealNest,CRM,HR Generalist,51-200 employees,2024-01-26,5,DealNest for a mid-sized team,Our IT team handled the rollout. Never had an issue with billing. Our account manager is responsive and genuinely helpful. Solid choice.,positive
835,ChartCove,Analytics,Project Manager,501-1000 employees,2024-08-01,4,My take on ChartCove,We switched to ChartCove last year and haven't looked back. Customer support answers within minutes and actually solves the problem. There is a small learning curve at the start. Our account manager is responsive and genuinely helpful. Highly recommend.,positive
836,Sprintly Pro,Project Management,Project Manager,51-200 employees,2025-03-28,4,Our experience with Sprintly Pro,I can't imagine going back to spreadsheets. The kanban boards works exactly as advertised. Setup was quick and the onboarding guides were clear. The templates are generic and mostly useless.,positive
837,ClientOrbit,CRM,Data Analyst,1000+ employees,2024-02-21,5,Two years in,I've used ClientOrbit for about two years now. We evaluated it against two competitors. Our sales calls are shorter because everything is in one place. Great value.,positive
838,MetricMint,Analytics,Marketing Specialist,51-200 employees,2024-08-15,4,Worth every penny,"We evaluated it against two competitors. Not cheap, but definitely worth it. Hard to find anything they could improve. The mobile app is surprisingly good.",positive
839,Pipely,CRM,Product Owner,201-500 employees,2025-03-07,5,Love it,"I use it every day. Reliable, we've had basically no downtime. The pipeline view alone is worth the price. Our managers still export everything to Excel.",positive
840,InboxRocket,Email Marketing,Project Manager,51-200 employees,2024-03-03,4,Easy to use and reliable,InboxRocket does exactly what we needed it to do. Permissions and roles are flexible enough for our structure. Reports are easy to customize and share with management.,positive
841,TaskHarbor,Project Management,Account Executive,201-500 employees,2025-09-30,2,My take on TaskHarbor,Pretty disappointed with TaskHarbor overall. We evaluated it against two competitors. Reports are easy to customize and share with management. Permissions are too rigid for a team our size. Would not recommend.,negative
842,CountWise,Accounting,CTO,51-200 employees,2025-04-15,5,Best accounting tool we've tried,"The interface is clean and easy to learn, even for non-technical people. Cancelling was a nightmare, they kept charging us. 5 stars from me.",positive
843,StaffSpring,HR Software,Product Owner,201-500 employees,2024-01-18,1,Not worth the price,The interface is cluttered and hard to navigate. Not renewing.,negative
844,SendGarden,Email Marketing,Sales Manager,201-500 employees,2025-07-10,5,Worth every penny,"SendGarden has become a core part of our daily workflow. Reliable, we've had basically no downtime. The only downside is that the campaign reports could be a bit faster. The mobile app is surprisingly good. New features ship regularly and they listen to feedback.",positive
845,SendGarden,Email Marketing,Finance Manager,1-10 employees,2024-07-19,4,SendGarden for a mid-sized team,Our managers finally have visibility into what everyone is doing. There is a small learning curve at the start.,positive
846,DealNest,CRM,Operations Lead,1-10 employees,2024-08-02,2,Too many bugs,"DealNest looked great in the demo, the reality is different. The idea behind the product is good. Half of our team refused to use it. Our sales calls got longer because the data is scattered. Setup took weeks and the onboarding was confusing.",negative
847,TaskHarbor,Project Management,Product Owner,51-200 employees,2024-06-19,2,Thoughts after one year,"TaskHarbor looked great in the demo, the reality is different. Importing our old data took three weeks and a consultant. The time tracking is buggy and loses data occasionally.",negative
848,Sprintly Pro,Project Management,Customer Success Manager,11-50 employees,2025-05-21,1,Slow and clunky,Pretty disappointed with Sprintly Pro overall. We evaluated it against two competitors. Search actually finds what I'm looking for. Basic features are locked behind the enterprise plan. The team workload view is clunky and slow to load.,negative
849,PlanBoard,Project Management,Office Manager,1000+ employees,2024-03-19,1,Our experience with PlanBoard,Documentation is thorough and up to date. Way too expensive for what you get. It never syncs correctly with our calendar. Our sales calls got longer because the data is scattered.,negative
850,PeoplePort,HR Software,HR Generalist,1000+ employees,2025-04-14,4,Too many bugs,I use it every day. Not worth the money at all. Reporting is very limited and hard to customize.,positive
851,BookBridge,Accounting,Founder,1000+ employees,2024-09-29,5,Love it,I've used BookBridge for about two years now. Importing our old data took one afternoon. Not bad at all once you get used to it. Way too expensive for what you get. Solid choice.,positive
852,BookBridge,Accounting,Customer Success Manager,11-50 employees,2025-05-10,5,Honest review,The expense tracking is intuitive and saves us hours every week. The invoicing doesn't work as advertised. Hard to find anything they could improve. 5 stars from me.,positive
853,LedgerLeaf,Accounting,Founder,1000+ employees,2024-11-08,4,Two years in,Really happy with LedgerLeaf overall. We had several outages during business hours. Automations cut a lot of repetitive manual work.,positive
854,BookBridge,Accounting,Sales Manager,51-200 employees,2025-05-03,1,Support is non-existent,"To be fair, the expense tracking looks nice. It gets painfully slow once you have a few thousand records. Would not recommend.",negative
855,PlanBoard,Project Management,Support Team Lead,51-200 employees,2024-09-16,2,PlanBoard for a mid-sized team,"Our IT team handled the rollout. Our managers still export everything to Excel. The interface is pretty, I'll give them that. Documentation is outdated and missing key details. Cancelling was a nightmare, they kept charging us. Save your money.",negative
856,HelpHive,Help Desk,Support Team Lead,501-1000 employees,2025-06-18,4,Easy to use and reliable,"HelpHive has become a core part of our daily workflow. Not bad at all once you get used to it. The mobile app could use some work, but it's fine. No complaints about the ticket routing. The mobile app is surprisingly good. Highly recommend.",positive
857,Pipely,CRM,Support Team Lead,51-200 employees,2024-07-16,4,Easy to use and reliable,Reporting could be more flexible. The API is well designed and easy to work with. 5 stars from me.,positive
858,Sprintly Pro,Project Management,Office Manager,1000+ employees,2024-06-19,4,Two years in,We migrated from a legacy system. Nothing about the team workload view feels finished. Search actually finds what I'm looking for. I can't imagine going back to spreadsheets. Highly recommend.,positive
859,MetricMint,Analytics,Finance Manager,1000+ employees,2024-12-22,5,Best analytics tool we've tried,Been a MetricMint customer for 18 months. We migrated from a legacy system. The mobile app is surprisingly good. The scheduled exports alone is worth the price. The funnel analysis alone is worth the price.,positive
860,SupportLoop,Help Desk,Project Manager,11-50 employees,2024-10-15,5,SupportLoop for a mid-sized team,Really happy with SupportLoop overall. Setup was quick and the onboarding guides were clear. The shared inbox is intuitive and saves us hours every week. The templates gave us a head start. Solid choice.,positive
861,TaskHarbor,Project Management,CTO,501-1000 employees,2024-12-25,5,Honest review,The API is well designed and easy to work with. Permissions and roles are flexible enough for our structure. The team workload view is not intuitive at all. Our account manager is responsive and genuinely helpful. Highly recommend.,positive
862,SendGarden,Email Marketing,Marketing Specialist,501-1000 employees,2025-03-23,4,Love it,There is a small learning curve at the start. Permissions and roles are flexible enough for our structure. The mobile app is surprisingly good.,positive
863,HelpHive,Help Desk,Account Executive,1-10 employees,2025-06-22,5,Great tool for our team,The mobile app is surprisingly good. Highly recommend.,positive
864,LedgerLeaf,Accounting,Operations Lead,201-500 employees,2024-03-14,5,Thoughts after one year,Been a LedgerLeaf customer for 18 months. Most of our team works remotely. There is a small learning curve at the start. The API is well designed and easy to work with.,positive
865,CountWise,Accounting,Office Manager,1-10 employees,2024-07-01,2,Honest review,We are on the business plan. Documentation is outdated and missing key details. Not bad at all once you get used to it. Permissions are too rigid for a team our size. Would not recommend.,negative
866,InsightForge,Analytics,Account Executive,501-1000 employees,2024-08-28,5,Love it,"Really happy with InsightForge overall. It's fast, even with thousands of records. Reporting could be more flexible.",positive
867,SupportLoop,Help Desk,Customer Success Manager,51-200 employees,2024-11-11,5,My take on SupportLoop,SupportLoop does exactly what we needed it to do. We are on the business plan. Importing our old data took one afternoon. Not a single bug in the SLA tracking so far. Our sales calls are shorter because everything is in one place.,positive
868,TaskHarbor,Project Management,CTO,51-200 employees,2024-08-27,5,My take on TaskHarbor,I've used TaskHarbor for about two years now. Never had an issue with billing. Not bad at all once you get used to it. Reports are easy to customize and share with management. The only downside is that the task dependencies could be a bit faster.,positive
869,SendGarden,Email Marketing,HR Generalist,51-200 employees,2025-09-19,4,Worth every penny,"Setup took weeks and the onboarding was confusing. Not cheap, but definitely worth it. I can't imagine going back to spreadsheets. Our sales calls are shorter because everything is in one place.",positive
870,PlanBoard,Project Management,Finance Manager,11-50 employees,2024-07-14,5,Love it,Our team adoption was almost instant. Highly recommend.,positive
871,InsightForge,Analytics,Product Owner,501-1000 employees,2025-09-24,5,My take on InsightForge,"I've used InsightForge for about two years now. We mainly use it for the data connectors. It's fast, even with thousands of records. The free trial convinced the whole team. Definitely renewing.",positive
872,BookBridge,Accounting,Customer Success Manager,1000+ employees,2025-09-13,5,Thoughts after one year,BookBridge does exactly what we needed it to do. The mobile app is surprisingly good. Our team adoption was almost instant. Solid choice.,positive
873,HelpHive,Help Desk,Support Team Lead,201-500 employees,2024-04-15,4,Worth every penny,"We rolled out HelpHive to the whole team in under a week. We migrated from a legacy system. Reliable, we've had basically no downtime.",positive
874,DealNest,CRM,Finance Manager,1000+ employees,2025-07-26,1,DealNest review,The templates are generic and mostly useless. Our sales calls got longer because the data is scattered. The API is well designed and easy to work with. Half of our team refused to use it.,negative
875,BookBridge,Accounting,Sales Manager,201-500 employees,2024-01-02,4,Thoughts after one year,Not bad at all once you get used to it. Definitely renewing.,positive
876,InboxRocket,Email Marketing,Project Manager,1000+ employees,2025-03-31,4,Solid and fast,We switched to InboxRocket last year and haven't looked back. Never had an issue with billing. Our account manager is responsive and genuinely helpful.,positive
877,LedgerLeaf,Accounting,Product Owner,1-10 employees,2024-04-17,5,Thoughts after one year,"Not cheap, but definitely worth it.",positive
878,HireCanvas,HR Software,Account Executive,1000+ employees,2024-05-01,5,Honest review,We are a team of 171 people. The templates gave us a head start. Customer support answers within minutes and actually solves the problem. Pricing is fair for what you get.,positive
879,Sprintly Pro,Project Management,Customer Success Manager,501-1000 employees,2024-08-14,4,Our experience with Sprintly Pro,"Really happy with Sprintly Pro overall. We migrated from a legacy system. It replaced two other tools for us, which saved money. Reliable, we've had basically no downtime. Permissions and roles are flexible enough for our structure. My one complaint is the price for larger teams. Highly recommend.",positive
880,HireCanvas,HR Software,HR Generalist,201-500 employees,2024-08-30,2,My take on HireCanvas,Been a HireCanvas customer for 18 months. Way too expensive for what you get. Our sales calls are shorter because everything is in one place.,negative
881,CountWise,Accounting,Operations Lead,51-200 employees,2024-07-01,5,Huge time saver,"CountWise has become a core part of our daily workflow. It replaced two other tools for us, which saved money. The only downside is that the expense tracking could be a bit faster. Setup was quick and the onboarding guides were clear. Definitely renewing.",positive
882,InboxRocket,Email Marketing,HR Generalist,1000+ employees,2024-12-01,2,Thoughts after one year,We are currently looking for an alternative to InboxRocket. We mainly use it for the A/B testing. It never syncs correctly with our calendar. The API is poorly documented and rate limits are strict. New features ship regularly and they listen to feedback.,negative
883,MetricMint,Analytics,Sales Manager,501-1000 employees,2024-04-11,1,Slow and clunky,We mainly use it for the data connectors. Not worth the money at all. Setup itself was easy enough.,negative
884,InboxRocket,Email Marketing,Product Owner,1000+ employees,2024-12-08,1,"Looked good, isn't","InboxRocket looked great in the demo, the reality is different. Most of our team works remotely. It gets painfully slow once you have a few thousand records. Our sales calls got longer because the data is scattered. Support staff are friendly, just not effective.",negative
885,MailMosaic,Email Marketing,HR Generalist,11-50 employees,2024-02-28,2,Slow and clunky,The A/B testing is buggy and loses data occasionally. It never syncs correctly with our calendar. Very frustrating experience.,negative
886,CountWise,Accounting,CTO,201-500 employees,2025-07-25,5,Solid and fast,"It's fast, even with thousands of records. Honestly, our old spreadsheet worked better. Pricing is fair for what you get.",positive
887,CountWise,Accounting,Account Executive,1000+ employees,2025-03-12,1,Thoughts after one year,"I wanted to like CountWise, but it has been a struggle. To be fair, the bank reconciliation looks nice. Cancelling was a nightmare, they kept charging us. Way too expensive for what you get. Hard to find anything they do well. Very frustrating experience.",negative
888,Sprintly Pro,Project Management,Founder,1000+ employees,2025-03-31,1,Not worth the price,We evaluated it against two competitors. Setup took weeks and the onboarding was confusing. Hard to find anything they do well. Basic features are locked behind the enterprise plan. Our managers finally have visibility into what everyone is doing. Avoid if you can.,negative
889,ChartCove,Analytics,Support Team Lead,201-500 employees,2024-03-30,5,Does the job really well,We are on the business plan. It gets painfully slow once you have a few thousand records. Our account manager is responsive and genuinely helpful. Not bad at all once you get used to it. Importing our old data took one afternoon.,positive
890,BookBridge,Accounting,Finance Manager,1000+ employees,2025-08-27,5,Easy to use and reliable,"We are on the business plan. Never had an issue with billing. The interface is clean and easy to learn, even for non-technical people. Reporting could be more flexible. Would recommend to any growing team.",positive
891,InboxRocket,Email Marketing,Project Manager,501-1000 employees,2025-09-22,1,Our experience with InboxRocket,I use it every day. We had several outages during business hours. The API is poorly documented and rate limits are strict. Importing our old data took three weeks and a consultant.,negative
892,Sprintly Pro,Project Management,Sales Manager,1-10 employees,2024-06-24,4,Huge time saver,We switched to Sprintly Pro last year and haven't looked back. I use it every day. The team workload view is intuitive and saves us hours every week. Hard to find anything they could improve. Permissions and roles are flexible enough for our structure.,positive
893,TaskHarbor,Project Management,Customer Success Manager,1000+ employees,2025-03-31,5,TaskHarbor for a mid-sized team,Customer support answers within minutes and actually solves the problem. 5 stars from me.,positive
894,BookBridge,Accounting,Operations Lead,1000+ employees,2025-09-04,4,Two years in,Really happy with BookBridge overall. Never had an issue with billing. Not a single bug in the invoicing so far. Way too expensive for what you get.,positive
895,BookBridge,Accounting,Account Executive,1000+ employees,2025-09-02,5,BookBridge review,Our team adopted BookBridge after trying three other tools. Permissions and roles are flexible enough for our structure. Customer support answers within minutes and actually solves the problem.,positive
896,InboxRocket,Email Marketing,Finance Manager,51-200 employees,2025-05-28,5,My take on InboxRocket,Our team adoption was almost instant. Permissions and roles are flexible enough for our structure. The drag-and-drop editor works exactly as advertised. Definitely renewing.,positive
897,CountWise,Accounting,Sales Manager,51-200 employees,2025-09-03,5,Thoughts after one year,Documentation is outdated and missing key details. Customer support answers within minutes and actually solves the problem.,positive
898,DealNest,CRM,CTO,1-10 employees,2024-05-21,5,My take on DealNest,We migrated from a legacy system. Automations cut a lot of repetitive manual work. Search actually finds what I'm looking for. Reporting could be more flexible.,positive
899,PlanBoard,Project Management,Project Manager,11-50 employees,2024-06-08,5,Honest review,"Search actually finds what I'm looking for. Our account manager is responsive and genuinely helpful. New features ship regularly and they listen to feedback. The mobile app could use some work, but it's fine.",positive
900,LedgerLeaf,Accounting,Product Owner,51-200 employees,2025-02-18,4,Great tool for our team,New features ship regularly and they listen to feedback. 5 stars from me.,positive
901,MailMosaic,Email Marketing,Operations Lead,201-500 employees,2024-07-08,5,Does the job really well,Our account manager is responsive and genuinely helpful. Great value.,positive
902,HireCanvas,HR Software,Account Executive,501-1000 employees,2024-07-06,4,Worth every penny,"We rolled out HireCanvas to the whole team in under a week. Most of our team works remotely. The free trial convinced the whole team. The API is poorly documented and rate limits are strict. Setup was quick and the onboarding guides were clear. It replaced two other tools for us, which saved money.",positive
903,InsightForge,Analytics,Data Analyst,1-10 employees,2025-09-05,5,Easy to use and reliable,We switched to InsightForge last year and haven't looked back. We evaluated it against two competitors. New features ship regularly and they listen to feedback. It integrates smoothly with Slack and Google Workspace. 5 stars from me.,positive
904,TicketTide,Help Desk,CTO,1000+ employees,2024-07-13,4,Huge time saver,We rolled out TicketTide to the whole team in under a week. We are on the business plan. The templates gave us a head start. Reporting could be more flexible. New features ship regularly and they listen to feedback. Solid choice.,positive
905,TicketTide,Help Desk,Marketing Specialist,501-1000 employees,2025-01-11,2,Our experience with TicketTide,"It never syncs correctly with our calendar. Way too expensive for what you get. To be fair, the ticket routing looks nice.",negative
906,HelpHive,Help Desk,Operations Lead,1000+ employees,2024-11-05,5,My take on HelpHive,I've used HelpHive for about two years now. We mainly use it for the knowledge base. Pricing is fair for what you get. The free trial convinced the whole team. Definitely renewing.,positive
907,MailMosaic,Email Marketing,Account Executive,51-200 employees,2024-10-13,2,Disappointed,"MailMosaic looked great in the demo, the reality is different. The interface is cluttered and hard to navigate. Save your money.",negative
908,TaskHarbor,Project Management,CTO,1000+ employees,2025-08-30,5,Huge time saver,"Really happy with TaskHarbor overall. The templates gave us a head start. It's fast, even with thousands of records. 5 stars from me.",positive
909,MailMosaic,Email Marketing,Product Owner,11-50 employees,2024-01-06,4,Best email marketing tool we've tried,I use it every day. The automation workflows alone is worth the price. Search actually finds what I'm looking for. Reporting is very limited and hard to customize. Not bad at all once you get used to it. 5 stars from me.,positive
910,PeoplePort,HR Software,Founder,1-10 employees,2024-05-02,2,Disappointed,"We moved to PeoplePort last year and regret it. Most of our team works remotely. Honestly, our old spreadsheet worked better. Customer support takes days to reply and rarely fixes anything. Cancelling was a nightmare, they kept charging us. To be fair, the PTO tracking looks nice.",negative
911,MailMosaic,Email Marketing,Project Manager,201-500 employees,2025-01-04,4,Worth every penny,Our managers finally have visibility into what everyone is doing. Solid choice.,positive
912,CountWise,Accounting,HR Generalist,51-200 employees,2025-08-23,4,Great tool for our team,We rolled out CountWise to the whole team in under a week. We migrated from a legacy system. Importing our old data took one afternoon. Not bad at all once you get used to it. No complaints about the invoicing. Importing our old data took three weeks and a consultant.,positive
913,SendGarden,Email Marketing,HR Generalist,1000+ employees,2025-09-24,4,Easy to use and reliable,Most of our team works remotely. Importing our old data took one afternoon. The only downside is that the automation workflows could be a bit faster. I can't imagine going back to spreadsheets.,positive
914,PeoplePort,HR Software,Office Manager,501-1000 employees,2024-05-29,5,Huge time saver,Most of our team works remotely. New features ship regularly and they listen to feedback. Our managers finally have visibility into what everyone is doing. The mobile app is surprisingly good.,positive
915,PeoplePort,HR Software,Customer Success Manager,201-500 employees,2024-04-07,4,Does the job really well,The API is well designed and easy to work with. Never had an issue with billing. Great value.,positive
916,HelpHive,Help Desk,Founder,1000+ employees,2025-04-12,2,Frustrating experience,We moved to HelpHive last year and regret it. We are a team of 165 people. We had several outages during business hours. The free trial hid most of the problems. It gets painfully slow once you have a few thousand records.,negative
917,HireCanvas,HR Software,Project Manager,201-500 employees,2024-10-23,2,HireCanvas for a mid-sized team,The API is poorly documented and rate limits are strict.,negative
918,DealNest,CRM,Sales Manager,201-500 employees,2024-02-20,2,DealNest for a mid-sized team,Documentation is outdated and missing key details. Setup took weeks and the onboarding was confusing. The interface is cluttered and hard to navigate. Very frustrating experience.,negative
919,ClientOrbit,CRM,Data Analyst,51-200 employees,2024-07-19,4,Does the job really well,Most of our team works remotely. Reports are easy to customize and share with management. Pricing is fair for what you get. Not a single bug in the pipeline view so far.,positive
920,InboxRocket,Email Marketing,Project Manager,201-500 employees,2024-10-01,5,Easy to use and reliable,Really happy with InboxRocket overall. We mainly use it for the drag-and-drop editor. The list segmentation works exactly as advertised. The templates gave us a head start. Customer support answers within minutes and actually solves the problem. Definitely renewing.,positive
921,Sprintly Pro,Project Management,Product Owner,1000+ employees,2024-03-15,5,Great tool for our team,"The mobile app is surprisingly good. Importing our old data took one afternoon. The interface is clean and easy to learn, even for non-technical people.",positive
922,ChartCove,Analytics,Data Analyst,11-50 employees,2025-01-24,5,My take on ChartCove,"We switched to ChartCove last year and haven't looked back. Reliable, we've had basically no downtime. Highly recommend.",positive
923,Pipely,CRM,HR Generalist,11-50 employees,2024-01-03,1,Slow and clunky,We had several outages during business hours. The interface is cluttered and hard to navigate. The email sync doesn't work as advertised.,negative
924,Sprintly Pro,Project Management,Data Analyst,1000+ employees,2024-09-09,5,Sprintly Pro for a mid-sized team,Been a Sprintly Pro customer for 18 months. Reports are easy to customize and share with management. Search actually finds what I'm looking for. Pricing is fair for what you get. 5 stars from me.,positive
925,HelpHive,Help Desk,Support Team Lead,501-1000 employees,2024-08-16,1,Frustrating experience,"Our account manager disappeared after we signed the contract. Honestly, our old spreadsheet worked better.",negative
926,PlanBoard,Project Management,Founder,201-500 employees,2024-01-30,5,My take on PlanBoard,I've used PlanBoard for about two years now. Our managers finally have visibility into what everyone is doing. Our account manager is responsive and genuinely helpful. The mobile app is surprisingly good. 5 stars from me.,positive
927,Sprintly Pro,Project Management,Account Executive,1-10 employees,2025-09-11,5,Our experience with Sprintly Pro,Really happy with Sprintly Pro overall. We evaluated it against two competitors. Never had an issue with billing. Our account manager is responsive and genuinely helpful.,positive
928,HelpHive,Help Desk,Operations Lead,1000+ employees,2025-08-10,4,My take on HelpHive,It integrates smoothly with Slack and Google Workspace. My one complaint is the price for larger teams.,positive
929,ChartCove,Analytics,Data Analyst,1-10 employees,2025-05-19,5,Huge time saver,Our IT team handled the rollout. Not worth the money at all. The templates gave us a head start. Hard to find anything they could improve.,positive
930,BookBridge,Accounting,Support Team Lead,1-10 employees,2024-10-06,5,Best accounting tool we've tried,We migrated from a legacy system. There is a small learning curve at the start. Our sales calls are shorter because everything is in one place. Would recommend to any growing team.,positive
931,TaskHarbor,Project Management,Support Team Lead,501-1000 employees,2024-09-28,5,Love it,We switched to TaskHarbor last year and haven't looked back. Automations cut a lot of repetitive manual work. Not a single bug in the kanban boards so far. Definitely renewing.,positive
932,ChartCove,Analytics,Data Analyst,51-200 employees,2025-08-14,4,Two years in,"We are on the business plan. It replaced two other tools for us, which saved money.",positive
933,HelpHive,Help Desk,Office Manager,201-500 employees,2025-02-24,5,HelpHive for a mid-sized team,"We mainly use it for the knowledge base. Customer support takes days to reply and rarely fixes anything. No complaints about the ticket routing. Not cheap, but definitely worth it. 5 stars from me.",positive
934,LedgerLeaf,Accounting,Product Owner,501-1000 employees,2024-12-17,4,Two years in,It integrates smoothly with Slack and Google Workspace.,positive
935,InsightForge,Analytics,Sales Manager,51-200 employees,2024-07-30,4,Thoughts after one year,InsightForge does exactly what we needed it to do. It never syncs correctly with our calendar. No complaints about the custom reports.,positive
936,InboxRocket,Email Marketing,Marketing Specialist,51-200 employees,2025-02-20,5,Two years in,"I've used InboxRocket for about two years now. Pricing is fair for what you get. Reliable, we've had basically no downtime.",positive
937,BookBridge,Accounting,Account Executive,1000+ employees,2024-01-31,5,BookBridge review,"We are on the business plan. Reliable, we've had basically no downtime. Our account manager is responsive and genuinely helpful. The templates gave us a head start. Highly recommend.",positive
938,SupportLoop,Help Desk,Finance Manager,11-50 employees,2024-04-28,5,Love it,SupportLoop has become a core part of our daily workflow. The live chat widget alone is worth the price. No complaints about the live chat widget. The knowledge base alone is worth the price.,positive
939,HelpHive,Help Desk,Office Manager,1000+ employees,2024-04-06,5,Worth every penny,"We rolled out HelpHive to the whole team in under a week. We are a team of 146 people. The ticket routing is clunky and slow to load. It's fast, even with thousands of records. Highly recommend.",positive
940,SupportLoop,Help Desk,Project Manager,1-10 employees,2025-06-05,1,"Looked good, isn't",We mainly use it for the ticket routing. Setup took weeks and the onboarding was confusing. Importing our old data took three weeks and a consultant. The knowledge base is buggy and loses data occasionally.,negative
941,MailMosaic,Email Marketing,Project Manager,201-500 employees,2024-08-15,2,Disappointed,"It integrates smoothly with Slack and Google Workspace. Cancelling was a nightmare, they kept charging us. Very frustrating experience.",negative
942,BookBridge,Accounting,Account Executive,1-10 employees,2024-10-23,4,Solid and fast,We switched to BookBridge last year and haven't looked back. Never had an issue with billing.,positive
943,TaskHarbor,Project Management,Marketing Specialist,51-200 employees,2024-07-21,1,Avoid this project management tool,We are currently looking for an alternative to TaskHarbor. Most of our team works remotely. Half of our team refused to use it. Reporting is very limited and hard to customize. Setup took weeks and the onboarding was confusing. Look elsewhere.,negative
944,HireCanvas,HR Software,Data Analyst,51-200 employees,2024-04-16,1,Not worth the price,Setup took weeks and the onboarding was confusing. Reporting is very limited and hard to customize. Look elsewhere.,negative
945,SupportLoop,Help Desk,Office Manager,1000+ employees,2024-06-19,4,Worth every penny,We are on the business plan. The live chat widget works exactly as advertised. No complaints about the SLA tracking. Importing our old data took one afternoon. Permissions are too rigid for a team our size. Great value.,positive
946,TicketTide,Help Desk,Customer Success Manager,1-10 employees,2024-07-09,5,Two years in,We are a team of 98 people. New features ship regularly and they listen to feedback. The SLA tracking alone is worth the price. There is a small learning curve at the start. Highly recommend.,positive
947,BookBridge,Accounting,Office Manager,1-10 employees,2025-02-09,5,Solid and fast,"The mobile app is surprisingly good. The mobile app could use some work, but it's fine.",positive
948,PeoplePort,HR Software,Support Team Lead,501-1000 employees,2025-09-16,2,Our experience with PeoplePort,"PeoplePort looked great in the demo, the reality is different. I use it every day. Setup took weeks and the onboarding was confusing. Cancelling was a nightmare, they kept charging us. Support staff are friendly, just not effective. Honestly, our old spreadsheet worked better.",negative
949,PlanBoard,Project Management,Project Manager,11-50 employees,2025-08-02,1,Slow and clunky,The mobile app crashes constantly. Would not recommend.,negative
950,PlanBoard,Project Management,Operations Lead,501-1000 employees,2025-01-08,1,My take on PlanBoard,We mainly use it for the task dependencies. Not worth the money at all. Not a single bug in the team workload view so far. Documentation is outdated and missing key details. Our account manager disappeared after we signed the contract. Avoid if you can.,negative
951,PlanBoard,Project Management,CTO,501-1000 employees,2025-05-19,4,Great tool for our team,PlanBoard has become a core part of our daily workflow. No complaints about the kanban boards.,positive
952,InsightForge,Analytics,Founder,201-500 employees,2024-07-27,2,Thoughts after one year,Pretty disappointed with InsightForge overall. Our IT team handled the rollout. Search actually finds what I'm looking for. They raised the price by 40% with almost no notice. The free trial hid most of the problems. Not worth the money at all. Avoid if you can.,negative
953,Pipely,CRM,Support Team Lead,201-500 employees,2024-11-30,4,Honest review,The deal tracking alone is worth the price. Our managers finally have visibility into what everyone is doing. Our team adoption was almost instant.,positive
954,HireCanvas,HR Software,Data Analyst,201-500 employees,2025-02-06,2,Two years in,We are currently looking for an alternative to HireCanvas. The mobile app crashes constantly. The org chart is clunky and slow to load. The templates are generic and mostly useless.,negative
955,MetricMint,Analytics,Support Team Lead,51-200 employees,2025-03-03,5,Two years in,I've used MetricMint for about two years now. I use it every day. The funnel analysis alone is worth the price. No complaints about the data connectors. Permissions are too rigid for a team our size.,positive
956,StaffSpring,HR Software,Finance Manager,1-10 employees,2025-01-25,2,Honest review,We migrated from a legacy system. The org chart is intuitive and saves us hours every week. The mobile app crashes constantly.,negative
957,TicketTide,Help Desk,HR Generalist,1-10 employees,2024-03-08,5,Our experience with TicketTide,"Importing our old data took one afternoon. The mobile app could use some work, but it's fine.",positive
958,LedgerLeaf,Accounting,Support Team Lead,51-200 employees,2025-08-25,2,Not worth the price,We had several outages during business hours. Setup took weeks and the onboarding was confusing. The free trial convinced the whole team. Importing our old data took three weeks and a consultant. Very frustrating experience.,negative
959,InboxRocket,Email Marketing,HR Generalist,501-1000 employees,2024-06-23,2,Thoughts after one year,"InboxRocket looked great in the demo, the reality is different. We mainly use it for the drag-and-drop editor. Cancelling was a nightmare, they kept charging us. The API is well designed and easy to work with.",negative
960,CountWise,Accounting,HR Generalist,1000+ employees,2024-03-01,2,Honest review,"It gets painfully slow once you have a few thousand records. To be fair, the bank reconciliation looks nice. Our account manager disappeared after we signed the contract. Hard to find anything they do well. Would not recommend.",negative
961,BookBridge,Accounting,Customer Success Manager,201-500 employees,2024-06-18,5,Thoughts after one year,"Really happy with BookBridge overall. Most of our team works remotely. It replaced two other tools for us, which saved money. Not a single bug in the multi-currency support so far. Definitely renewing.",positive
962,PeoplePort,HR Software,Marketing Specialist,1-10 employees,2025-02-04,5,PeoplePort review,PeoplePort does exactly what we needed it to do. Most of our team works remotely. Pricing is fair for what you get. Automations cut a lot of repetitive manual work. Definitely renewing.,positive
963,CountWise,Accounting,Account Executive,201-500 employees,2024-02-03,4,Worth every penny,"Search actually finds what I'm looking for. Reliable, we've had basically no downtime. The invoicing doesn't work as advertised. 5 stars from me.",positive
964,HireCanvas,HR Software,HR Generalist,501-1000 employees,2025-05-17,4,Love it,"We rolled out HireCanvas to the whole team in under a week. We are on the business plan. The free trial convinced the whole team. Reliable, we've had basically no downtime. The mobile app is surprisingly good. Would recommend to any growing team.",positive
965,ClientOrbit,CRM,Sales Manager,1000+ employees,2024-08-14,5,Honest review,The templates gave us a head start. I can't imagine going back to spreadsheets.,positive
966,ChartCove,Analytics,Data Analyst,201-500 employees,2025-01-21,2,Disappointed,"Used ChartCove for a year, not renewing. Reporting is very limited and hard to customize. Hard to find anything they do well. The interface is pretty, I'll give them that.",negative
967,SendGarden,Email Marketing,Sales Manager,11-50 employees,2024-08-08,5,Worth every penny,I've used SendGarden for about two years now. There is a small learning curve at the start. Our team adoption was almost instant. Our account manager is responsive and genuinely helpful. Never had an issue with billing.,positive
968,ClientOrbit,CRM,Office Manager,11-50 employees,2024-11-13,1,ClientOrbit for a mid-sized team,We used ClientOrbit for about eight months before cancelling. It gets painfully slow once you have a few thousand records. Importing our old data took one afternoon.,negative
969,SendGarden,Email Marketing,Customer Success Manager,11-50 employees,2025-05-05,5,Honest review,"Our team adopted SendGarden after trying three other tools. Setup took weeks and the onboarding was confusing. It replaced two other tools for us, which saved money. Highly recommend.",positive
970,CountWise,Accounting,Project Manager,1000+ employees,2024-04-30,5,CountWise review,Reporting could be more flexible. No complaints about the multi-currency support. Great value.,positive
971,BookBridge,Accounting,Marketing Specialist,1-10 employees,2024-02-07,5,My take on BookBridge,Our team adopted BookBridge after trying three other tools. We migrated from a legacy system. Importing our old data took one afternoon. There is a small learning curve at the start. Not a single bug in the bank reconciliation so far. Solid choice.,positive
972,MetricMint,Analytics,Marketing Specialist,1000+ employees,2024-02-24,2,Disappointed,We moved to MetricMint last year and regret it. Way too expensive for what you get. We had several outages during business hours. Would not recommend.,negative
973,MailMosaic,Email Marketing,Founder,51-200 employees,2025-06-05,1,Slow and clunky,They raised the price by 40% with almost no notice. The idea behind the product is good. The list segmentation is clunky and slow to load. Not renewing.,negative
974,DealNest,CRM,Support Team Lead,501-1000 employees,2024-05-30,4,DealNest review,Documentation is thorough and up to date. Solid choice.,positive
975,SupportLoop,Help Desk,Sales Manager,51-200 employees,2025-05-11,4,Easy to use and reliable,I can't imagine going back to spreadsheets. The ticket routing alone is worth the price. Permissions and roles are flexible enough for our structure. 5 stars from me.,positive
976,DealNest,CRM,Finance Manager,1-10 employees,2025-01-28,5,Solid and fast,We mainly use it for the email sync. The pipeline view alone is worth the price. Search actually finds what I'm looking for. The API is well designed and easy to work with. Documentation is outdated and missing key details. Would recommend to any growing team.,positive
977,Sprintly Pro,Project Management,Sales Manager,51-200 employees,2025-06-12,2,Not worth the price,"I wanted to like Sprintly Pro, but it has been a struggle. The templates are generic and mostly useless. Would not recommend.",negative
978,StaffSpring,HR Software,Marketing Specialist,11-50 employees,2024-12-24,1,Support is non-existent,"Search almost never finds what I'm looking for. The idea behind the product is good. It gets painfully slow once you have a few thousand records. Automations fail silently, so you never know what broke.",negative
979,BookBridge,Accounting,HR Generalist,1-10 employees,2025-07-05,2,BookBridge for a mid-sized team,"We are a team of 34 people. Not cheap, but definitely worth it.",negative
980,Pipely,CRM,Sales Manager,201-500 employees,2024-06-21,4,Easy to use and reliable,"Been a Pipely customer for 18 months. Our managers finally have visibility into what everyone is doing. The interface is clean and easy to learn, even for non-technical people. 5 stars from me.",positive
981,TaskHarbor,Project Management,Sales Manager,201-500 employees,2024-09-05,1,TaskHarbor review,"Our team tried TaskHarbor and it did not work out. The templates are generic and mostly useless. It's fast, even with thousands of records.",negative
982,Pipely,CRM,Account Executive,51-200 employees,2024-06-08,4,My take on Pipely,"I've used Pipely for about two years now. We are a team of 263 people. Basic features are locked behind the enterprise plan. It's fast, even with thousands of records.",positive
983,ChartCove,Analytics,Marketing Specialist,501-1000 employees,2024-03-20,4,Two years in,"Our team adopted ChartCove after trying three other tools. It's fast, even with thousands of records. Reports are easy to customize and share with management. The API is well designed and easy to work with. The only downside is that the custom reports could be a bit faster.",positive
984,Sprintly Pro,Project Management,Operations Lead,501-1000 employees,2024-03-11,2,"Looked good, isn't",The free trial hid most of the problems. Our managers still export everything to Excel. Would not recommend.,negative
985,TaskHarbor,Project Management,Marketing Specialist,11-50 employees,2025-09-18,2,Disappointed,"Our team tried TaskHarbor and it did not work out. Our IT team handled the rollout. To be fair, the task dependencies looks nice. Search almost never finds what I'm looking for. Half of our team refused to use it.",negative
986,Pipely,CRM,Founder,201-500 employees,2025-04-12,4,Honest review,I use it every day. Customer support answers within minutes and actually solves the problem. Search actually finds what I'm looking for.,positive
987,ChartCove,Analytics,CTO,11-50 employees,2024-05-17,4,Worth every penny,"It replaced two other tools for us, which saved money. Hard to find anything they do well. Importing our old data took one afternoon.",positive
988,ChartCove,Analytics,Project Manager,201-500 employees,2025-01-17,4,Great tool for our team,"Permissions and roles are flexible enough for our structure. Reliable, we've had basically no downtime. I can't imagine going back to spreadsheets. Solid choice.",positive
989,PeoplePort,HR Software,Account Executive,1-10 employees,2025-04-12,4,Does the job really well,"Been a PeoplePort customer for 18 months. The interface is clean and easy to learn, even for non-technical people.",positive
990,ClientOrbit,CRM,Support Team Lead,201-500 employees,2025-03-10,1,Too many bugs,Hard to find anything they do well. It never syncs correctly with our calendar. Setup took weeks and the onboarding was confusing. Not renewing.,negative
991,SupportLoop,Help Desk,Account Executive,1000+ employees,2025-06-14,2,Avoid this help desk tool,"SupportLoop looked great in the demo, the reality is different. Way too expensive for what you get. We had several outages during business hours. Our managers still export everything to Excel. Very frustrating experience.",negative
992,TaskHarbor,Project Management,Marketing Specialist,11-50 employees,2024-05-17,4,Worth every penny,"We rolled out TaskHarbor to the whole team in under a week. I use it every day. The mobile app could use some work, but it's fine. Our team adoption was almost instant.",positive
993,DealNest,CRM,CTO,51-200 employees,2025-03-23,1,Not worth the price,Not worth the money at all. The deal tracking is buggy and loses data occasionally. The templates are generic and mostly useless. Avoid if you can.,negative
994,MailMosaic,Email Marketing,Support Team Lead,1000+ employees,2025-04-24,1,Support is non-existent,"Reporting is very limited and hard to customize. Support staff are friendly, just not effective. It gets painfully slow once you have a few thousand records.",negative
995,MailMosaic,Email Marketing,Customer Success Manager,51-200 employees,2024-12-27,4,Two years in,MailMosaic has become a core part of our daily workflow. Most of our team works remotely. The API is well designed and easy to work with. Not a single bug in the list segmentation so far. I can't imagine going back to spreadsheets.,positive
996,CountWise,Accounting,CTO,51-200 employees,2024-10-10,2,Honest review,We used CountWise for about eight months before cancelling. Most of our team works remotely. Our account manager disappeared after we signed the contract.,negative
997,InsightForge,Analytics,Support Team Lead,501-1000 employees,2025-06-23,5,Great tool for our team,"We rolled out InsightForge to the whole team in under a week. Our team adoption was almost instant. Reports are easy to customize and share with management. Reporting could be more flexible. Not cheap, but definitely worth it. Great value.",positive
998,MailMosaic,Email Marketing,Founder,501-1000 employees,2025-03-25,5,Thoughts after one year,MailMosaic has become a core part of our daily workflow. Reports are easy to customize and share with management. Setup was quick and the onboarding guides were clear. Our sales calls are shorter because everything is in one place. The campaign reports is clunky and slow to load.,positive
999,TaskHarbor,Project Management,Marketing Specialist,1000+ employees,2024-01-27,2,Too many bugs,"Reliable, we've had basically no downtime. Not worth the money at all. Documentation is outdated and missing key details.",negative
1000,InsightForge,Analytics,Support Team Lead,1-10 employees,2025-01-27,5,InsightForge for a mid-sized team,InsightForge has become a core part of our daily workflow. Pricing is fair for what you get. The templates gave us a head start. Would recommend to any growing team.,positive
1001,DealNest,CRM,CTO,501-1000 employees,2024-01-05,5,Our experience with DealNest,"We switched to DealNest last year and haven't looked back. We evaluated it against two competitors. Reporting is very limited and hard to customize. It's fast, even with thousands of records. 5 stars from me.",positive
1002,TicketTide,Help Desk,Data Analyst,1000+ employees,2025-05-07,4,Honest review,"TicketTide does exactly what we needed it to do. I use it every day. The interface is clean and easy to learn, even for non-technical people. No complaints about the shared inbox. It integrates smoothly with Slack and Google Workspace. Reporting could be more flexible. Highly recommend.",positive
1003,DealNest,CRM,CTO,501-1000 employees,2024-10-07,2,Avoid this crm tool,"I wanted to like DealNest, but it has been a struggle. Basic features are locked behind the enterprise plan.",negative
1004,CountWise,Accounting,Sales Manager,501-1000 employees,2024-11-24,5,My take on CountWise,Our account manager is responsive and genuinely helpful. My one complaint is the price for larger teams.,positive
1005,LedgerLeaf,Accounting,Sales Manager,11-50 employees,2024-05-29,5,Solid and fast,"Our team adopted LedgerLeaf after trying three other tools. We migrated from a legacy system. Permissions and roles are flexible enough for our structure. Reliable, we've had basically no downtime. The only downside is that the invoicing could be a bit faster. Would recommend to any growing team.",positive
1006,CountWise,Accounting,Operations Lead,1-10 employees,2024-07-26,2,CountWise for a mid-sized team,We are currently looking for an alternative to CountWise. We mainly use it for the invoicing. It never syncs correctly with our calendar. Not renewing.,negative
1007,BookBridge,Accounting,CTO,11-50 employees,2025-08-27,5,BookBridge review,"I've used BookBridge for about two years now. Reliable, we've had basically no downtime. It gets painfully slow once you have a few thousand records. Our sales calls are shorter because everything is in one place. Never had an issue with billing. Would recommend to any growing team.",positive
1008,HelpHive,Help Desk,CTO,11-50 employees,2024-08-16,2,Avoid this help desk tool,"We used HelpHive for about eight months before cancelling. Our IT team handled the rollout. Hard to find anything they do well. The API is poorly documented and rate limits are strict. To be fair, the knowledge base looks nice.",negative
1009,ClientOrbit,CRM,Operations Lead,1-10 employees,2025-09-09,2,Not worth the price,The interface is cluttered and hard to navigate. Reporting is very limited and hard to customize. Very frustrating experience.,negative
1010,MetricMint,Analytics,Sales Manager,51-200 employees,2025-04-11,4,My take on MetricMint,We migrated from a legacy system. Our managers still export everything to Excel. Never had an issue with billing.,positive
1011,PlanBoard,Project Management,Data Analyst,11-50 employees,2024-03-21,4,PlanBoard review,Our sales calls are shorter because everything is in one place. Definitely renewing.,positive
1012,Pipely,CRM,Project Manager,201-500 employees,2025-06-18,5,Love it,The API is well designed and easy to work with. Automations cut a lot of repetitive manual work. Setup was quick and the onboarding guides were clear. There is a small learning curve at the start.,positive
1013,DealNest,CRM,Data Analyst,1-10 employees,2024-04-07,5,Best crm tool we've tried,I've used DealNest for about two years now. No complaints about the deal tracking. The email sync works exactly as advertised. 5 stars from me.,positive
1014,StaffSpring,HR Software,Founder,1000+ employees,2025-07-10,2,StaffSpring for a mid-sized team,The payroll export alone is worth the price. The templates are generic and mostly useless. Look elsewhere.,negative
1015,CountWise,Accounting,CTO,201-500 employees,2025-05-29,1,Too many bugs,"The invoicing doesn't work as advertised. Search almost never finds what I'm looking for. To be fair, the expense tracking looks nice. Save your money.",negative
1016,TaskHarbor,Project Management,Founder,1000+ employees,2024-09-15,4,Does the job really well,TaskHarbor does exactly what we needed it to do. We evaluated it against two competitors. Hard to find anything they could improve. Highly recommend.,positive
1017,InsightForge,Analytics,Project Manager,1-10 employees,2025-03-03,4,Thoughts after one year,Really happy with InsightForge overall. I use it every day. Reporting could be more flexible. Our sales calls are shorter because everything is in one place. Reports are easy to customize and share with management. Setup was quick and the onboarding guides were clear.,positive
1018,ChartCove,Analytics,Office Manager,1000+ employees,2024-04-07,5,Solid and fast,"We mainly use it for the custom reports. Reports are easy to customize and share with management. The mobile app could use some work, but it's fine.",positive
1019,HireCanvas,HR Software,Data Analyst,11-50 employees,2024-02-21,5,HireCanvas for a mid-sized team,We switched to HireCanvas last year and haven't looked back. The only downside is that the payroll export could be a bit faster. Hard to find anything they could improve. Automations cut a lot of repetitive manual work. Solid choice.,positive
1020,SendGarden,Email Marketing,CTO,201-500 employees,2024-07-03,2,Honest review,We are currently looking for an alternative to SendGarden. The campaign reports is clunky and slow to load. The free trial hid most of the problems. Basic features are locked behind the enterprise plan.,negative
1021,CountWise,Accounting,Support Team Lead,1000+ employees,2025-01-12,4,Does the job really well,I've used CountWise for about two years now. The tax reports alone is worth the price. Customer support answers within minutes and actually solves the problem. Highly recommend.,positive
1022,InboxRocket,Email Marketing,Customer Success Manager,1-10 employees,2024-03-25,5,Love it,Not bad at all once you get used to it. 5 stars from me.,positive
1023,TicketTide,Help Desk,Sales Manager,1000+ employees,2024-08-07,1,Support is non-existent,We evaluated it against two competitors. Half of our team refused to use it. Look elsewhere.,negative
1024,InboxRocket,Email Marketing,Office Manager,501-1000 employees,2025-07-25,2,Support is non-existent,"I wanted to like InboxRocket, but it has been a struggle. I use it every day. The templates are generic and mostly useless. Not cheap, but definitely worth it. Save your money.",negative
1025,CountWise,Accounting,CTO,501-1000 employees,2024-06-03,4,Our experience with CountWise,We mainly use it for the expense tracking. Documentation is thorough and up to date. Setup was quick and the onboarding guides were clear. Solid choice.,positive
1026,DealNest,CRM,Founder,201-500 employees,2025-02-28,4,Two years in,Never had an issue with billing. Customer support answers within minutes and actually solves the problem. Would recommend to any growing team.,positive
1027,TaskHarbor,Project Management,Finance Manager,51-200 employees,2024-02-05,4,Great tool for our team,Hard to find anything they could improve. The time tracking is clunky and slow to load.,positive
1028,TaskHarbor,Project Management,Operations Lead,201-500 employees,2024-04-23,2,Avoid this project management tool,"To be fair, the team workload view looks nice. The API is poorly documented and rate limits are strict. Avoid if you can.",negative
1029,Sprintly Pro,Project Management,Operations Lead,11-50 employees,2024-04-29,4,Love it,We switched to Sprintly Pro last year and haven't looked back. I can't imagine going back to spreadsheets.,positive
1030,ClientOrbit,CRM,Sales Manager,1-10 employees,2024-06-14,4,Love it,Really happy with ClientOrbit overall. The contact management is intuitive and saves us hours every week. Permissions and roles are flexible enough for our structure. Reports are easy to customize and share with management. Highly recommend.,positive
1031,HireCanvas,HR Software,Product Owner,1-10 employees,2025-08-25,5,Worth every penny,We rolled out HireCanvas to the whole team in under a week. We mainly use it for the performance reviews. Not bad at all once you get used to it. Hard to find anything they could improve. Search actually finds what I'm looking for.,positive
1032,Pipely,CRM,Support Team Lead,501-1000 employees,2024-09-22,5,Our experience with Pipely,"The mobile app could use some work, but it's fine. The free trial convinced the whole team. The templates gave us a head start. Automations cut a lot of repetitive manual work. Great value.",positive
1033,LedgerLeaf,Accounting,Marketing Specialist,51-200 employees,2025-03-31,4,Huge time saver,"I can't imagine going back to spreadsheets. Our managers finally have visibility into what everyone is doing. Automations fail silently, so you never know what broke. Setup was quick and the onboarding guides were clear.",positive
1034,Pipely,CRM,Office Manager,11-50 employees,2024-11-09,5,Great tool for our team,"I use it every day. The only downside is that the email sync could be a bit faster. The deal tracking is intuitive and saves us hours every week. Reliable, we've had basically no downtime. Reports are easy to customize and share with management. Definitely renewing.",positive
1035,SendGarden,Email Marketing,Project Manager,501-1000 employees,2024-01-18,4,Huge time saver,Permissions and roles are flexible enough for our structure. Solid choice.,positive
1036,PeoplePort,HR Software,Founder,11-50 employees,2024-11-22,4,My take on PeoplePort,I use it every day. Not bad at all once you get used to it. Would recommend to any growing team.,positive
1037,TaskHarbor,Project Management,HR Generalist,201-500 employees,2024-05-15,2,Frustrating experience,"I wanted to like TaskHarbor, but it has been a struggle. Way too expensive for what you get. Hard to find anything they do well.",negative
1038,TicketTide,Help Desk,Customer Success Manager,501-1000 employees,2024-01-26,4,Great tool for our team,TicketTide does exactly what we needed it to do. The only downside is that the shared inbox could be a bit faster. Documentation is thorough and up to date. Our team adoption was almost instant. I can't imagine going back to spreadsheets. Would recommend to any growing team.,positive
1039,Pipely,CRM,Operations Lead,11-50 employees,2024-06-20,2,Disappointed,"Used Pipely for a year, not renewing. Our sales calls got longer because the data is scattered. Nothing about the pipeline view feels finished. Setup itself was easy enough. Would not recommend.",negative
1040,PeoplePort,HR Software,Sales Manager,201-500 employees,2025-07-08,2,Too many bugs,"I wanted to like PeoplePort, but it has been a struggle. Importing our old data took three weeks and a consultant. Search actually finds what I'm looking for. The mobile app crashes constantly. The templates are generic and mostly useless.",negative
1041,Sprintly Pro,Project Management,Founder,11-50 employees,2024-10-06,1,Slow and clunky,Setup itself was easy enough. Not worth the money at all. Reporting is very limited and hard to customize. The mobile app crashes constantly. Avoid if you can.,negative
1042,TaskHarbor,Project Management,Sales Manager,501-1000 employees,2024-02-05,4,Easy to use and reliable,We are a team of 243 people. Search actually finds what I'm looking for. Pricing is fair for what you get. Nothing about the kanban boards feels finished.,positive
1043,SendGarden,Email Marketing,Support Team Lead,1000+ employees,2025-07-27,4,Solid and fast,The free trial convinced the whole team. Solid choice.,positive
1044,DealNest,CRM,Data Analyst,1-10 employees,2024-07-12,5,Does the job really well,I've used DealNest for about two years now. The deal tracking is intuitive and saves us hours every week. Our managers finally have visibility into what everyone is doing. Automations cut a lot of repetitive manual work. Setup took weeks and the onboarding was confusing. 5 stars from me.,positive
1045,ChartCove,Analytics,Customer Success Manager,201-500 employees,2024-07-13,4,Worth every penny,"Really happy with ChartCove overall. Our IT team handled the rollout. The API is well designed and easy to work with. Reliable, we've had basically no downtime. The funnel analysis is intuitive and saves us hours every week.",positive
1046,SupportLoop,Help Desk,Account Executive,1-10 employees,2024-10-02,4,Easy to use and reliable,Our sales calls are shorter because everything is in one place. The templates gave us a head start.,positive
1047,TaskHarbor,Project Management,HR Generalist,11-50 employees,2025-05-28,4,Not worth the price,"We used TaskHarbor for about eight months before cancelling. Hard to find anything they do well. Support staff are friendly, just not effective. Basic features are locked behind the enterprise plan. Not renewing.",positive
1048,SupportLoop,Help Desk,Marketing Specialist,501-1000 employees,2025-04-27,1,Support is non-existent,We are a team of 272 people. Our sales calls got longer because the data is scattered.,negative
1049,HelpHive,Help Desk,Data Analyst,11-50 employees,2025-05-22,2,Thoughts after one year,"The API is poorly documented and rate limits are strict. The knowledge base is buggy and loses data occasionally. To be fair, the SLA tracking looks nice. Way too expensive for what you get.",negative
1050,PlanBoard,Project Management,Product Owner,201-500 employees,2024-01-21,5,My take on PlanBoard,PlanBoard has become a core part of our daily workflow. We mainly use it for the time tracking. The Gantt chart alone is worth the price. The mobile app is surprisingly good. Our sales calls are shorter because everything is in one place.,positive
1051,BookBridge,Accounting,Account Executive,201-500 employees,2024-02-24,1,Support is non-existent,Hard to find anything they do well.,negative
1052,HireCanvas,HR Software,Account Executive,11-50 employees,2024-03-08,2,"Looked good, isn't",Pretty disappointed with HireCanvas overall. Our IT team handled the rollout. The free trial hid most of the problems. Customer support takes days to reply and rarely fixes anything. Look elsewhere.,negative
1053,ClientOrbit,CRM,Product Owner,501-1000 employees,2025-09-13,5,Two years in,Our team adopted ClientOrbit after trying three other tools. We are on the business plan. Our sales calls are shorter because everything is in one place. Great value.,positive
1054,TicketTide,Help Desk,Data Analyst,1-10 employees,2025-07-27,1,Our experience with TicketTide,"TicketTide looked great in the demo, the reality is different. The SLA tracking is clunky and slow to load. Permissions are too rigid for a team our size. Save your money.",negative
1055,PlanBoard,Project Management,HR Generalist,1000+ employees,2025-05-15,4,Love it,"We rolled out PlanBoard to the whole team in under a week. I use it every day. Not cheap, but definitely worth it. Our managers finally have visibility into what everyone is doing.",positive
1056,ChartCove,Analytics,CTO,201-500 employees,2025-06-21,5,Does the job really well,Documentation is thorough and up to date. Not a single bug in the data connectors so far. The data connectors is intuitive and saves us hours every week. Solid choice.,positive
1057,StaffSpring,HR Software,Sales Manager,11-50 employees,2024-05-17,1,Support is non-existent,The free trial hid most of the problems. It never syncs correctly with our calendar. The org chart doesn't work as advertised. Setup itself was easy enough.,negative
1058,CountWise,Accounting,Project Manager,11-50 employees,2025-04-07,1,Not worth the price,Our team tried CountWise and it did not work out. The interface is cluttered and hard to navigate. The free trial convinced the whole team. Documentation is outdated and missing key details. Not renewing.,negative
1059,HelpHive,Help Desk,Founder,11-50 employees,2025-09-18,2,Honest review,"Pretty disappointed with HelpHive overall. We are a team of 106 people. The live chat widget is intuitive and saves us hours every week. They raised the price by 40% with almost no notice. Cancelling was a nightmare, they kept charging us. The templates are generic and mostly useless.",negative
1060,Sprintly Pro,Project Management,HR Generalist,51-200 employees,2025-06-07,2,Our experience with Sprintly Pro,We migrated from a legacy system. The Gantt chart is not intuitive at all. The idea behind the product is good. Importing our old data took three weeks and a consultant. Very frustrating experience.,negative
1061,TicketTide,Help Desk,Product Owner,11-50 employees,2024-06-06,4,Our experience with TicketTide,Importing our old data took one afternoon. Reporting could be more flexible.,positive
1062,PeoplePort,HR Software,Founder,1-10 employees,2024-09-14,5,PeoplePort for a mid-sized team,Automations cut a lot of repetitive manual work. Highly recommend.,positive
1063,PlanBoard,Project Management,Product Owner,201-500 employees,2025-04-25,1,Our experience with PlanBoard,"We are currently looking for an alternative to PlanBoard. Our IT team handled the rollout. Our managers still export everything to Excel. They raised the price by 40% with almost no notice. It replaced two other tools for us, which saved money.",negative
1064,ClientOrbit,CRM,Operations Lead,501-1000 employees,2024-05-05,2,Our experience with ClientOrbit,"Most of our team works remotely. Automations fail silently, so you never know what broke. Permissions are too rigid for a team our size. The interface is pretty, I'll give them that. It gets painfully slow once you have a few thousand records.",negative
1065,ChartCove,Analytics,Operations Lead,201-500 employees,2025-09-09,1,Thoughts after one year,We moved to ChartCove last year and regret it. The funnel analysis is not intuitive at all. The templates are generic and mostly useless. The data connectors doesn't work as advertised. Not renewing.,negative
1066,LedgerLeaf,Accounting,Office Manager,11-50 employees,2024-08-13,5,Thoughts after one year,Search almost never finds what I'm looking for. The templates gave us a head start.,positive
1067,Pipely,CRM,Marketing Specialist,501-1000 employees,2025-05-25,5,Pipely review,Pipely has become a core part of our daily workflow. No complaints about the pipeline view. Never had an issue with billing.,positive
1068,PlanBoard,Project Management,Account Executive,1000+ employees,2025-06-11,4,Easy to use and reliable,We mainly use it for the task dependencies. The free trial convinced the whole team. The kanban boards is clunky and slow to load. Not bad at all once you get used to it.,positive
1069,MailMosaic,Email Marketing,Founder,1-10 employees,2024-09-26,4,Our experience with MailMosaic,"Really happy with MailMosaic overall. Permissions and roles are flexible enough for our structure. Not worth the money at all. It's fast, even with thousands of records. 5 stars from me.",positive
1070,LedgerLeaf,Accounting,CTO,201-500 employees,2024-04-09,1,Honest review,Our team tried LedgerLeaf and it did not work out. Our IT team handled the rollout. Permissions are too rigid for a team our size. Look elsewhere.,negative
1071,InsightForge,Analytics,CTO,501-1000 employees,2025-06-25,2,Too many bugs,I use it every day. It never syncs correctly with our calendar.,negative
1072,DealNest,CRM,Product Owner,201-500 employees,2024-05-01,5,Worth every penny,DealNest does exactly what we needed it to do. We migrated from a legacy system. The sales reports works exactly as advertised. The free trial hid most of the problems. Solid choice.,positive
1073,ClientOrbit,CRM,Support Team Lead,201-500 employees,2025-04-21,1,Thoughts after one year,It gets painfully slow once you have a few thousand records. The Slack integration breaks every few weeks. Our account manager disappeared after we signed the contract. Not renewing.,negative
1074,MailMosaic,Email Marketing,Operations Lead,501-1000 employees,2024-04-04,5,Best email marketing tool we've tried,My one complaint is the price for larger teams. Our managers finally have visibility into what everyone is doing.,positive
1075,TicketTide,Help Desk,Finance Manager,1000+ employees,2024-10-10,2,Best help desk tool we've tried,TicketTide has become a core part of our daily workflow. Our team adoption was almost instant. There is a small learning curve at the start.,negative
1076,TaskHarbor,Project Management,CTO,11-50 employees,2025-02-13,5,Solid and fast,Really happy with TaskHarbor overall. The Slack integration breaks every few weeks. Customer support answers within minutes and actually solves the problem. Not bad at all once you get used to it. Solid choice.,positive
1077,SupportLoop,Help Desk,Operations Lead,201-500 employees,2024-11-30,1,Avoid this help desk tool,"Our IT team handled the rollout. The API is poorly documented and rate limits are strict. To be fair, the knowledge base looks nice. Avoid if you can.",negative
1078,MailMosaic,Email Marketing,Sales Manager,1000+ employees,2024-10-28,4,Love it,Our managers finally have visibility into what everyone is doing. Our managers still export everything to Excel. Our team adoption was almost instant.,positive
1079,HelpHive,Help Desk,Sales Manager,1000+ employees,2025-06-01,5,Two years in,Really happy with HelpHive overall. We migrated from a legacy system. There is a small learning curve at the start. Permissions and roles are flexible enough for our structure.,positive
1080,Pipely,CRM,Account Executive,1000+ employees,2025-05-20,5,Solid and fast,The contact management works exactly as advertised. Permissions and roles are flexible enough for our structure.,positive
1081,ClientOrbit,CRM,Product Owner,201-500 employees,2024-03-07,4,Huge time saver,"Automations cut a lot of repetitive manual work. Reliable, we've had basically no downtime. The mobile app could use some work, but it's fine.",positive
1082,HelpHive,Help Desk,Data Analyst,1000+ employees,2024-08-25,2,HelpHive for a mid-sized team,"Our IT team handled the rollout. To be fair, the shared inbox looks nice. Our managers still export everything to Excel. Reporting is very limited and hard to customize. The knowledge base is buggy and loses data occasionally.",negative
1083,SendGarden,Email Marketing,Office Manager,1000+ employees,2025-08-24,1,Avoid this email marketing tool,"Used SendGarden for a year, not renewing. They raised the price by 40% with almost no notice. Customer support takes days to reply and rarely fixes anything. Never had an issue with billing. Save your money.",negative
1084,TicketTide,Help Desk,Finance Manager,501-1000 employees,2024-01-12,4,Two years in,TicketTide does exactly what we needed it to do. I can't imagine going back to spreadsheets. No complaints about the SLA tracking. Not a single bug in the live chat widget so far. The API is poorly documented and rate limits are strict. Solid choice.,positive
1085,SendGarden,Email Marketing,Finance Manager,1-10 employees,2024-05-04,5,Does the job really well,Setup was quick and the onboarding guides were clear. Reports are easy to customize and share with management. The free trial convinced the whole team. They raised the price by 40% with almost no notice.,positive
1086,MailMosaic,Email Marketing,Data Analyst,1-10 employees,2025-01-15,4,Love it,We migrated from a legacy system. The API is well designed and easy to work with. Automations cut a lot of repetitive manual work. New features ship regularly and they listen to feedback. Would recommend to any growing team.,positive
1087,MetricMint,Analytics,Finance Manager,201-500 employees,2024-02-01,2,"Looked good, isn't",We moved to MetricMint last year and regret it. I use it every day. It never syncs correctly with our calendar.,negative
1088,HelpHive,Help Desk,Marketing Specialist,51-200 employees,2025-05-20,2,Slow and clunky,"HelpHive looked great in the demo, the reality is different. I use it every day. Our managers still export everything to Excel. Not renewing.",negative
1089,TicketTide,Help Desk,Support Team Lead,1000+ employees,2024-08-21,2,Disappointed,"I wanted to like TicketTide, but it has been a struggle. They raised the price by 40% with almost no notice. The live chat widget alone is worth the price. Permissions are too rigid for a team our size. Cancelling was a nightmare, they kept charging us.",negative
1090,LedgerLeaf,Accounting,Founder,1-10 employees,2025-07-24,4,LedgerLeaf for a mid-sized team,The only downside is that the tax reports could be a bit faster. Pricing is fair for what you get. Permissions and roles are flexible enough for our structure. Automations cut a lot of repetitive manual work.,positive
1091,PlanBoard,Project Management,Operations Lead,1-10 employees,2024-05-30,1,Support is non-existent,Permissions are too rigid for a team our size. The kanban boards is clunky and slow to load. It never syncs correctly with our calendar. The templates gave us a head start. Very frustrating experience.,negative
1092,InboxRocket,Email Marketing,Marketing Specialist,201-500 employees,2024-04-17,4,Honest review,"I've used InboxRocket for about two years now. We mainly use it for the list segmentation. Not cheap, but definitely worth it. Our managers finally have visibility into what everyone is doing. New features ship regularly and they listen to feedback. Would recommend to any growing team.",positive
1093,HireCanvas,HR Software,Support Team Lead,11-50 employees,2024-09-24,5,Love it,Automations cut a lot of repetitive manual work. Not bad at all once you get used to it. 5 stars from me.,positive
1094,ChartCove,Analytics,Office Manager,501-1000 employees,2025-01-30,2,ChartCove for a mid-sized team,We used ChartCove for about eight months before cancelling. Our IT team handled the rollout. The funnel analysis is not intuitive at all. Our sales calls got longer because the data is scattered.,negative
1095,MailMosaic,Email Marketing,CTO,51-200 employees,2024-05-24,2,Two years in,Our team tried MailMosaic and it did not work out. The list segmentation is not intuitive at all. Save your money.,negative
1096,ClientOrbit,CRM,Product Owner,1-10 employees,2025-09-18,1,My take on ClientOrbit,"It never syncs correctly with our calendar. Honestly, our old spreadsheet worked better. Setup took weeks and the onboarding was confusing. Setup itself was easy enough. Look elsewhere.",negative
1097,MetricMint,Analytics,CTO,51-200 employees,2025-08-15,4,Great tool for our team,"I've used MetricMint for about two years now. We evaluated it against two competitors. The interface is clean and easy to learn, even for non-technical people.",positive
1098,Sprintly Pro,Project Management,Marketing Specialist,1000+ employees,2024-04-22,2,My take on Sprintly Pro,"Our team tried Sprintly Pro and it did not work out. The interface is pretty, I'll give them that. Automations fail silently, so you never know what broke.",negative
1099,PeoplePort,HR Software,Project Manager,11-50 employees,2024-01-14,4,PeoplePort for a mid-sized team,The templates gave us a head start. New features ship regularly and they listen to feedback.,positive
1100,LedgerLeaf,Accounting,HR Generalist,51-200 employees,2024-05-03,5,My take on LedgerLeaf,We mainly use it for the tax reports. Automations cut a lot of repetitive manual work.,positive
1101,InsightForge,Analytics,Account Executive,501-1000 employees,2024-06-23,1,Two years in,The API is poorly documented and rate limits are strict.,negative
1102,SupportLoop,Help Desk,CTO,51-200 employees,2025-07-14,2,Frustrating experience,We moved to SupportLoop last year and regret it. We had several outages during business hours. Reporting is very limited and hard to customize. The shared inbox is not intuitive at all. Save your money.,negative
1103,CountWise,Accounting,Office Manager,1-10 employees,2024-12-28,5,My take on CountWise,My one complaint is the price for larger teams. Search actually finds what I'm looking for. Automations cut a lot of repetitive manual work.,positive
1104,PeoplePort,HR Software,Product Owner,201-500 employees,2025-06-24,1,Disappointed,"PeoplePort looked great in the demo, the reality is different. Importing our old data took three weeks and a consultant. Nothing about the PTO tracking feels finished. Our sales calls are shorter because everything is in one place.",negative
1105,StaffSpring,HR Software,Account Executive,51-200 employees,2024-08-31,1,Disappointed,"I use it every day. Automations fail silently, so you never know what broke. Permissions are too rigid for a team our size.",negative
1106,HireCanvas,HR Software,Founder,1000+ employees,2024-06-05,5,Easy to use and reliable,"Pricing is fair for what you get. Importing our old data took one afternoon. The mobile app could use some work, but it's fine. Solid choice.",positive
1107,HelpHive,Help Desk,Project Manager,1000+ employees,2025-05-08,2,Honest review,Documentation is outdated and missing key details. The API is poorly documented and rate limits are strict. Our account manager disappeared after we signed the contract. Very frustrating experience.,negative
1108,DealNest,CRM,Data Analyst,11-50 employees,2025-05-27,1,Thoughts after one year,Nothing about the email sync feels finished. Customer support takes days to reply and rarely fixes anything. Very frustrating experience.,negative
1109,BookBridge,Accounting,Marketing Specialist,11-50 employees,2025-08-04,5,Honest review,"Really happy with BookBridge overall. We mainly use it for the expense tracking. The templates are generic and mostly useless. Pricing is fair for what you get. New features ship regularly and they listen to feedback. It replaced two other tools for us, which saved money.",positive
1110,MailMosaic,Email Marketing,Support Team Lead,1-10 employees,2024-04-01,4,Easy to use and reliable,"We are a team of 196 people. The A/B testing is intuitive and saves us hours every week. Cancelling was a nightmare, they kept charging us. Definitely renewing.",positive
1111,SendGarden,Email Marketing,Account Executive,201-500 employees,2024-09-29,5,Worth every penny,"We rolled out SendGarden to the whole team in under a week. Most of our team works remotely. Setup was quick and the onboarding guides were clear. The mobile app could use some work, but it's fine. Definitely renewing.",positive
1112,Pipely,CRM,Office Manager,1-10 employees,2025-05-07,4,Not worth the price,We had several outages during business hours. They raised the price by 40% with almost no notice. Basic features are locked behind the enterprise plan. The API is well designed and easy to work with.,positive
1113,InboxRocket,Email Marketing,Office Manager,1000+ employees,2024-06-26,5,Best email marketing tool we've tried,Reports are easy to customize and share with management. Automations cut a lot of repetitive manual work. Hard to find anything they could improve. Highly recommend.,positive
1114,LedgerLeaf,Accounting,Office Manager,1000+ employees,2025-02-27,4,LedgerLeaf review,The free trial hid most of the problems. Pricing is fair for what you get. Great value.,positive
1115,PlanBoard,Project Management,Account Executive,11-50 employees,2024-09-18,5,PlanBoard review,PlanBoard does exactly what we needed it to do. Our account manager disappeared after we signed the contract. Never had an issue with billing. Permissions and roles are flexible enough for our structure. Solid choice.,positive
1116,Pipely,CRM,Product Owner,51-200 employees,2024-12-08,5,Pipely review,I've used Pipely for about two years now. The free trial convinced the whole team. Reports are easy to customize and share with management. Nothing about the contact management feels finished. Great value.,positive
1117,CountWise,Accounting,Sales Manager,51-200 employees,2025-08-10,5,Our experience with CountWise,"Our IT team handled the rollout. Not cheap, but definitely worth it. My one complaint is the price for larger teams. Automations cut a lot of repetitive manual work. Solid choice.",positive
1118,TaskHarbor,Project Management,Customer Success Manager,1-10 employees,2024-03-21,4,Great tool for our team,We switched to TaskHarbor last year and haven't looked back. I can't imagine going back to spreadsheets. It gets painfully slow once you have a few thousand records.,positive
1119,SupportLoop,Help Desk,CTO,1000+ employees,2024-09-16,2,Frustrating experience,We are a team of 196 people. No complaints about the SLA tracking. Our account manager disappeared after we signed the contract. Very frustrating experience.,negative
1120,SupportLoop,Help Desk,Product Owner,1-10 employees,2024-10-15,5,Easy to use and reliable,We are on the business plan. I can't imagine going back to spreadsheets. Reporting could be more flexible. Importing our old data took one afternoon. Customer support answers within minutes and actually solves the problem.,positive
1121,ClientOrbit,CRM,Founder,51-200 employees,2024-06-09,4,ClientOrbit for a mid-sized team,I use it every day. Not bad at all once you get used to it. New features ship regularly and they listen to feedback. The contact management works exactly as advertised.,positive
1122,InboxRocket,Email Marketing,Founder,51-200 employees,2024-11-20,4,Does the job really well,"Been a InboxRocket customer for 18 months. There is a small learning curve at the start. Pricing is fair for what you get. Our managers finally have visibility into what everyone is doing. Reliable, we've had basically no downtime. Definitely renewing.",positive
1123,ChartCove,Analytics,Founder,51-200 employees,2024-09-03,2,Our experience with ChartCove,The free trial hid most of the problems. Basic features are locked behind the enterprise plan.,negative
1124,StaffSpring,HR Software,Customer Success Manager,11-50 employees,2024-07-09,1,Two years in,"We used StaffSpring for about eight months before cancelling. Automations fail silently, so you never know what broke. The Slack integration breaks every few weeks. The free trial convinced the whole team. The API is poorly documented and rate limits are strict. Look elsewhere.",negative
1125,HireCanvas,HR Software,Customer Success Manager,51-200 employees,2025-08-10,4,Best hr software tool we've tried,"We rolled out HireCanvas to the whole team in under a week. We are a team of 284 people. The only downside is that the payroll export could be a bit faster. It's fast, even with thousands of records. The templates gave us a head start. Would recommend to any growing team.",positive
1126,SendGarden,Email Marketing,Sales Manager,11-50 employees,2025-03-27,4,SendGarden review,"SendGarden does exactly what we needed it to do. I can't imagine going back to spreadsheets. Not bad at all once you get used to it. Cancelling was a nightmare, they kept charging us. Would recommend to any growing team.",positive
1127,LedgerLeaf,Accounting,Support Team Lead,51-200 employees,2024-11-13,2,LedgerLeaf for a mid-sized team,"We used LedgerLeaf for about eight months before cancelling. Reliable, we've had basically no downtime. Customer support takes days to reply and rarely fixes anything. The invoicing doesn't work as advertised. Not renewing.",negative
1128,MailMosaic,Email Marketing,Account Executive,1000+ employees,2025-07-05,1,Slow and clunky,Documentation is outdated and missing key details. Not renewing.,negative
1129,TicketTide,Help Desk,HR Generalist,201-500 employees,2025-08-12,1,My take on TicketTide,We are currently looking for an alternative to TicketTide. Documentation is outdated and missing key details. The idea behind the product is good.,negative
1130,DealNest,CRM,Customer Success Manager,1000+ employees,2025-08-30,5,Great tool for our team,Our team adoption was almost instant. Customer support answers within minutes and actually solves the problem. Pricing is fair for what you get. Great value.,positive
1131,ChartCove,Analytics,Sales Manager,51-200 employees,2025-02-24,4,Not worth the price,Our team tried ChartCove and it did not work out. I use it every day. Half of our team refused to use it.,positive
1132,DealNest,CRM,Data Analyst,1000+ employees,2024-01-03,4,Our experience with DealNest,We rolled out DealNest to the whole team in under a week. The interface is cluttered and hard to navigate. Hard to find anything they could improve. Automations cut a lot of repetitive manual work. Would recommend to any growing team.,positive
1133,Pipely,CRM,Support Team Lead,1000+ employees,2025-08-30,4,Worth every penny,"Pipely has become a core part of our daily workflow. New features ship regularly and they listen to feedback. The interface is clean and easy to learn, even for non-technical people. 5 stars from me.",positive
1134,MailMosaic,Email Marketing,Customer Success Manager,11-50 employees,2024-10-07,1,Disappointed,"We used MailMosaic for about eight months before cancelling. We mainly use it for the campaign reports. Automations fail silently, so you never know what broke. Cancelling was a nightmare, they kept charging us.",negative
1135,CountWise,Accounting,Product Owner,51-200 employees,2025-05-19,2,My take on CountWise,We mainly use it for the bank reconciliation. The bank reconciliation doesn't work as advertised. Hard to find anything they do well. Setup itself was easy enough. Our managers still export everything to Excel. Save your money.,negative
1136,ChartCove,Analytics,Finance Manager,51-200 employees,2025-03-03,5,My take on ChartCove,Really happy with ChartCove overall. We migrated from a legacy system. Permissions and roles are flexible enough for our structure. Setup was quick and the onboarding guides were clear. They raised the price by 40% with almost no notice.,positive
1137,MetricMint,Analytics,Account Executive,201-500 employees,2024-01-05,5,Our experience with MetricMint,Our team adopted MetricMint after trying three other tools. We evaluated it against two competitors. It integrates smoothly with Slack and Google Workspace. Our account manager disappeared after we signed the contract.,positive
1138,SupportLoop,Help Desk,Sales Manager,1000+ employees,2025-09-18,5,Two years in,Not a single bug in the ticket routing so far. The mobile app is surprisingly good.,positive
1139,BookBridge,Accounting,Founder,201-500 employees,2025-04-13,1,Slow and clunky,"Used BookBridge for a year, not renewing. Setup was quick and the onboarding guides were clear. The interface is cluttered and hard to navigate. Automations fail silently, so you never know what broke.",negative
1140,PeoplePort,HR Software,HR Generalist,51-200 employees,2024-08-04,4,Love it,We rolled out PeoplePort to the whole team in under a week. Automations cut a lot of repetitive manual work. Not bad at all once you get used to it. No complaints about the PTO tracking.,positive
1141,InboxRocket,Email Marketing,Support Team Lead,51-200 employees,2024-02-09,4,Great tool for our team,The only downside is that the A/B testing could be a bit faster. Never had an issue with billing.,positive
1142,InboxRocket,Email Marketing,Data Analyst,1000+ employees,2024-12-20,5,Thoughts after one year,It integrates smoothly with Slack and Google Workspace. I can't imagine going back to spreadsheets. Half of our team refused to use it. Great value.,positive
1143,SendGarden,Email Marketing,Marketing Specialist,201-500 employees,2024-01-19,2,Support is non-existent,"I wanted to like SendGarden, but it has been a struggle. Support staff are friendly, just not effective. Search almost never finds what I'm looking for.",negative
1144,ClientOrbit,CRM,Account Executive,501-1000 employees,2024-01-07,4,Honest review,"Half of our team refused to use it. Automations fail silently, so you never know what broke. The mobile app is surprisingly good.",positive
1145,ClientOrbit,CRM,Operations Lead,201-500 employees,2025-09-25,5,Our experience with ClientOrbit,Our managers finally have visibility into what everyone is doing. Hard to find anything they could improve. Customer support answers within minutes and actually solves the problem. Great value.,positive
1146,DealNest,CRM,HR Generalist,501-1000 employees,2025-02-12,5,DealNest review,"We are on the business plan. The mobile app could use some work, but it's fine. Reports are easy to customize and share with management. 5 stars from me.",positive
1147,HireCanvas,HR Software,CTO,11-50 employees,2025-09-14,4,HireCanvas review,We evaluated it against two competitors. No complaints about the org chart. Documentation is thorough and up to date. Customer support answers within minutes and actually solves the problem. Definitely renewing.,positive
1148,MetricMint,Analytics,Operations Lead,201-500 employees,2025-01-03,2,Disappointed,We used MetricMint for about eight months before cancelling. Our account manager disappeared after we signed the contract. The data connectors alone is worth the price.,negative
1149,StaffSpring,HR Software,Marketing Specialist,11-50 employees,2024-01-25,1,Frustrating experience,"We mainly use it for the PTO tracking. The payroll export alone is worth the price. Honestly, our old spreadsheet worked better. Hard to find anything they do well. Not renewing.",negative
1150,CountWise,Accounting,Project Manager,11-50 employees,2024-04-21,5,Honest review,"We evaluated it against two competitors. The multi-currency support is intuitive and saves us hours every week. It replaced two other tools for us, which saved money.",positive
1151,MetricMint,Analytics,Marketing Specialist,201-500 employees,2025-09-12,2,Avoid this analytics tool,"Pretty disappointed with MetricMint overall. We had several outages during business hours. To be fair, the custom reports looks nice. The custom reports is buggy and loses data occasionally. Our account manager disappeared after we signed the contract. Would not recommend.",negative
1152,TaskHarbor,Project Management,Data Analyst,501-1000 employees,2025-08-05,4,Honest review,TaskHarbor does exactly what we needed it to do. My one complaint is the price for larger teams. Search actually finds what I'm looking for.,positive
1153,SendGarden,Email Marketing,Operations Lead,51-200 employees,2025-05-18,1,Disappointed,"We are on the business plan. Setup took weeks and the onboarding was confusing. The interface is pretty, I'll give them that. They raised the price by 40% with almost no notice. The campaign reports is not intuitive at all.",negative
1154,Pipely,CRM,Sales Manager,11-50 employees,2025-03-24,2,Support is non-existent,"We mainly use it for the deal tracking. Documentation is outdated and missing key details. Cancelling was a nightmare, they kept charging us. The deal tracking doesn't work as advertised.",negative
1155,PlanBoard,Project Management,Finance Manager,1-10 employees,2025-07-02,1,Disappointed,Setup was quick and the onboarding guides were clear. Not worth the money at all. The Slack integration breaks every few weeks.,negative
1156,TicketTide,Help Desk,Data Analyst,51-200 employees,2024-04-20,4,Worth every penny,Been a TicketTide customer for 18 months. The live chat widget works exactly as advertised. Great value.,positive
1157,Pipely,CRM,Finance Manager,201-500 employees,2025-08-27,1,Pipely review,Nothing about the contact management feels finished. It never syncs correctly with our calendar. Importing our old data took three weeks and a consultant.,negative
1158,SupportLoop,Help Desk,Account Executive,501-1000 employees,2024-04-16,5,Easy to use and reliable,Our team adopted SupportLoop after trying three other tools. We mainly use it for the live chat widget. The mobile app crashes constantly. Permissions and roles are flexible enough for our structure.,positive
1159,PlanBoard,Project Management,Data Analyst,1000+ employees,2024-09-16,2,Honest review,"We are on the business plan. Permissions are too rigid for a team our size. Importing our old data took three weeks and a consultant. To be fair, the team workload view looks nice. Not renewing.",negative
1160,PlanBoard,Project Management,Support Team Lead,501-1000 employees,2025-04-06,2,PlanBoard for a mid-sized team,The team workload view is clunky and slow to load.,negative
1161,Sprintly Pro,Project Management,CTO,201-500 employees,2024-06-15,5,Thoughts after one year,"Our managers finally have visibility into what everyone is doing. It's fast, even with thousands of records. Our sales calls are shorter because everything is in one place. 5 stars from me.",positive
1162,Pipely,CRM,Data Analyst,11-50 employees,2025-04-28,5,Thoughts after one year,Really happy with Pipely overall. We migrated from a legacy system. I can't imagine going back to spreadsheets. Customer support answers within minutes and actually solves the problem. The templates gave us a head start. Great value.,positive
1163,ChartCove,Analytics,Support Team Lead,201-500 employees,2025-06-07,2,ChartCove for a mid-sized team,The dashboards is not intuitive at all. The mobile app crashes constantly. Avoid if you can.,negative
1164,PeoplePort,HR Software,Sales Manager,501-1000 employees,2024-12-22,1,My take on PeoplePort,"PeoplePort looked great in the demo, the reality is different. The org chart is clunky and slow to load. To be fair, the org chart looks nice. Half of our team refused to use it.",negative
1165,BookBridge,Accounting,HR Generalist,51-200 employees,2024-02-21,5,Love it,"Really happy with BookBridge overall. Reliable, we've had basically no downtime. 5 stars from me.",positive
1166,MetricMint,Analytics,Product Owner,1-10 employees,2025-04-16,2,Frustrating experience,"Pretty disappointed with MetricMint overall. No complaints about the dashboards. The API is poorly documented and rate limits are strict. Honestly, our old spreadsheet worked better. They raised the price by 40% with almost no notice. Save your money.",negative
1167,ChartCove,Analytics,Product Owner,1000+ employees,2024-07-29,4,Honest review,"We migrated from a legacy system. Customer support answers within minutes and actually solves the problem. Documentation is thorough and up to date. It's fast, even with thousands of records. Definitely renewing.",positive
1168,InsightForge,Analytics,CTO,201-500 employees,2025-08-12,5,Huge time saver,Been a InsightForge customer for 18 months. There is a small learning curve at the start. The data connectors alone is worth the price. New features ship regularly and they listen to feedback.,positive
1169,SendGarden,Email Marketing,Product Owner,201-500 employees,2024-12-29,2,SendGarden for a mid-sized team,Most of our team works remotely. Setup took weeks and the onboarding was confusing. The interface is cluttered and hard to navigate. It never syncs correctly with our calendar. Avoid if you can.,negative
1170,Pipely,CRM,Customer Success Manager,1000+ employees,2024-04-26,4,Best crm tool we've tried,"I use it every day. New features ship regularly and they listen to feedback. My one complaint is the price for larger teams. Hard to find anything they could improve. The interface is clean and easy to learn, even for non-technical people.",positive
1171,TaskHarbor,Project Management,Finance Manager,1000+ employees,2024-10-01,5,Honest review,We rolled out TaskHarbor to the whole team in under a week. The free trial convinced the whole team.,positive
1172,HelpHive,Help Desk,Product Owner,51-200 employees,2024-06-28,5,Does the job really well,I've used HelpHive for about two years now. We migrated from a legacy system. Our account manager is responsive and genuinely helpful. Definitely renewing.,positive
1173,DealNest,CRM,Sales Manager,1000+ employees,2024-09-17,5,Solid and fast,"I can't imagine going back to spreadsheets. The templates gave us a head start. It replaced two other tools for us, which saved money. The free trial hid most of the problems. Would recommend to any growing team.",positive
1174,Sprintly Pro,Project Management,Finance Manager,1000+ employees,2024-12-03,1,Avoid this project management tool,Most of our team works remotely. The interface is cluttered and hard to navigate. Hard to find anything they could improve. Save your money.,negative
1175,TaskHarbor,Project Management,Office Manager,51-200 employees,2025-04-20,1,TaskHarbor for a mid-sized team,"We mainly use it for the Gantt chart. Support staff are friendly, just not effective. The Slack integration breaks every few weeks. Setup took weeks and the onboarding was confusing. The mobile app crashes constantly. Look elsewhere.",negative
1176,Pipely,CRM,CTO,1000+ employees,2025-02-19,5,Great tool for our team,Really happy with Pipely overall. The email sync works exactly as advertised. Customer support answers within minutes and actually solves the problem. Definitely renewing.,positive
1177,LedgerLeaf,Accounting,HR Generalist,501-1000 employees,2024-01-08,2,Honest review,"Not cheap, but definitely worth it. It replaced two other tools for us, which saved money. Definitely renewing.",negative
1178,HelpHive,Help Desk,Sales Manager,201-500 employees,2025-09-14,5,Great tool for our team,We are a team of 203 people. The free trial convinced the whole team. The templates gave us a head start. The API is poorly documented and rate limits are strict. Setup was quick and the onboarding guides were clear.,positive
1179,SendGarden,Email Marketing,Data Analyst,51-200 employees,2024-01-24,5,Easy to use and reliable,"Really happy with SendGarden overall. Reliable, we've had basically no downtime. The only downside is that the campaign reports could be a bit faster. I can't imagine going back to spreadsheets. 5 stars from me.",positive
1180,ClientOrbit,CRM,Project Manager,201-500 employees,2025-02-25,1,Support is non-existent,"Used ClientOrbit for a year, not renewing. Our IT team handled the rollout. Basic features are locked behind the enterprise plan. The pipeline view alone is worth the price. Not renewing.",negative
1181,TaskHarbor,Project Management,Finance Manager,11-50 employees,2025-08-29,5,Huge time saver,Been a TaskHarbor customer for 18 months. We mainly use it for the Gantt chart. Our team adoption was almost instant.,positive
1182,StaffSpring,HR Software,Finance Manager,201-500 employees,2024-03-31,2,Disappointed,"Used StaffSpring for a year, not renewing. The PTO tracking doesn't work as advertised. Our sales calls got longer because the data is scattered. The API is poorly documented and rate limits are strict. Setup itself was easy enough.",negative
1183,MetricMint,Analytics,Project Manager,1-10 employees,2025-04-08,1,Honest review,"Our IT team handled the rollout. Hard to find anything they do well. Support staff are friendly, just not effective.",negative
1184,CountWise,Accounting,Founder,1000+ employees,2024-01-15,4,My take on CountWise,We switched to CountWise last year and haven't looked back. Our managers finally have visibility into what everyone is doing. Our account manager is responsive and genuinely helpful.,positive
1185,SupportLoop,Help Desk,Data Analyst,201-500 employees,2024-04-03,5,Huge time saver,SupportLoop has become a core part of our daily workflow. The free trial convinced the whole team. Reporting could be more flexible. Setup was quick and the onboarding guides were clear. Definitely renewing.,positive
1186,PlanBoard,Project Management,Finance Manager,11-50 employees,2025-07-02,4,Does the job really well,Our IT team handled the rollout. There is a small learning curve at the start. Reports are easy to customize and share with management. 5 stars from me.,positive
1187,SupportLoop,Help Desk,Founder,1-10 employees,2025-02-01,2,Not worth the price,The free trial hid most of the problems. Setup took weeks and the onboarding was confusing. The API is poorly documented and rate limits are strict. Avoid if you can.,negative
1188,StaffSpring,HR Software,Finance Manager,11-50 employees,2024-04-12,1,StaffSpring review,We are a team of 139 people. Not a single bug in the org chart so far. It gets painfully slow once you have a few thousand records. The onboarding checklists is not intuitive at all.,negative
1189,BookBridge,Accounting,Account Executive,1-10 employees,2025-03-07,5,Solid and fast,We evaluated it against two competitors. Reports are easy to customize and share with management. Setup took weeks and the onboarding was confusing.,positive
1190,HelpHive,Help Desk,Data Analyst,201-500 employees,2024-08-21,5,Our experience with HelpHive,The ticket routing is buggy and loses data occasionally. The ticket routing works exactly as advertised. The free trial convinced the whole team. Never had an issue with billing.,positive
1191,Sprintly Pro,Project Management,Account Executive,501-1000 employees,2024-01-13,2,Thoughts after one year,The task dependencies doesn't work as advertised. Way too expensive for what you get.,negative
1192,ClientOrbit,CRM,Founder,1-10 employees,2024-01-01,2,Honest review,"They raised the price by 40% with almost no notice. Support staff are friendly, just not effective.",negative
1193,InsightForge,Analytics,Customer Success Manager,501-1000 employees,2025-01-08,4,Easy to use and reliable,We are a team of 271 people. Setup was quick and the onboarding guides were clear. Importing our old data took one afternoon. The only downside is that the custom reports could be a bit faster. Definitely renewing.,positive
1194,SendGarden,Email Marketing,CTO,1000+ employees,2024-01-20,4,Worth every penny,There is a small learning curve at the start. Importing our old data took one afternoon. Permissions and roles are flexible enough for our structure. Pricing is fair for what you get. Definitely renewing.,positive
1195,TicketTide,Help Desk,Product Owner,501-1000 employees,2024-09-25,4,Great tool for our team,Really happy with TicketTide overall. I can't imagine going back to spreadsheets. Setup took weeks and the onboarding was confusing. Importing our old data took one afternoon. Our sales calls are shorter because everything is in one place.,positive
1196,PeoplePort,HR Software,HR Generalist,1000+ employees,2025-04-23,5,Best hr software tool we've tried,Our account manager is responsive and genuinely helpful. Automations cut a lot of repetitive manual work. There is a small learning curve at the start.,positive
1197,HireCanvas,HR Software,CTO,1000+ employees,2025-01-07,4,HireCanvas for a mid-sized team,"Really happy with HireCanvas overall. It replaced two other tools for us, which saved money. The mobile app could use some work, but it's fine. 5 stars from me.",positive
1198,MailMosaic,Email Marketing,CTO,501-1000 employees,2025-07-11,4,MailMosaic review,"It replaced two other tools for us, which saved money.",positive
1199,DealNest,CRM,Product Owner,1000+ employees,2025-04-21,1,DealNest review,"The interface is pretty, I'll give them that. We had several outages during business hours. The pipeline view doesn't work as advertised. Our sales calls got longer because the data is scattered.",negative
1200,Pipely,CRM,CTO,501-1000 employees,2025-09-29,1,Our experience with Pipely,The API is poorly documented and rate limits are strict. The idea behind the product is good. Basic features are locked behind the enterprise plan. It gets painfully slow once you have a few thousand records. Avoid if you can.,negative
1201,TicketTide,Help Desk,Data Analyst,501-1000 employees,2024-04-20,5,Does the job really well,"We switched to TicketTide last year and haven't looked back. Reliable, we've had basically no downtime. It's fast, even with thousands of records.",positive
1202,TicketTide,Help Desk,Support Team Lead,51-200 employees,2025-04-22,5,Our experience with TicketTide,Been a TicketTide customer for 18 months. Our account manager is responsive and genuinely helpful. It integrates smoothly with Slack and Google Workspace. The only downside is that the ticket routing could be a bit faster. The API is well designed and easy to work with. 5 stars from me.,positive
1203,DealNest,CRM,CTO,1-10 employees,2024-04-19,5,Great tool for our team,Most of our team works remotely. The only downside is that the email sync could be a bit faster. The API is well designed and easy to work with. Our account manager is responsive and genuinely helpful. Setup was quick and the onboarding guides were clear. Definitely renewing.,positive
1204,LedgerLeaf,Accounting,Data Analyst,1-10 employees,2024-12-29,1,Thoughts after one year,"LedgerLeaf looked great in the demo, the reality is different. It never syncs correctly with our calendar. To be fair, the invoicing looks nice. Look elsewhere.",negative
1205,Sprintly Pro,Project Management,Sales Manager,1000+ employees,2025-08-13,4,Our experience with Sprintly Pro,"We are a team of 246 people. The only downside is that the kanban boards could be a bit faster. Our managers finally have visibility into what everyone is doing. The interface is clean and easy to learn, even for non-technical people.",positive
1206,ClientOrbit,CRM,Data Analyst,11-50 employees,2024-01-08,1,Frustrating experience,"Permissions are too rigid for a team our size. The interface is cluttered and hard to navigate. The interface is pretty, I'll give them that. Save your money.",negative
1207,ChartCove,Analytics,Operations Lead,501-1000 employees,2025-03-30,5,My take on ChartCove,"Not a single bug in the scheduled exports so far. My one complaint is the price for larger teams. Our managers finally have visibility into what everyone is doing. It's fast, even with thousands of records.",positive
1208,SendGarden,Email Marketing,Product Owner,201-500 employees,2025-02-25,5,Our experience with SendGarden,The campaign reports is clunky and slow to load. Search actually finds what I'm looking for. Our team adoption was almost instant. The mobile app is surprisingly good. Solid choice.,positive
1209,LedgerLeaf,Accounting,Support Team Lead,201-500 employees,2024-07-03,4,Best accounting tool we've tried,"The mobile app could use some work, but it's fine. Automations cut a lot of repetitive manual work. The mobile app is surprisingly good. Would recommend to any growing team.",positive
1210,StaffSpring,HR Software,Customer Success Manager,1-10 employees,2025-06-24,4,Best hr software tool we've tried,"StaffSpring does exactly what we needed it to do. I use it every day. The mobile app could use some work, but it's fine. The free trial convinced the whole team. Hard to find anything they could improve. Would recommend to any growing team.",positive
1211,PlanBoard,Project Management,Customer Success Manager,1-10 employees,2025-05-27,4,My take on PlanBoard,Hard to find anything they could improve. Our account manager is responsive and genuinely helpful. Would recommend to any growing team.,positive
1212,InsightForge,Analytics,Finance Manager,201-500 employees,2024-03-17,4,Thoughts after one year,We mainly use it for the custom reports. Our team adoption was almost instant. Our sales calls are shorter because everything is in one place. There is a small learning curve at the start.,positive
1213,MetricMint,Analytics,CTO,201-500 employees,2025-05-11,4,Thoughts after one year,Reports are easy to customize and share with management.,positive
1214,LedgerLeaf,Accounting,CTO,11-50 employees,2024-12-03,1,Frustrating experience,The tax reports is not intuitive at all. Our account manager disappeared after we signed the contract.,negative
1215,LedgerLeaf,Accounting,Account Executive,501-1000 employees,2024-10-31,2,Too many bugs,Basic features are locked behind the enterprise plan. We had several outages during business hours. The Slack integration breaks every few weeks.,negative
1216,PeoplePort,HR Software,Sales Manager,201-500 employees,2024-04-17,4,Honest review,We are on the business plan. The templates gave us a head start. Documentation is thorough and up to date. Solid choice.,positive
1217,InsightForge,Analytics,Project Manager,1-10 employees,2024-12-24,4,Honest review,"I've used InsightForge for about two years now. The data connectors works exactly as advertised. Not cheap, but definitely worth it.",positive
1218,InboxRocket,Email Marketing,Project Manager,11-50 employees,2024-12-12,2,Our experience with InboxRocket,"Used InboxRocket for a year, not renewing. We are on the business plan. The templates are generic and mostly useless. Setup was quick and the onboarding guides were clear. Would not recommend.",negative
1219,InboxRocket,Email Marketing,Sales Manager,1-10 employees,2025-03-24,4,Does the job really well,Been a InboxRocket customer for 18 months. I use it every day. It integrates smoothly with Slack and Google Workspace. Our account manager is responsive and genuinely helpful. Solid choice.,positive
1220,InboxRocket,Email Marketing,Data Analyst,201-500 employees,2024-02-04,1,Frustrating experience,"Permissions are too rigid for a team our size. The templates are generic and mostly useless. Cancelling was a nightmare, they kept charging us. To be fair, the campaign reports looks nice. Very frustrating experience.",negative
1221,TaskHarbor,Project Management,Data Analyst,201-500 employees,2025-02-20,5,Our experience with TaskHarbor,"Been a TaskHarbor customer for 18 months. Documentation is outdated and missing key details. The templates gave us a head start. The mobile app is surprisingly good. Reliable, we've had basically no downtime.",positive
1222,MailMosaic,Email Marketing,Product Owner,51-200 employees,2024-07-21,1,Honest review,"The templates are generic and mostly useless. The interface is pretty, I'll give them that.",negative
1223,SupportLoop,Help Desk,Finance Manager,11-50 employees,2025-02-12,1,Too many bugs,We moved to SupportLoop last year and regret it. Hard to find anything they do well. The ticket routing is clunky and slow to load. Documentation is outdated and missing key details.,negative
1224,InsightForge,Analytics,HR Generalist,1000+ employees,2025-04-19,5,Best analytics tool we've tried,We mainly use it for the funnel analysis. Importing our old data took one afternoon. My one complaint is the price for larger teams.,positive
1225,PeoplePort,HR Software,Operations Lead,1-10 employees,2025-02-12,2,Frustrating experience,Hard to find anything they do well. The Slack integration breaks every few weeks. Very frustrating experience.,negative
1226,HelpHive,Help Desk,Product Owner,501-1000 employees,2024-08-22,4,Worth every penny,"The mobile app could use some work, but it's fine. The shared inbox works exactly as advertised. Definitely renewing.",positive
1227,StaffSpring,HR Software,Sales Manager,1-10 employees,2024-05-25,4,Huge time saver,"Automations cut a lot of repetitive manual work. It's fast, even with thousands of records. The mobile app could use some work, but it's fine. Not bad at all once you get used to it. 5 stars from me.",positive
1228,TicketTide,Help Desk,Data Analyst,1-10 employees,2024-02-03,5,Huge time saver,"Pricing is fair for what you get. Reports are easy to customize and share with management. The mobile app could use some work, but it's fine. Permissions and roles are flexible enough for our structure. 5 stars from me.",positive
1229,LedgerLeaf,Accounting,Account Executive,1-10 employees,2024-10-24,1,Thoughts after one year,We used LedgerLeaf for about eight months before cancelling. Importing our old data took three weeks and a consultant. The mobile app crashes constantly.,negative
1230,TaskHarbor,Project Management,Founder,201-500 employees,2024-12-17,5,Huge time saver,We migrated from a legacy system. The mobile app is surprisingly good. The templates gave us a head start. Reporting could be more flexible.,positive
1231,Pipely,CRM,Office Manager,501-1000 employees,2025-06-25,1,Thoughts after one year,Hard to find anything they could improve. The free trial hid most of the problems. Very frustrating experience.,negative
1232,HelpHive,Help Desk,Data Analyst,1000+ employees,2024-06-14,5,Easy to use and reliable,"Our team adopted HelpHive after trying three other tools. We mainly use it for the shared inbox. Not cheap, but definitely worth it. Our managers finally have visibility into what everyone is doing. Highly recommend.",positive
1233,Pipely,CRM,Support Team Lead,201-500 employees,2025-09-06,4,Honest review,Really happy with Pipely overall. Not a single bug in the deal tracking so far. No complaints about the sales reports. Reporting could be more flexible. Permissions and roles are flexible enough for our structure.,positive
1234,LedgerLeaf,Accounting,Marketing Specialist,51-200 employees,2025-02-25,4,Easy to use and reliable,We migrated from a legacy system. Our account manager is responsive and genuinely helpful. Pricing is fair for what you get. The templates are generic and mostly useless. Solid choice.,positive
1235,PeoplePort,HR Software,Finance Manager,51-200 employees,2024-08-30,5,Worth every penny,Search actually finds what I'm looking for. Our managers still export everything to Excel. Permissions and roles are flexible enough for our structure. Definitely renewing.,positive
1236,Pipely,CRM,Office Manager,1000+ employees,2025-08-01,1,Frustrating experience,We are currently looking for an alternative to Pipely. I use it every day. The deal tracking is not intuitive at all. Our sales calls got longer because the data is scattered. Setup itself was easy enough. Customer support takes days to reply and rarely fixes anything.,negative
1237,Pipely,CRM,Data Analyst,51-200 employees,2024-11-10,5,Pipely for a mid-sized team,We are a team of 17 people. The mobile app crashes constantly. Documentation is thorough and up to date. Highly recommend.,positive
1238,StaffSpring,HR Software,Founder,1-10 employees,2025-05-13,2,StaffSpring for a mid-sized team,"Most of our team works remotely. Search almost never finds what I'm looking for. The onboarding checklists doesn't work as advertised. Support staff are friendly, just not effective. Permissions are too rigid for a team our size.",negative
1239,TicketTide,Help Desk,Product Owner,1-10 employees,2024-04-07,4,Easy to use and reliable,I've used TicketTide for about two years now. Automations cut a lot of repetitive manual work. Hard to find anything they could improve. New features ship regularly and they listen to feedback.,positive
1240,ChartCove,Analytics,HR Generalist,501-1000 employees,2024-11-17,2,Not worth the price,"Most of our team works remotely. Honestly, our old spreadsheet worked better. Would not recommend.",negative
1241,CountWise,Accounting,Sales Manager,51-200 employees,2024-01-02,4,Thoughts after one year,"Been a CountWise customer for 18 months. The invoicing works exactly as advertised. The mobile app could use some work, but it's fine. Would recommend to any growing team.",positive
1242,ChartCove,Analytics,Project Manager,501-1000 employees,2024-02-26,1,Honest review,We moved to ChartCove last year and regret it. Documentation is outdated and missing key details. Not worth the money at all. Reporting is very limited and hard to customize. The idea behind the product is good. Not renewing.,negative
1243,InboxRocket,Email Marketing,CTO,1000+ employees,2024-05-03,2,Thoughts after one year,"InboxRocket looked great in the demo, the reality is different. To be fair, the campaign reports looks nice. The free trial hid most of the problems. It never syncs correctly with our calendar. The campaign reports is buggy and loses data occasionally. Would not recommend.",negative
1244,Sprintly Pro,Project Management,Project Manager,201-500 employees,2025-01-08,2,Honest review,"The interface is cluttered and hard to navigate. Honestly, our old spreadsheet worked better. Not renewing.",negative
1245,MailMosaic,Email Marketing,Operations Lead,51-200 employees,2024-06-27,2,Avoid this email marketing tool,"MailMosaic looked great in the demo, the reality is different. The mobile app crashes constantly.",negative
1246,TicketTide,Help Desk,Support Team Lead,501-1000 employees,2025-02-26,5,Does the job really well,We are a team of 274 people. It gets painfully slow once you have a few thousand records. The knowledge base is intuitive and saves us hours every week. Never had an issue with billing. Definitely renewing.,positive
1247,Sprintly Pro,Project Management,Sales Manager,11-50 employees,2025-03-19,1,Slow and clunky,"We used Sprintly Pro for about eight months before cancelling. The task dependencies is clunky and slow to load. To be fair, the Gantt chart looks nice. Our sales calls got longer because the data is scattered. It gets painfully slow once you have a few thousand records. Very frustrating experience.",negative
1248,InboxRocket,Email Marketing,CTO,51-200 employees,2025-06-30,2,Disappointed,"Used InboxRocket for a year, not renewing. The idea behind the product is good. Automations fail silently, so you never know what broke. The mobile app crashes constantly. Look elsewhere.",negative
1249,MailMosaic,Email Marketing,CTO,1-10 employees,2024-11-17,5,Solid and fast,Our team adopted MailMosaic after trying three other tools. Our IT team handled the rollout. I can't imagine going back to spreadsheets. The API is well designed and easy to work with. Half of our team refused to use it. Highly recommend.,positive
1250,LedgerLeaf,Accounting,Customer Success Manager,51-200 employees,2025-06-05,1,Avoid this accounting tool,"I wanted to like LedgerLeaf, but it has been a struggle. To be fair, the expense tracking looks nice. Customer support takes days to reply and rarely fixes anything. Hard to find anything they do well. Search almost never finds what I'm looking for. Save your money.",negative
1251,MailMosaic,Email Marketing,Product Owner,1000+ employees,2024-09-29,5,Worth every penny,The API is well designed and easy to work with. Documentation is outdated and missing key details.,positive
1252,TicketTide,Help Desk,HR Generalist,11-50 employees,2024-07-25,5,Great tool for our team,We rolled out TicketTide to the whole team in under a week. We migrated from a legacy system. Reports are easy to customize and share with management. The free trial convinced the whole team. Documentation is thorough and up to date. There is a small learning curve at the start. Definitely renewing.,positive
1253,TaskHarbor,Project Management,Product Owner,51-200 employees,2024-08-10,1,Not worth the price,We are currently looking for an alternative to TaskHarbor. Our managers still export everything to Excel.,negative
1254,SendGarden,Email Marketing,Operations Lead,501-1000 employees,2025-08-27,1,Thoughts after one year,The free trial hid most of the problems. The Slack integration breaks every few weeks.,negative
1255,Sprintly Pro,Project Management,Data Analyst,51-200 employees,2025-06-12,1,Disappointed,Our team tried Sprintly Pro and it did not work out. Hard to find anything they could improve. Not worth the money at all. Our sales calls got longer because the data is scattered.,negative
1256,ChartCove,Analytics,Finance Manager,51-200 employees,2024-08-11,5,Does the job really well,"Hard to find anything they do well. Not bad at all once you get used to it. The API is well designed and easy to work with. Reliable, we've had basically no downtime.",positive
1257,ChartCove,Analytics,Sales Manager,1000+ employees,2024-07-10,5,Does the job really well,We are a team of 217 people. Automations cut a lot of repetitive manual work. Nothing about the custom reports feels finished. Solid choice.,positive
1258,PlanBoard,Project Management,Project Manager,1000+ employees,2025-01-17,4,Best project management tool we've tried,"The mobile app could use some work, but it's fine. Reliable, we've had basically no downtime.",positive
1259,HelpHive,Help Desk,Operations Lead,1000+ employees,2024-12-26,2,Disappointed,We used HelpHive for about eight months before cancelling. Search almost never finds what I'm looking for.,negative
1260,InsightForge,Analytics,Marketing Specialist,51-200 employees,2025-05-22,5,Worth every penny,"Our team adopted InsightForge after trying three other tools. Our IT team handled the rollout. Not cheap, but definitely worth it. Documentation is outdated and missing key details.",positive
1261,SupportLoop,Help Desk,Marketing Specialist,11-50 employees,2025-07-07,2,Avoid this help desk tool,"I wanted to like SupportLoop, but it has been a struggle. We had several outages during business hours. Not worth the money at all. The API is well designed and easy to work with.",negative
1262,DealNest,CRM,Founder,1-10 employees,2024-09-15,1,Not worth the price,Our team tried DealNest and it did not work out. We evaluated it against two competitors. Setup itself was easy enough. Not worth the money at all. Very frustrating experience.,negative
1263,StaffSpring,HR Software,Support Team Lead,1000+ employees,2025-04-26,4,Solid and fast,"We rolled out StaffSpring to the whole team in under a week. We mainly use it for the org chart. Pricing is fair for what you get. My one complaint is the price for larger teams. It's fast, even with thousands of records. Definitely renewing.",positive
1264,StaffSpring,HR Software,HR Generalist,1-10 employees,2025-04-07,4,Love it,The free trial convinced the whole team. Customer support answers within minutes and actually solves the problem. Our account manager is responsive and genuinely helpful.,positive
1265,ChartCove,Analytics,Project Manager,11-50 employees,2024-04-19,5,Great tool for our team,We switched to ChartCove last year and haven't looked back. The mobile app is surprisingly good. Never had an issue with billing. Hard to find anything they could improve. Search almost never finds what I'm looking for.,positive
1266,MetricMint,Analytics,Project Manager,1-10 employees,2024-07-04,4,Solid and fast,Not bad at all once you get used to it. There is a small learning curve at the start.,positive
1267,InsightForge,Analytics,Sales Manager,1-10 employees,2024-06-04,1,InsightForge review,"Honestly, our old spreadsheet worked better. Reliable, we've had basically no downtime.",negative
1268,PlanBoard,Project Management,Finance Manager,501-1000 employees,2024-07-07,5,My take on PlanBoard,Really happy with PlanBoard overall. Our account manager is responsive and genuinely helpful. The kanban boards doesn't work as advertised. Great value.,positive
1269,InsightForge,Analytics,Founder,51-200 employees,2024-11-30,4,InsightForge for a mid-sized team,I use it every day. Our account manager is responsive and genuinely helpful. The funnel analysis works exactly as advertised. Search actually finds what I'm looking for. Solid choice.,positive
1270,MetricMint,Analytics,Finance Manager,1000+ employees,2025-07-02,4,Two years in,Been a MetricMint customer for 18 months. We mainly use it for the funnel analysis. The only downside is that the custom reports could be a bit faster. Our team adoption was almost instant. Highly recommend.,positive
1271,BookBridge,Accounting,Customer Success Manager,501-1000 employees,2024-11-28,1,Honest review,"I wanted to like BookBridge, but it has been a struggle. The multi-currency support is buggy and loses data occasionally. To be fair, the expense tracking looks nice. Not worth the money at all. Our managers still export everything to Excel.",negative
1272,HelpHive,Help Desk,HR Generalist,201-500 employees,2025-03-04,2,Avoid this help desk tool,"I wanted to like HelpHive, but it has been a struggle. To be fair, the shared inbox looks nice. It never syncs correctly with our calendar. Permissions are too rigid for a team our size. Would not recommend.",negative
1273,TicketTide,Help Desk,Sales Manager,501-1000 employees,2025-04-02,5,TicketTide review,Hard to find anything they could improve. Our account manager is responsive and genuinely helpful.,positive
1274,StaffSpring,HR Software,Project Manager,1-10 employees,2024-02-24,1,StaffSpring review,"Our IT team handled the rollout. Our sales calls got longer because the data is scattered. Support staff are friendly, just not effective. Cancelling was a nightmare, they kept charging us. Our managers still export everything to Excel. Not renewing.",negative
1275,Sprintly Pro,Project Management,Account Executive,501-1000 employees,2025-05-10,2,Our experience with Sprintly Pro,It gets painfully slow once you have a few thousand records.,negative
1276,SupportLoop,Help Desk,HR Generalist,51-200 employees,2025-02-09,4,Our experience with SupportLoop,"I've used SupportLoop for about two years now. The interface is clean and easy to learn, even for non-technical people. Our managers finally have visibility into what everyone is doing. Would recommend to any growing team.",positive
1277,HelpHive,Help Desk,Product Owner,201-500 employees,2024-02-02,5,Our experience with HelpHive,"We migrated from a legacy system. The API is well designed and easy to work with. We had several outages during business hours. Our managers finally have visibility into what everyone is doing. Reliable, we've had basically no downtime. Solid choice.",positive
1278,InboxRocket,Email Marketing,Office Manager,51-200 employees,2025-07-13,4,Easy to use and reliable,Been a InboxRocket customer for 18 months. Our IT team handled the rollout. New features ship regularly and they listen to feedback. Definitely renewing.,positive
1279,HelpHive,Help Desk,Finance Manager,201-500 employees,2025-01-09,2,Solid and fast,HelpHive has become a core part of our daily workflow. Our IT team handled the rollout. The SLA tracking alone is worth the price. It integrates smoothly with Slack and Google Workspace. The free trial convinced the whole team.,negative
1280,CountWise,Accounting,Marketing Specialist,1-10 employees,2025-03-28,5,CountWise for a mid-sized team,Automations cut a lot of repetitive manual work. There is a small learning curve at the start. Documentation is thorough and up to date. Importing our old data took one afternoon. Great value.,positive
1281,ChartCove,Analytics,Support Team Lead,51-200 employees,2025-03-15,4,My take on ChartCove,The templates gave us a head start. The only downside is that the scheduled exports could be a bit faster. Hard to find anything they could improve. Our sales calls are shorter because everything is in one place. Definitely renewing.,positive
1282,TicketTide,Help Desk,Office Manager,1-10 employees,2024-10-26,4,Huge time saver,Not a single bug in the shared inbox so far. Not bad at all once you get used to it. Solid choice.,positive
1283,HelpHive,Help Desk,Data Analyst,11-50 employees,2025-06-14,4,Does the job really well,"Hard to find anything they could improve. We had several outages during business hours. Not cheap, but definitely worth it.",positive
1284,BookBridge,Accounting,CTO,201-500 employees,2024-06-08,1,BookBridge review,Setup took weeks and the onboarding was confusing. Way too expensive for what you get. Look elsewhere.,negative
1285,TicketTide,Help Desk,Finance Manager,11-50 employees,2024-07-04,5,Easy to use and reliable,"Really happy with TicketTide overall. The free trial convinced the whole team. Hard to find anything they could improve. Honestly, our old spreadsheet worked better. Great value.",positive
1286,StaffSpring,HR Software,Marketing Specialist,1-10 employees,2024-04-18,5,Thoughts after one year,"We rolled out StaffSpring to the whole team in under a week. Our IT team handled the rollout. Our account manager is responsive and genuinely helpful. The mobile app could use some work, but it's fine. The API is well designed and easy to work with. Never had an issue with billing. Would recommend to any growing team.",positive
1287,TicketTide,Help Desk,Data Analyst,11-50 employees,2024-08-22,2,Not worth the price,"Our IT team handled the rollout. The mobile app crashes constantly. Reporting is very limited and hard to customize. The interface is pretty, I'll give them that. Very frustrating experience.",negative
1288,DealNest,CRM,HR Generalist,501-1000 employees,2025-03-26,2,Support is non-existent,Basic features are locked behind the enterprise plan. Setup took weeks and the onboarding was confusing. I can't imagine going back to spreadsheets. The templates are generic and mostly useless. Look elsewhere.,negative
1289,LedgerLeaf,Accounting,Account Executive,1-10 employees,2025-04-06,5,Honest review,Been a LedgerLeaf customer for 18 months. The tax reports works exactly as advertised. Would recommend to any growing team.,positive
1290,BookBridge,Accounting,Office Manager,51-200 employees,2024-07-09,4,Thoughts after one year,"It integrates smoothly with Slack and Google Workspace. The mobile app could use some work, but it's fine. Our managers finally have visibility into what everyone is doing. Solid choice.",positive
1291,CountWise,Accounting,HR Generalist,501-1000 employees,2025-08-14,1,Avoid this accounting tool,"CountWise looked great in the demo, the reality is different. Our IT team handled the rollout. Half of our team refused to use it. Very frustrating experience.",negative
1292,ChartCove,Analytics,Finance Manager,201-500 employees,2024-12-18,2,Avoid this analytics tool,We evaluated it against two competitors. It gets painfully slow once you have a few thousand records. The scheduled exports is not intuitive at all. It never syncs correctly with our calendar. Avoid if you can.,negative
1293,Pipely,CRM,Account Executive,201-500 employees,2024-04-22,2,Pipely review,My one complaint is the price for larger teams. Reports are easy to customize and share with management. Not bad at all once you get used to it.,negative
1294,TicketTide,Help Desk,Founder,201-500 employees,2024-05-15,1,Avoid this help desk tool,The Slack integration breaks every few weeks. Very frustrating experience.,negative
1295,HelpHive,Help Desk,CTO,1-10 employees,2025-01-24,4,Great tool for our team,"The templates gave us a head start. The mobile app could use some work, but it's fine. 5 stars from me.",positive
1296,StaffSpring,HR Software,Operations Lead,1-10 employees,2025-01-26,5,StaffSpring for a mid-sized team,Hard to find anything they could improve. Reporting could be more flexible. Pricing is fair for what you get. Great value.,positive
1297,LedgerLeaf,Accounting,Account Executive,201-500 employees,2025-05-05,4,Huge time saver,Our account manager is responsive and genuinely helpful. Reports are easy to customize and share with management. The interface is cluttered and hard to navigate.,positive
1298,PlanBoard,Project Management,Product Owner,1000+ employees,2025-09-26,2,My take on PlanBoard,We moved to PlanBoard last year and regret it. I use it every day. The Slack integration breaks every few weeks. The idea behind the product is good. Look elsewhere.,negative
1299,Pipely,CRM,HR Generalist,1000+ employees,2025-01-03,5,Two years in,"I've used Pipely for about two years now. We mainly use it for the pipeline view. There is a small learning curve at the start. The interface is clean and easy to learn, even for non-technical people.",positive
1300,BookBridge,Accounting,Marketing Specialist,11-50 employees,2024-08-25,2,"Looked good, isn't","The interface is pretty, I'll give them that. Honestly, our old spreadsheet worked better. Not renewing.",negative
1301,Sprintly Pro,Project Management,HR Generalist,501-1000 employees,2025-05-12,2,Honest review,"Our IT team handled the rollout. Our sales calls are shorter because everything is in one place. Our account manager disappeared after we signed the contract. Automations fail silently, so you never know what broke. Nothing about the team workload view feels finished.",negative
1302,ClientOrbit,CRM,Project Manager,51-200 employees,2025-01-21,4,Solid and fast,"Been a ClientOrbit customer for 18 months. No complaints about the contact management. My one complaint is the price for larger teams. Our sales calls are shorter because everything is in one place. Reliable, we've had basically no downtime.",positive
1303,ClientOrbit,CRM,Project Manager,1-10 employees,2024-06-21,4,Solid and fast,We are a team of 130 people. The pipeline view alone is worth the price. New features ship regularly and they listen to feedback. I can't imagine going back to spreadsheets.,positive
1304,ChartCove,Analytics,Marketing Specialist,501-1000 employees,2025-07-27,2,Too many bugs,"Our IT team handled the rollout. The interface is cluttered and hard to navigate. Setup itself was easy enough. Cancelling was a nightmare, they kept charging us.",negative
1305,BookBridge,Accounting,Project Manager,11-50 employees,2024-09-25,4,Thoughts after one year,Documentation is thorough and up to date. It integrates smoothly with Slack and Google Workspace. Reports are easy to customize and share with management. The mobile app crashes constantly.,positive
1306,TicketTide,Help Desk,Founder,1000+ employees,2024-06-27,2,Avoid this help desk tool,"I wanted to like TicketTide, but it has been a struggle. They raised the price by 40% with almost no notice. Setup took weeks and the onboarding was confusing. Documentation is outdated and missing key details.",negative
1307,SupportLoop,Help Desk,Customer Success Manager,1-10 employees,2024-02-25,2,Avoid this help desk tool,"I wanted to like SupportLoop, but it has been a struggle. Permissions are too rigid for a team our size. Basic features are locked behind the enterprise plan. Not renewing.",negative
1308,InsightForge,Analytics,Project Manager,501-1000 employees,2024-11-04,2,Avoid this analytics tool,"Customer support takes days to reply and rarely fixes anything. Importing our old data took three weeks and a consultant. The interface is clean and easy to learn, even for non-technical people.",negative
1309,MetricMint,Analytics,CTO,201-500 employees,2025-04-27,5,Two years in,"MetricMint does exactly what we needed it to do. Our sales calls got longer because the data is scattered. It's fast, even with thousands of records.",positive
1310,LedgerLeaf,Accounting,Marketing Specialist,501-1000 employees,2024-12-13,1,Avoid this accounting tool,Half of our team refused to use it. Our sales calls got longer because the data is scattered.,negative
1311,SendGarden,Email Marketing,Operations Lead,1000+ employees,2024-12-14,1,Honest review,We mainly use it for the list segmentation. Our managers still export everything to Excel. The idea behind the product is good.,negative
1312,TaskHarbor,Project Management,CTO,201-500 employees,2025-01-05,1,Honest review,Our account manager disappeared after we signed the contract. Would not recommend.,negative
1313,MetricMint,Analytics,Sales Manager,51-200 employees,2024-12-11,5,My take on MetricMint,Not bad at all once you get used to it. Our sales calls are shorter because everything is in one place. The templates are generic and mostly useless.,positive
1314,StaffSpring,HR Software,Office Manager,51-200 employees,2024-02-04,1,StaffSpring for a mid-sized team,"Honestly, our old spreadsheet worked better. Basic features are locked behind the enterprise plan. Automations fail silently, so you never know what broke.",negative
1315,Sprintly Pro,Project Management,Support Team Lead,1-10 employees,2025-02-07,5,My take on Sprintly Pro,"I've used Sprintly Pro for about two years now. We mainly use it for the task dependencies. Setup was quick and the onboarding guides were clear. Reliable, we've had basically no downtime.",positive
1316,HelpHive,Help Desk,Founder,1000+ employees,2024-10-14,4,Love it,We rolled out HelpHive to the whole team in under a week. Our managers finally have visibility into what everyone is doing. Pricing is fair for what you get. Highly recommend.,positive
1317,CountWise,Accounting,Marketing Specialist,1000+ employees,2024-05-19,4,Worth every penny,"Our team adopted CountWise after trying three other tools. I use it every day. The interface is clean and easy to learn, even for non-technical people. 5 stars from me.",positive
1318,PeoplePort,HR Software,Customer Success Manager,1-10 employees,2024-10-16,1,Disappointed,"Used PeoplePort for a year, not renewing. Setup took weeks and the onboarding was confusing. The onboarding checklists is not intuitive at all.",negative
1319,LedgerLeaf,Accounting,HR Generalist,1-10 employees,2025-06-09,1,Our experience with LedgerLeaf,"We evaluated it against two competitors. The Slack integration breaks every few weeks. To be fair, the invoicing looks nice. Search almost never finds what I'm looking for. Would not recommend.",negative
1320,CountWise,Accounting,Customer Success Manager,201-500 employees,2024-11-18,5,Worth every penny,"Really happy with CountWise overall. It's fast, even with thousands of records. The only downside is that the expense tracking could be a bit faster. Our managers finally have visibility into what everyone is doing. Highly recommend.",positive
1321,PeoplePort,HR Software,Support Team Lead,1000+ employees,2024-10-26,1,Honest review,"I use it every day. The interface is cluttered and hard to navigate. Support staff are friendly, just not effective.",negative
1322,Sprintly Pro,Project Management,Account Executive,201-500 employees,2024-10-26,1,Slow and clunky,The API is poorly documented and rate limits are strict. Permissions are too rigid for a team our size. We had several outages during business hours.,negative
1323,Pipely,CRM,Finance Manager,1-10 employees,2025-01-10,5,Great tool for our team,"Documentation is thorough and up to date. The mobile app could use some work, but it's fine. No complaints about the email sync.",positive
1324,StaffSpring,HR Software,Data Analyst,1-10 employees,2025-04-25,4,Great tool for our team,"We switched to StaffSpring last year and haven't looked back. I use it every day. The org chart is intuitive and saves us hours every week. They raised the price by 40% with almost no notice. The interface is clean and easy to learn, even for non-technical people. Pricing is fair for what you get.",positive
1325,PeoplePort,HR Software,CTO,501-1000 employees,2025-03-17,2,Disappointed,Pretty disappointed with PeoplePort overall. Most of our team works remotely. The interface is cluttered and hard to navigate. Reporting is very limited and hard to customize. The PTO tracking is clunky and slow to load.,negative
1326,SendGarden,Email Marketing,Product Owner,201-500 employees,2024-10-23,1,Support is non-existent,"SendGarden looked great in the demo, the reality is different. Automations fail silently, so you never know what broke. The templates are generic and mostly useless. The Slack integration breaks every few weeks. The drag-and-drop editor alone is worth the price. Avoid if you can.",negative
1327,Pipely,CRM,Support Team Lead,51-200 employees,2025-04-06,4,Solid and fast,"Been a Pipely customer for 18 months. We evaluated it against two competitors. It replaced two other tools for us, which saved money. The contact management is clunky and slow to load. Search actually finds what I'm looking for. Highly recommend.",positive
1328,DealNest,CRM,Finance Manager,501-1000 employees,2025-09-27,1,Two years in,I use it every day. Our managers still export everything to Excel. It gets painfully slow once you have a few thousand records. Setup took weeks and the onboarding was confusing.,negative
1329,HelpHive,Help Desk,Data Analyst,11-50 employees,2025-02-16,5,Thoughts after one year,We switched to HelpHive last year and haven't looked back. Pricing is fair for what you get. Definitely renewing.,positive
1330,SupportLoop,Help Desk,Finance Manager,1-10 employees,2025-03-03,4,Great tool for our team,"We evaluated it against two competitors. There is a small learning curve at the start. The interface is clean and easy to learn, even for non-technical people. Customer support answers within minutes and actually solves the problem.",positive
1331,HireCanvas,HR Software,HR Generalist,1000+ employees,2024-06-16,5,Two years in,The templates gave us a head start. 5 stars from me.,positive
1332,TaskHarbor,Project Management,Project Manager,501-1000 employees,2024-05-22,5,My take on TaskHarbor,"We switched to TaskHarbor last year and haven't looked back. Pricing is fair for what you get. It replaced two other tools for us, which saved money. Reliable, we've had basically no downtime. Definitely renewing.",positive
1333,SendGarden,Email Marketing,Founder,1000+ employees,2024-12-21,1,"Looked good, isn't","Our IT team handled the rollout. Cancelling was a nightmare, they kept charging us. They raised the price by 40% with almost no notice. Our account manager disappeared after we signed the contract. Setup itself was easy enough.",negative
1334,LedgerLeaf,Accounting,Finance Manager,201-500 employees,2024-07-25,5,Worth every penny,"We mainly use it for the invoicing. Importing our old data took one afternoon. The interface is clean and easy to learn, even for non-technical people. Never had an issue with billing. Would recommend to any growing team.",positive
1335,PlanBoard,Project Management,HR Generalist,1-10 employees,2024-07-01,2,Thoughts after one year,The kanban boards is buggy and loses data occasionally. The Slack integration breaks every few weeks. Not bad at all once you get used to it. Way too expensive for what you get. Very frustrating experience.,negative
1336,BookBridge,Accounting,Office Manager,11-50 employees,2024-11-19,4,Solid and fast,Our team adopted BookBridge after trying three other tools. Most of our team works remotely. Not bad at all once you get used to it. Reporting could be more flexible. Pricing is fair for what you get. Highly recommend.,positive
1337,StaffSpring,HR Software,Project Manager,501-1000 employees,2024-09-01,1,Honest review,"Automations fail silently, so you never know what broke. Reports are easy to customize and share with management. Avoid if you can.",negative
1338,Sprintly Pro,Project Management,Finance Manager,51-200 employees,2025-08-08,1,Slow and clunky,"Used Sprintly Pro for a year, not renewing. We mainly use it for the task dependencies. The templates are generic and mostly useless. Half of our team refused to use it. Support staff are friendly, just not effective.",negative
1339,HelpHive,Help Desk,Customer Success Manager,501-1000 employees,2025-04-01,4,Two years in,We are on the business plan. Reporting could be more flexible. The mobile app is surprisingly good. Our account manager is responsive and genuinely helpful. Great value.,positive
1340,DealNest,CRM,Account Executive,1-10 employees,2024-09-14,4,Does the job really well,"We switched to DealNest last year and haven't looked back. We are on the business plan. The deal tracking alone is worth the price. The interface is clean and easy to learn, even for non-technical people. The API is well designed and easy to work with.",positive
1341,DealNest,CRM,Product Owner,51-200 employees,2024-11-23,4,My take on DealNest,Not bad at all once you get used to it. Not a single bug in the deal tracking so far. New features ship regularly and they listen to feedback. Search almost never finds what I'm looking for. Would recommend to any growing team.,positive
1342,CountWise,Accounting,Customer Success Manager,51-200 employees,2024-06-05,5,Thoughts after one year,We mainly use it for the invoicing. The tax reports is intuitive and saves us hours every week. The mobile app crashes constantly. Not bad at all once you get used to it.,positive
1343,StaffSpring,HR Software,Account Executive,1-10 employees,2025-08-13,5,Huge time saver,"We switched to StaffSpring last year and haven't looked back. We evaluated it against two competitors. The interface is clean and easy to learn, even for non-technical people.",positive
1344,StaffSpring,HR Software,Founder,1000+ employees,2025-02-01,2,Slow and clunky,"We evaluated it against two competitors. The interface is pretty, I'll give them that. Customer support takes days to reply and rarely fixes anything.",negative
1345,MailMosaic,Email Marketing,Marketing Specialist,501-1000 employees,2024-06-11,4,Thoughts after one year,I've used MailMosaic for about two years now. Automations cut a lot of repetitive manual work. The drag-and-drop editor is intuitive and saves us hours every week.,positive
1346,HireCanvas,HR Software,Support Team Lead,501-1000 employees,2024-02-25,4,Two years in,HireCanvas has become a core part of our daily workflow. We evaluated it against two competitors. The templates gave us a head start.,positive
1347,InsightForge,Analytics,Sales Manager,11-50 employees,2024-09-06,4,Our experience with InsightForge,The dashboards alone is worth the price. Reporting could be more flexible. The API is well designed and easy to work with. Would recommend to any growing team.,positive
1348,TicketTide,Help Desk,Operations Lead,201-500 employees,2024-03-06,5,Best help desk tool we've tried,Not a single bug in the shared inbox so far. My one complaint is the price for larger teams. Search actually finds what I'm looking for.,positive
1349,TicketTide,Help Desk,Founder,1000+ employees,2025-08-31,5,Two years in,"There is a small learning curve at the start. Reliable, we've had basically no downtime. Reports are easy to customize and share with management.",positive
1350,TicketTide,Help Desk,Finance Manager,501-1000 employees,2025-09-07,1,My take on TicketTide,"Automations fail silently, so you never know what broke. Way too expensive for what you get. Not bad at all once you get used to it.",negative
1351,CountWise,Accounting,Customer Success Manager,501-1000 employees,2024-07-17,1,Frustrating experience,I use it every day. The bank reconciliation doesn't work as advertised. Pricing is fair for what you get. Importing our old data took three weeks and a consultant. Permissions are too rigid for a team our size.,negative
1352,MetricMint,Analytics,Finance Manager,501-1000 employees,2024-03-16,4,Love it,"We evaluated it against two competitors. The mobile app could use some work, but it's fine. Importing our old data took one afternoon. Great value.",positive
1353,TaskHarbor,Project Management,Customer Success Manager,501-1000 employees,2024-03-12,4,TaskHarbor review,"Cancelling was a nightmare, they kept charging us. Our account manager is responsive and genuinely helpful.",positive
1354,SupportLoop,Help Desk,Data Analyst,1-10 employees,2024-12-26,4,SupportLoop review,"SupportLoop has become a core part of our daily workflow. It replaced two other tools for us, which saved money. The mobile app could use some work, but it's fine. Our team adoption was almost instant.",positive
1355,Pipely,CRM,Operations Lead,501-1000 employees,2024-01-24,4,Honest review,"Most of our team works remotely. Reliable, we've had basically no downtime. Importing our old data took one afternoon.",positive
1356,HelpHive,Help Desk,Finance Manager,51-200 employees,2024-06-22,4,Honest review,Never had an issue with billing. Solid choice.,positive
1357,SendGarden,Email Marketing,Project Manager,11-50 employees,2024-06-01,5,Love it,"Really happy with SendGarden overall. Our IT team handled the rollout. I can't imagine going back to spreadsheets. There is a small learning curve at the start. Reliable, we've had basically no downtime. Would recommend to any growing team.",positive
1358,HelpHive,Help Desk,Marketing Specialist,51-200 employees,2024-07-20,4,Huge time saver,"HelpHive does exactly what we needed it to do. Reliable, we've had basically no downtime.",positive
1359,LedgerLeaf,Accounting,CTO,51-200 employees,2025-05-23,5,Honest review,"We switched to LedgerLeaf last year and haven't looked back. We mainly use it for the multi-currency support. It replaced two other tools for us, which saved money. Our account manager is responsive and genuinely helpful.",positive
1360,InboxRocket,Email Marketing,Support Team Lead,1000+ employees,2024-01-02,4,Our experience with InboxRocket,We evaluated it against two competitors. Permissions and roles are flexible enough for our structure. I can't imagine going back to spreadsheets. Highly recommend.,positive
1361,PeoplePort,HR Software,Customer Success Manager,1000+ employees,2025-02-13,1,My take on PeoplePort,We migrated from a legacy system. Our account manager disappeared after we signed the contract. Half of our team refused to use it. Very frustrating experience.,negative
1362,ClientOrbit,CRM,Customer Success Manager,501-1000 employees,2024-02-06,4,Does the job really well,Most of our team works remotely. The free trial convinced the whole team. The templates gave us a head start. The API is poorly documented and rate limits are strict. Never had an issue with billing. Definitely renewing.,positive
1363,TaskHarbor,Project Management,Customer Success Manager,1000+ employees,2025-09-22,5,My take on TaskHarbor,I use it every day. No complaints about the time tracking. Importing our old data took one afternoon.,positive
1364,SupportLoop,Help Desk,Account Executive,1-10 employees,2025-06-08,4,SupportLoop review,The knowledge base alone is worth the price. Permissions and roles are flexible enough for our structure. Not bad at all once you get used to it. Solid choice.,positive
1365,PlanBoard,Project Management,Office Manager,1000+ employees,2025-07-07,1,Not worth the price,Way too expensive for what you get.,negative
1366,InsightForge,Analytics,Office Manager,1-10 employees,2024-03-11,1,Disappointed,Pretty disappointed with InsightForge overall. Most of our team works remotely. The custom reports doesn't work as advertised. Customer support takes days to reply and rarely fixes anything. Our team adoption was almost instant. Look elsewhere.,negative
1367,ChartCove,Analytics,Account Executive,501-1000 employees,2024-10-14,5,Great tool for our team,The scheduled exports is intuitive and saves us hours every week.,positive
1368,LedgerLeaf,Accounting,Founder,501-1000 employees,2025-02-19,4,Solid and fast,"The bank reconciliation is clunky and slow to load. Reliable, we've had basically no downtime.",positive
1369,DealNest,CRM,Founder,501-1000 employees,2024-02-21,2,Frustrating experience,We evaluated it against two competitors. The free trial hid most of the problems. Customer support takes days to reply and rarely fixes anything. Not worth the money at all. Not renewing.,negative
1370,CountWise,Accounting,Support Team Lead,1000+ employees,2024-05-17,5,Our experience with CountWise,Our team adopted CountWise after trying three other tools. I use it every day. Not a single bug in the expense tracking so far. Never had an issue with billing. Great value.,positive
1371,SendGarden,Email Marketing,Marketing Specialist,501-1000 employees,2024-08-24,4,Huge time saver,Our team adopted SendGarden after trying three other tools. Reports are easy to customize and share with management. It integrates smoothly with Slack and Google Workspace. The list segmentation works exactly as advertised. The drag-and-drop editor doesn't work as advertised.,positive
1372,BookBridge,Accounting,Product Owner,51-200 employees,2024-06-20,5,BookBridge for a mid-sized team,Documentation is thorough and up to date. Reporting could be more flexible. Would recommend to any growing team.,positive
1373,LedgerLeaf,Accounting,CTO,51-200 employees,2025-02-02,2,LedgerLeaf review,"LedgerLeaf does exactly what we needed it to do. It replaced two other tools for us, which saved money. It's fast, even with thousands of records. Would recommend to any growing team.",negative
1374,Pipely,CRM,Data Analyst,51-200 employees,2024-04-30,2,Two years in,We are currently looking for an alternative to Pipely. Most of our team works remotely. The idea behind the product is good. The Slack integration breaks every few weeks. Nothing about the email sync feels finished.,negative
1375,ChartCove,Analytics,Product Owner,11-50 employees,2025-05-12,2,Not worth the price,"I wanted to like ChartCove, but it has been a struggle. Our account manager disappeared after we signed the contract. Cancelling was a nightmare, they kept charging us. Save your money.",negative
1376,LedgerLeaf,Accounting,Account Executive,51-200 employees,2024-11-03,4,Two years in,Permissions and roles are flexible enough for our structure. New features ship regularly and they listen to feedback.,positive
1377,InsightForge,Analytics,Finance Manager,51-200 employees,2025-04-18,5,Our experience with InsightForge,InsightForge does exactly what we needed it to do. We mainly use it for the data connectors. The API is well designed and easy to work with. Importing our old data took one afternoon. The funnel analysis alone is worth the price. Our sales calls got longer because the data is scattered. Highly recommend.,positive
1378,TicketTide,Help Desk,Product Owner,51-200 employees,2024-10-18,2,My take on TicketTide,"I wanted to like TicketTide, but it has been a struggle. We are a team of 209 people. Importing our old data took three weeks and a consultant. Not renewing.",negative
1379,SupportLoop,Help Desk,Finance Manager,11-50 employees,2024-04-29,4,Great tool for our team,"SupportLoop has become a core part of our daily workflow. We mainly use it for the SLA tracking. The mobile app is surprisingly good. Importing our old data took one afternoon. The mobile app could use some work, but it's fine.",positive
1380,SupportLoop,Help Desk,Account Executive,1000+ employees,2024-03-20,5,SupportLoop for a mid-sized team,We evaluated it against two competitors. Never had an issue with billing. 5 stars from me.,positive
1381,DealNest,CRM,Operations Lead,51-200 employees,2024-05-08,4,Easy to use and reliable,I've used DealNest for about two years now. Setup was quick and the onboarding guides were clear. The only downside is that the pipeline view could be a bit faster.,positive
1382,SupportLoop,Help Desk,CTO,51-200 employees,2025-03-02,4,Two years in,We switched to SupportLoop last year and haven't looked back. Our team adoption was almost instant. Highly recommend.,positive
1383,MetricMint,Analytics,Operations Lead,501-1000 employees,2024-04-03,2,Disappointed,We migrated from a legacy system. Setup was quick and the onboarding guides were clear. Setup took weeks and the onboarding was confusing.,negative
1384,PeoplePort,HR Software,Data Analyst,11-50 employees,2024-05-07,2,My take on PeoplePort,We evaluated it against two competitors. The Slack integration breaks every few weeks. Very frustrating experience.,negative
1385,SendGarden,Email Marketing,Product Owner,501-1000 employees,2024-08-04,4,Love it,"Our IT team handled the rollout. Reliable, we've had basically no downtime. It integrates smoothly with Slack and Google Workspace. Highly recommend.",positive
1386,InsightForge,Analytics,Project Manager,201-500 employees,2024-01-16,4,Best analytics tool we've tried,We are a team of 144 people. The free trial convinced the whole team.,positive
1387,PeoplePort,HR Software,Founder,501-1000 employees,2025-05-15,4,PeoplePort for a mid-sized team,We are a team of 9 people. My one complaint is the price for larger teams. Documentation is thorough and up to date. The PTO tracking is intuitive and saves us hours every week. Highly recommend.,positive
1388,TaskHarbor,Project Management,Data Analyst,201-500 employees,2024-02-21,1,Disappointed,Importing our old data took three weeks and a consultant. The idea behind the product is good. Would not recommend.,negative
1389,DealNest,CRM,Customer Success Manager,11-50 employees,2024-02-17,2,My take on DealNest,We used DealNest for about eight months before cancelling. The mobile app crashes constantly. Very frustrating experience.,negative
1390,ClientOrbit,CRM,Office Manager,201-500 employees,2024-10-14,1,Slow and clunky,Half of our team refused to use it. The Slack integration breaks every few weeks.,negative
1391,InsightForge,Analytics,Marketing Specialist,201-500 employees,2024-11-17,5,Love it,We are a team of 213 people. Automations cut a lot of repetitive manual work. I can't imagine going back to spreadsheets. Our account manager is responsive and genuinely helpful.,positive
1392,MailMosaic,Email Marketing,CTO,1-10 employees,2025-06-28,5,Solid and fast,Not a single bug in the list segmentation so far. Our sales calls are shorter because everything is in one place. Pricing is fair for what you get. The only downside is that the drag-and-drop editor could be a bit faster. Great value.,positive
1393,LedgerLeaf,Accounting,Project Manager,201-500 employees,2025-05-27,4,LedgerLeaf for a mid-sized team,We rolled out LedgerLeaf to the whole team in under a week. We are on the business plan. Search almost never finds what I'm looking for. I can't imagine going back to spreadsheets. Would recommend to any growing team.,positive
1394,SupportLoop,Help Desk,Customer Success Manager,51-200 employees,2025-06-29,5,My take on SupportLoop,Our IT team handled the rollout. Reporting could be more flexible. Importing our old data took one afternoon. The knowledge base works exactly as advertised. Hard to find anything they could improve.,positive
1395,PlanBoard,Project Management,CTO,501-1000 employees,2024-12-14,5,Best project management tool we've tried,"We mainly use it for the team workload view. The task dependencies works exactly as advertised. The mobile app could use some work, but it's fine. Our sales calls are shorter because everything is in one place. It integrates smoothly with Slack and Google Workspace. Highly recommend.",positive
1396,PeoplePort,HR Software,Marketing Specialist,1000+ employees,2024-10-17,1,Our experience with PeoplePort,"PeoplePort looked great in the demo, the reality is different. Importing our old data took three weeks and a consultant. Not cheap, but definitely worth it. Half of our team refused to use it.",negative
1397,PlanBoard,Project Management,Account Executive,201-500 employees,2025-04-22,5,Honest review,PlanBoard has become a core part of our daily workflow. The Gantt chart alone is worth the price. The kanban boards is clunky and slow to load. Our team adoption was almost instant. Highly recommend.,positive
1398,PlanBoard,Project Management,Customer Success Manager,501-1000 employees,2024-02-28,4,Love it,We evaluated it against two competitors. The only downside is that the time tracking could be a bit faster. Automations cut a lot of repetitive manual work. The team workload view works exactly as advertised. It integrates smoothly with Slack and Google Workspace. Great value.,positive
1399,StaffSpring,HR Software,Founder,501-1000 employees,2025-02-13,1,Slow and clunky,Hard to find anything they do well. Documentation is outdated and missing key details.,negative
1400,PlanBoard,Project Management,Project Manager,51-200 employees,2025-06-19,5,Two years in,We are a team of 276 people. Importing our old data took one afternoon. Reporting could be more flexible.,positive
1401,HelpHive,Help Desk,Support Team Lead,501-1000 employees,2024-04-29,2,Honest review,It never syncs correctly with our calendar. The Slack integration breaks every few weeks.,negative
1402,ChartCove,Analytics,Operations Lead,51-200 employees,2024-09-20,5,ChartCove review,We switched to ChartCove last year and haven't looked back. Our account manager is responsive and genuinely helpful. The API is well designed and easy to work with. Pricing is fair for what you get. Great value.,positive
1403,ClientOrbit,CRM,Data Analyst,1000+ employees,2025-09-16,1,ClientOrbit review,We moved to ClientOrbit last year and regret it. The pipeline view is buggy and loses data occasionally. Permissions are too rigid for a team our size. Search almost never finds what I'm looking for.,negative
1404,TicketTide,Help Desk,Operations Lead,1000+ employees,2024-02-24,1,Honest review,We moved to TicketTide last year and regret it. Permissions are too rigid for a team our size. Reports are easy to customize and share with management.,negative
1405,InsightForge,Analytics,HR Generalist,201-500 employees,2024-04-05,1,InsightForge review,"I wanted to like InsightForge, but it has been a struggle. To be fair, the funnel analysis looks nice. Our account manager disappeared after we signed the contract. Not renewing.",negative
1406,CountWise,Accounting,Sales Manager,1000+ employees,2024-10-22,2,CountWise for a mid-sized team,"We are currently looking for an alternative to CountWise. The interface is clean and easy to learn, even for non-technical people. Honestly, our old spreadsheet worked better. The mobile app crashes constantly. Look elsewhere.",negative
1407,PeoplePort,HR Software,Customer Success Manager,201-500 employees,2024-09-22,5,Does the job really well,Our team adopted PeoplePort after trying three other tools. The payroll export is intuitive and saves us hours every week. The only downside is that the org chart could be a bit faster. Our team adoption was almost instant. The org chart alone is worth the price.,positive
1408,SendGarden,Email Marketing,Marketing Specialist,1-10 employees,2025-10-02,2,Our experience with SendGarden,I can't imagine going back to spreadsheets. The only downside is that the list segmentation could be a bit faster. Great value.,negative
1409,HelpHive,Help Desk,Finance Manager,501-1000 employees,2024-07-12,1,Disappointed,We mainly use it for the ticket routing. Reporting is very limited and hard to customize. The API is poorly documented and rate limits are strict.,negative
1410,SupportLoop,Help Desk,Finance Manager,1000+ employees,2025-01-14,4,Thoughts after one year,Been a SupportLoop customer for 18 months. The live chat widget alone is worth the price.,positive
1411,LedgerLeaf,Accounting,Product Owner,1-10 employees,2024-08-23,4,Two years in,Setup took weeks and the onboarding was confusing. Search actually finds what I'm looking for. Automations cut a lot of repetitive manual work. Never had an issue with billing.,positive
1412,LedgerLeaf,Accounting,Office Manager,1-10 employees,2025-05-31,4,My take on LedgerLeaf,Our IT team handled the rollout. Search actually finds what I'm looking for. Our team adoption was almost instant.,positive
1413,InboxRocket,Email Marketing,Product Owner,51-200 employees,2024-08-29,4,Our experience with InboxRocket,"Most of our team works remotely. Setup was quick and the onboarding guides were clear. The mobile app could use some work, but it's fine. Not cheap, but definitely worth it. Our team adoption was almost instant. Definitely renewing.",positive
1414,TicketTide,Help Desk,Data Analyst,501-1000 employees,2024-04-27,5,Best help desk tool we've tried,We rolled out TicketTide to the whole team in under a week. We evaluated it against two competitors. It integrates smoothly with Slack and Google Workspace. Reporting could be more flexible.,positive
1415,DealNest,CRM,Customer Success Manager,11-50 employees,2025-07-02,1,Slow and clunky,Our sales calls got longer because the data is scattered. The contact management doesn't work as advertised. The idea behind the product is good. The sales reports is clunky and slow to load. Not renewing.,negative
1416,PlanBoard,Project Management,Support Team Lead,11-50 employees,2024-07-09,1,Honest review,"We moved to PlanBoard last year and regret it. We are on the business plan. Honestly, our old spreadsheet worked better. Customer support takes days to reply and rarely fixes anything. It gets painfully slow once you have a few thousand records. Save your money.",negative
1417,LedgerLeaf,Accounting,Office Manager,51-200 employees,2024-06-17,2,Easy to use and reliable,Not a single bug in the bank reconciliation so far. Importing our old data took one afternoon. The multi-currency support is intuitive and saves us hours every week.,negative
1418,MailMosaic,Email Marketing,Sales Manager,11-50 employees,2024-04-01,4,Honest review,We mainly use it for the campaign reports. Our account manager is responsive and genuinely helpful. Great value.,positive
1419,TaskHarbor,Project Management,Account Executive,201-500 employees,2025-06-20,4,Best project management tool we've tried,Really happy with TaskHarbor overall. Most of our team works remotely. I can't imagine going back to spreadsheets. Reporting could be more flexible. Hard to find anything they could improve. Great value.,positive
1420,ClientOrbit,CRM,Product Owner,501-1000 employees,2025-01-11,2,ClientOrbit review,Not worth the money at all. Importing our old data took three weeks and a consultant.,negative
1421,TaskHarbor,Project Management,Product Owner,51-200 employees,2025-08-21,4,Love it,"The mobile app could use some work, but it's fine. Our team adoption was almost instant. Definitely renewing.",positive
1422,LedgerLeaf,Accounting,Account Executive,51-200 employees,2025-04-09,5,Love it,"Been a LedgerLeaf customer for 18 months. We mainly use it for the invoicing. The free trial hid most of the problems. Reliable, we've had basically no downtime. It's fast, even with thousands of records. Search actually finds what I'm looking for.",positive
1423,BookBridge,Accounting,Support Team Lead,1000+ employees,2024-05-28,5,Solid and fast,Most of our team works remotely. There is a small learning curve at the start. Customer support answers within minutes and actually solves the problem. Importing our old data took one afternoon. Our managers finally have visibility into what everyone is doing.,positive
1424,PeoplePort,HR Software,Sales Manager,11-50 employees,2024-08-05,4,Two years in,PeoplePort has become a core part of our daily workflow. I can't imagine going back to spreadsheets. Would recommend to any growing team.,positive
1425,PeoplePort,HR Software,Finance Manager,1000+ employees,2024-10-30,5,Worth every penny,"We mainly use it for the payroll export. The mobile app could use some work, but it's fine. Not a single bug in the org chart so far. The PTO tracking works exactly as advertised. Not bad at all once you get used to it. Great value.",positive
1426,ChartCove,Analytics,Marketing Specialist,1000+ employees,2024-07-17,1,Slow and clunky,The dashboards is intuitive and saves us hours every week. It gets painfully slow once you have a few thousand records. Basic features are locked behind the enterprise plan.,negative
1427,PeoplePort,HR Software,Customer Success Manager,201-500 employees,2025-07-16,5,Easy to use and reliable,Been a PeoplePort customer for 18 months. We are a team of 175 people. The mobile app crashes constantly. Setup was quick and the onboarding guides were clear. Definitely renewing.,positive
1428,HireCanvas,HR Software,Office Manager,51-200 employees,2025-07-11,2,Thoughts after one year,"The interface is cluttered and hard to navigate. To be fair, the performance reviews looks nice. Our sales calls got longer because the data is scattered. Would not recommend.",negative
1429,MetricMint,Analytics,CTO,11-50 employees,2024-06-14,5,Easy to use and reliable,Not a single bug in the funnel analysis so far. The Slack integration breaks every few weeks. Not a single bug in the custom reports so far. Documentation is thorough and up to date.,positive
1430,CountWise,Accounting,Finance Manager,201-500 employees,2024-02-05,4,Thoughts after one year,We rolled out CountWise to the whole team in under a week. We migrated from a legacy system. Documentation is thorough and up to date. Setup was quick and the onboarding guides were clear. The templates gave us a head start. Definitely renewing.,positive
1431,HireCanvas,HR Software,Customer Success Manager,11-50 employees,2024-12-07,5,Worth every penny,"Permissions and roles are flexible enough for our structure. Not cheap, but definitely worth it. It gets painfully slow once you have a few thousand records. Automations cut a lot of repetitive manual work.",positive
1432,TicketTide,Help Desk,Project Manager,201-500 employees,2024-03-07,1,Too many bugs,The SLA tracking doesn't work as advertised. Reports are easy to customize and share with management. They raised the price by 40% with almost no notice. Not renewing.,negative
1433,StaffSpring,HR Software,Customer Success Manager,11-50 employees,2024-12-23,2,Disappointed,"They raised the price by 40% with almost no notice. Search almost never finds what I'm looking for. The interface is pretty, I'll give them that. The onboarding checklists is not intuitive at all. Very frustrating experience.",negative
1434,MetricMint,Analytics,Marketing Specialist,11-50 employees,2024-02-22,4,Honest review,Permissions and roles are flexible enough for our structure. There is a small learning curve at the start. The API is well designed and easy to work with.,positive
1435,StaffSpring,HR Software,Account Executive,1000+ employees,2025-06-11,2,Solid and fast,We rolled out StaffSpring to the whole team in under a week. Most of our team works remotely. Our managers finally have visibility into what everyone is doing. There is a small learning curve at the start. 5 stars from me.,negative
1436,Pipely,CRM,Product Owner,501-1000 employees,2025-03-08,1,Honest review,"We are a team of 20 people. To be fair, the deal tracking looks nice. Our managers still export everything to Excel.",negative
1437,PlanBoard,Project Management,Finance Manager,501-1000 employees,2024-04-16,5,Does the job really well,Reporting could be more flexible. The mobile app is surprisingly good. Pricing is fair for what you get. Highly recommend.,positive
1438,InsightForge,Analytics,Data Analyst,201-500 employees,2025-06-10,2,Two years in,"We used InsightForge for about eight months before cancelling. I use it every day. The dashboards is not intuitive at all. Documentation is outdated and missing key details. Documentation is thorough and up to date. Honestly, our old spreadsheet worked better. Look elsewhere.",negative
1439,PlanBoard,Project Management,Customer Success Manager,201-500 employees,2025-06-28,5,Best project management tool we've tried,PlanBoard has become a core part of our daily workflow. Our IT team handled the rollout. I can't imagine going back to spreadsheets. Reports are easy to customize and share with management. The only downside is that the time tracking could be a bit faster. Our sales calls are shorter because everything is in one place. 5 stars from me.,positive
1440,InsightForge,Analytics,Support Team Lead,11-50 employees,2024-03-10,5,Does the job really well,There is a small learning curve at the start. It integrates smoothly with Slack and Google Workspace. Our account manager is responsive and genuinely helpful. Reports are easy to customize and share with management. Great value.,positive
1441,TaskHarbor,Project Management,Founder,501-1000 employees,2024-10-21,2,Disappointed,"Used TaskHarbor for a year, not renewing. Most of our team works remotely. Our account manager disappeared after we signed the contract.",negative
1442,ChartCove,Analytics,Finance Manager,1000+ employees,2025-01-06,5,Easy to use and reliable,We switched to ChartCove last year and haven't looked back. Our IT team handled the rollout. No complaints about the custom reports. Would recommend to any growing team.,positive
1443,SupportLoop,Help Desk,HR Generalist,501-1000 employees,2024-08-27,4,Huge time saver,"Hard to find anything they could improve. It's fast, even with thousands of records. The templates gave us a head start. Importing our old data took three weeks and a consultant. Solid choice.",positive
1444,StaffSpring,HR Software,Finance Manager,1000+ employees,2024-06-10,4,Easy to use and reliable,"The mobile app could use some work, but it's fine. The interface is clean and easy to learn, even for non-technical people. Great value.",positive
1445,BookBridge,Accounting,Project Manager,11-50 employees,2024-06-09,4,Worth every penny,Really happy with BookBridge overall. I can't imagine going back to spreadsheets. Not a single bug in the bank reconciliation so far. The only downside is that the expense tracking could be a bit faster. New features ship regularly and they listen to feedback.,positive
1446,PlanBoard,Project Management,Finance Manager,201-500 employees,2024-08-03,5,Worth every penny,My one complaint is the price for larger teams. The time tracking is intuitive and saves us hours every week. Solid choice.,positive
1447,PeoplePort,HR Software,Support Team Lead,11-50 employees,2025-03-16,4,Best hr software tool we've tried,PeoplePort has become a core part of our daily workflow. Permissions and roles are flexible enough for our structure. Our sales calls got longer because the data is scattered. The performance reviews alone is worth the price.,positive
1448,ChartCove,Analytics,Founder,201-500 employees,2025-06-14,2,Support is non-existent,"I wanted to like ChartCove, but it has been a struggle. We are on the business plan. Support staff are friendly, just not effective. Hard to find anything they do well.",negative
1449,DealNest,CRM,Founder,1-10 employees,2025-09-03,1,Honest review,"Most of our team works remotely. It's fast, even with thousands of records. Permissions are too rigid for a team our size. Our sales calls got longer because the data is scattered.",negative
1450,DealNest,CRM,Project Manager,201-500 employees,2024-04-12,4,Two years in,We switched to DealNest last year and haven't looked back. Customer support answers within minutes and actually solves the problem. Our team adoption was almost instant. 5 stars from me.,positive
1451,HelpHive,Help Desk,Support Team Lead,501-1000 employees,2024-07-09,5,Worth every penny,The mobile app is surprisingly good. The Slack integration breaks every few weeks. Highly recommend.,positive
1452,SupportLoop,Help Desk,Product Owner,51-200 employees,2025-07-24,2,Great tool for our team,I've used SupportLoop for about two years now. We are on the business plan. Our team adoption was almost instant. Great value.,negative
1453,MailMosaic,Email Marketing,Operations Lead,201-500 employees,2025-09-27,4,My take on MailMosaic,"I've used MailMosaic for about two years now. Most of our team works remotely. Importing our old data took one afternoon. Automations cut a lot of repetitive manual work. Reliable, we've had basically no downtime. 5 stars from me.",positive
1454,CountWise,Accounting,CTO,11-50 employees,2024-05-21,5,Does the job really well,I've used CountWise for about two years now. We are a team of 158 people. There is a small learning curve at the start. Importing our old data took one afternoon.,positive
1455,InsightForge,Analytics,Founder,201-500 employees,2025-01-24,2,Support is non-existent,The idea behind the product is good. Permissions are too rigid for a team our size. Our sales calls got longer because the data is scattered. Not renewing.,negative
1456,LedgerLeaf,Accounting,Account Executive,201-500 employees,2024-10-29,1,Frustrating experience,"We used LedgerLeaf for about eight months before cancelling. Support staff are friendly, just not effective. They raised the price by 40% with almost no notice. The expense tracking is buggy and loses data occasionally. Our account manager disappeared after we signed the contract.",negative
1457,PeoplePort,HR Software,Account Executive,11-50 employees,2024-08-31,2,PeoplePort review,"Used PeoplePort for a year, not renewing. We mainly use it for the onboarding checklists. Our managers still export everything to Excel.",negative
1458,ChartCove,Analytics,Data Analyst,201-500 employees,2024-10-31,4,Honest review,We mainly use it for the dashboards. I can't imagine going back to spreadsheets.,positive
1459,TaskHarbor,Project Management,Sales Manager,51-200 employees,2024-10-25,5,Thoughts after one year,TaskHarbor does exactly what we needed it to do. I can't imagine going back to spreadsheets. No complaints about the kanban boards. My one complaint is the price for larger teams. 5 stars from me.,positive
1460,HelpHive,Help Desk,Office Manager,51-200 employees,2024-05-03,5,Solid and fast,HelpHive does exactly what we needed it to do. The free trial convinced the whole team. Documentation is thorough and up to date. Highly recommend.,positive
1461,Sprintly Pro,Project Management,Sales Manager,1-10 employees,2025-08-08,2,Frustrating experience,Half of our team refused to use it. Save your money.,negative
1462,PeoplePort,HR Software,Finance Manager,201-500 employees,2024-10-29,2,Too many bugs,"PeoplePort looked great in the demo, the reality is different. Basic features are locked behind the enterprise plan. Hard to find anything they could improve. Our sales calls got longer because the data is scattered. Save your money.",negative
1463,MailMosaic,Email Marketing,HR Generalist,1000+ employees,2024-03-08,4,MailMosaic review,It never syncs correctly with our calendar. Search actually finds what I'm looking for. Our account manager is responsive and genuinely helpful. Definitely renewing.,positive
1464,MailMosaic,Email Marketing,Customer Success Manager,1-10 employees,2025-06-26,4,Does the job really well,"MailMosaic does exactly what we needed it to do. We evaluated it against two competitors. The API is well designed and easy to work with. It replaced two other tools for us, which saved money.",positive
1465,HireCanvas,HR Software,Customer Success Manager,11-50 employees,2025-05-19,5,Two years in,I've used HireCanvas for about two years now. Importing our old data took one afternoon. Our sales calls are shorter because everything is in one place. Customer support answers within minutes and actually solves the problem.,positive
1466,ClientOrbit,CRM,Operations Lead,11-50 employees,2024-04-28,5,Honest review,We rolled out ClientOrbit to the whole team in under a week. We migrated from a legacy system. Our team adoption was almost instant. Not bad at all once you get used to it. My one complaint is the price for larger teams.,positive
1467,CountWise,Accounting,Finance Manager,11-50 employees,2025-05-10,2,Support is non-existent,"I wanted to like CountWise, but it has been a struggle. The expense tracking doesn't work as advertised. The API is poorly documented and rate limits are strict. Setup took weeks and the onboarding was confusing.",negative
1468,MetricMint,Analytics,HR Generalist,51-200 employees,2024-12-02,1,Avoid this analytics tool,The templates are generic and mostly useless. Setup took weeks and the onboarding was confusing. Not renewing.,negative
1469,TaskHarbor,Project Management,Data Analyst,1000+ employees,2025-07-10,1,Our experience with TaskHarbor,"I wanted to like TaskHarbor, but it has been a struggle. Importing our old data took three weeks and a consultant. The kanban boards is not intuitive at all. We had several outages during business hours.",negative
1470,HelpHive,Help Desk,Data Analyst,1000+ employees,2025-07-19,2,Too many bugs,The Slack integration breaks every few weeks. Our sales calls got longer because the data is scattered. The live chat widget doesn't work as advertised. Not renewing.,negative
1471,HelpHive,Help Desk,Sales Manager,201-500 employees,2024-12-01,5,Easy to use and reliable,My one complaint is the price for larger teams. New features ship regularly and they listen to feedback. Would recommend to any growing team.,positive
1472,HireCanvas,HR Software,Project Manager,201-500 employees,2024-04-02,5,Does the job really well,"We migrated from a legacy system. Not a single bug in the payroll export so far. Our managers finally have visibility into what everyone is doing. It gets painfully slow once you have a few thousand records. Reliable, we've had basically no downtime. Great value.",positive
1473,ClientOrbit,CRM,Project Manager,1-10 employees,2025-05-18,1,ClientOrbit review,We migrated from a legacy system. Hard to find anything they do well. Our sales calls are shorter because everything is in one place.,negative
1474,MetricMint,Analytics,CTO,201-500 employees,2024-09-21,4,Worth every penny,"MetricMint has become a core part of our daily workflow. Our IT team handled the rollout. It replaced two other tools for us, which saved money. Customer support answers within minutes and actually solves the problem. New features ship regularly and they listen to feedback. 5 stars from me.",positive
1475,CountWise,Accounting,Customer Success Manager,51-200 employees,2025-01-08,5,Honest review,"We switched to CountWise last year and haven't looked back. The invoicing is intuitive and saves us hours every week. It replaced two other tools for us, which saved money. Great value.",positive
1476,ChartCove,Analytics,Account Executive,1-10 employees,2024-04-30,5,Great tool for our team,Been a ChartCove customer for 18 months. Our account manager is responsive and genuinely helpful.,positive
1477,LedgerLeaf,Accounting,Sales Manager,1000+ employees,2025-06-07,5,Does the job really well,We switched to LedgerLeaf last year and haven't looked back. The mobile app is surprisingly good. Way too expensive for what you get.,positive
1478,SendGarden,Email Marketing,Founder,51-200 employees,2025-05-26,4,Too many bugs,The Slack integration breaks every few weeks. The templates are generic and mostly useless. Customer support takes days to reply and rarely fixes anything. Save your money.,positive
1479,HelpHive,Help Desk,Support Team Lead,11-50 employees,2025-02-01,5,Solid and fast,The mobile app is surprisingly good. Setup was quick and the onboarding guides were clear. There is a small learning curve at the start.,positive
1480,StaffSpring,HR Software,CTO,501-1000 employees,2024-02-12,4,Easy to use and reliable,StaffSpring has become a core part of our daily workflow. I use it every day. Not bad at all once you get used to it. The onboarding checklists alone is worth the price. Definitely renewing.,positive
1481,BookBridge,Accounting,Sales Manager,501-1000 employees,2024-02-17,5,Huge time saver,"It replaced two other tools for us, which saved money. Search actually finds what I'm looking for. Honestly, our old spreadsheet worked better. It's fast, even with thousands of records. Solid choice.",positive
1482,ClientOrbit,CRM,Support Team Lead,11-50 employees,2025-02-16,5,ClientOrbit for a mid-sized team,Our team adoption was almost instant.,positive
1483,ChartCove,Analytics,Customer Success Manager,201-500 employees,2025-03-17,1,Two years in,"Half of our team refused to use it. The Slack integration breaks every few weeks. To be fair, the custom reports looks nice. Avoid if you can.",negative
1484,DealNest,CRM,Account Executive,51-200 employees,2024-11-21,5,Solid and fast,Never had an issue with billing. Definitely renewing.,positive
1485,TicketTide,Help Desk,Support Team Lead,201-500 employees,2024-05-20,5,Our experience with TicketTide,TicketTide does exactly what we needed it to do. Importing our old data took one afternoon. Reports are easy to customize and share with management. Setup took weeks and the onboarding was confusing. Our account manager is responsive and genuinely helpful. Solid choice.,positive
1486,SendGarden,Email Marketing,Operations Lead,201-500 employees,2025-05-18,4,Easy to use and reliable,"The automation workflows is intuitive and saves us hours every week. Honestly, our old spreadsheet worked better. 5 stars from me.",positive
1487,PlanBoard,Project Management,Data Analyst,1000+ employees,2024-10-12,5,PlanBoard review,"Been a PlanBoard customer for 18 months. It replaced two other tools for us, which saved money. The API is poorly documented and rate limits are strict.",positive
1488,TicketTide,Help Desk,Product Owner,51-200 employees,2024-07-21,1,Too many bugs,"We mainly use it for the knowledge base. Reliable, we've had basically no downtime. The templates are generic and mostly useless.",negative
1489,ClientOrbit,CRM,Operations Lead,11-50 employees,2024-06-02,4,Best crm tool we've tried,"I use it every day. Pricing is fair for what you get. It replaced two other tools for us, which saved money. Highly recommend.",positive
1490,SendGarden,Email Marketing,Founder,11-50 employees,2024-10-08,4,Worth every penny,Been a SendGarden customer for 18 months. I use it every day. Reporting is very limited and hard to customize. The templates gave us a head start. Definitely renewing.,positive
1491,CountWise,Accounting,Account Executive,1000+ employees,2024-01-28,5,Solid and fast,We rolled out CountWise to the whole team in under a week. Importing our old data took one afternoon.,positive
1492,TicketTide,Help Desk,Finance Manager,51-200 employees,2024-10-17,4,Thoughts after one year,Setup was quick and the onboarding guides were clear. The ticket routing works exactly as advertised.,positive
1493,TicketTide,Help Desk,Customer Success Manager,11-50 employees,2024-07-24,4,Not worth the price,It never syncs correctly with our calendar. No complaints about the knowledge base. Half of our team refused to use it.,positive
1494,LedgerLeaf,Accounting,Product Owner,201-500 employees,2024-12-21,2,"Looked good, isn't","LedgerLeaf looked great in the demo, the reality is different. The invoicing is intuitive and saves us hours every week. Importing our old data took three weeks and a consultant. Search almost never finds what I'm looking for. Our account manager disappeared after we signed the contract. Save your money.",negative
1495,Sprintly Pro,Project Management,Data Analyst,51-200 employees,2024-12-30,5,Two years in,We rolled out Sprintly Pro to the whole team in under a week. I can't imagine going back to spreadsheets. Solid choice.,positive
1496,Sprintly Pro,Project Management,Data Analyst,201-500 employees,2025-02-27,2,Two years in,"I wanted to like Sprintly Pro, but it has been a struggle. Our IT team handled the rollout. The time tracking is not intuitive at all. Our team adoption was almost instant. Setup took weeks and the onboarding was confusing. The team workload view is clunky and slow to load. Not renewing.",negative
1497,BookBridge,Accounting,Founder,51-200 employees,2025-02-25,1,Two years in,The templates are generic and mostly useless. Setup itself was easy enough. The invoicing is not intuitive at all. Not renewing.,negative
1498,TaskHarbor,Project Management,Operations Lead,51-200 employees,2025-02-26,4,Our experience with TaskHarbor,TaskHarbor has become a core part of our daily workflow. The API is well designed and easy to work with. Our team adoption was almost instant. Never had an issue with billing.,positive
1499,LedgerLeaf,Accounting,Office Manager,51-200 employees,2025-07-09,4,LedgerLeaf review,"We rolled out LedgerLeaf to the whole team in under a week. Reporting could be more flexible. It's fast, even with thousands of records. Documentation is thorough and up to date. Great value.",positive
1500,HelpHive,Help Desk,Data Analyst,201-500 employees,2024-04-19,1,Our experience with HelpHive,"Our team tried HelpHive and it did not work out. I use it every day. Support staff are friendly, just not effective. Not worth the money at all. Our account manager disappeared after we signed the contract. Not renewing.",negative
1501,LedgerLeaf,Accounting,HR Generalist,1-10 employees,2025-07-29,1,Frustrating experience,Our account manager disappeared after we signed the contract. The templates are generic and mostly useless.,negative
1502,SendGarden,Email Marketing,Operations Lead,1000+ employees,2025-01-11,2,SendGarden review,"It replaced two other tools for us, which saved money. Our managers still export everything to Excel. Avoid if you can.",negative
1503,TaskHarbor,Project Management,HR Generalist,11-50 employees,2025-07-29,4,Thoughts after one year,Our team adopted TaskHarbor after trying three other tools. The free trial convinced the whole team. No complaints about the time tracking. The templates are generic and mostly useless. Definitely renewing.,positive
1504,ChartCove,Analytics,Project Manager,201-500 employees,2025-06-18,5,Honest review,ChartCove has become a core part of our daily workflow. Importing our old data took one afternoon. Reporting could be more flexible. Setup was quick and the onboarding guides were clear. Highly recommend.,positive
1505,InboxRocket,Email Marketing,Project Manager,11-50 employees,2024-05-19,5,Solid and fast,Most of our team works remotely. Never had an issue with billing. Highly recommend.,positive
1506,DealNest,CRM,Finance Manager,201-500 employees,2025-09-18,4,Love it,We mainly use it for the contact management. Nothing about the pipeline view feels finished. Our managers finally have visibility into what everyone is doing. New features ship regularly and they listen to feedback. Our account manager is responsive and genuinely helpful. Highly recommend.,positive
1507,Sprintly Pro,Project Management,Sales Manager,11-50 employees,2025-09-15,4,Easy to use and reliable,I've used Sprintly Pro for about two years now. Way too expensive for what you get. The kanban boards alone is worth the price. Never had an issue with billing. The task dependencies works exactly as advertised.,positive
1508,HelpHive,Help Desk,Data Analyst,1-10 employees,2024-06-03,2,Honest review,We are on the business plan. Setup itself was easy enough. Hard to find anything they do well.,negative
1509,PeoplePort,HR Software,Account Executive,501-1000 employees,2024-04-24,4,My take on PeoplePort,"PeoplePort has become a core part of our daily workflow. We are on the business plan. Reliable, we've had basically no downtime. There is a small learning curve at the start. 5 stars from me.",positive
1510,HireCanvas,HR Software,Sales Manager,51-200 employees,2025-08-13,5,Great tool for our team,"Not bad at all once you get used to it. Not a single bug in the performance reviews so far. The interface is clean and easy to learn, even for non-technical people. Definitely renewing.",positive
1511,StaffSpring,HR Software,Account Executive,11-50 employees,2024-04-16,2,StaffSpring for a mid-sized team,"I wanted to like StaffSpring, but it has been a struggle. They raised the price by 40% with almost no notice.",negative
1512,PlanBoard,Project Management,HR Generalist,201-500 employees,2024-08-17,5,My take on PlanBoard,Our team adoption was almost instant. The only downside is that the team workload view could be a bit faster.,positive
1513,TaskHarbor,Project Management,Project Manager,1000+ employees,2024-07-21,5,Our experience with TaskHarbor,Our team adoption was almost instant. Solid choice.,positive
1514,CountWise,Accounting,Customer Success Manager,51-200 employees,2024-04-22,5,Honest review,I can't imagine going back to spreadsheets. Documentation is outdated and missing key details. The multi-currency support alone is worth the price.,positive
1515,SupportLoop,Help Desk,Support Team Lead,1000+ employees,2024-03-14,5,Great tool for our team,"The shared inbox works exactly as advertised. The interface is clean and easy to learn, even for non-technical people. The templates gave us a head start. Cancelling was a nightmare, they kept charging us. Definitely renewing.",positive
1516,SendGarden,Email Marketing,Support Team Lead,1-10 employees,2025-08-02,5,Thoughts after one year,We switched to SendGarden last year and haven't looked back. We evaluated it against two competitors. The templates gave us a head start. 5 stars from me.,positive
1517,Sprintly Pro,Project Management,Finance Manager,51-200 employees,2025-03-05,2,Not worth the price,"I wanted to like Sprintly Pro, but it has been a struggle. We are a team of 49 people. Hard to find anything they do well. Way too expensive for what you get. The interface is clean and easy to learn, even for non-technical people.",negative
1518,Sprintly Pro,Project Management,Office Manager,11-50 employees,2024-06-09,4,Thoughts after one year,We are a team of 108 people. Setup took weeks and the onboarding was confusing. Not bad at all once you get used to it.,positive
1519,LedgerLeaf,Accounting,Office Manager,1000+ employees,2024-02-17,2,Slow and clunky,"Cancelling was a nightmare, they kept charging us. The bank reconciliation is clunky and slow to load. Save your money.",negative
1520,MetricMint,Analytics,Founder,51-200 employees,2024-02-29,4,Our experience with MetricMint,The templates gave us a head start. 5 stars from me.,positive
1521,Sprintly Pro,Project Management,CTO,51-200 employees,2025-08-03,4,Worth every penny,Not bad at all once you get used to it. No complaints about the Gantt chart. Great value.,positive
1522,InsightForge,Analytics,Account Executive,201-500 employees,2024-06-24,5,Does the job really well,Our team adopted InsightForge after trying three other tools. Our account manager is responsive and genuinely helpful.,positive
1523,TicketTide,Help Desk,Finance Manager,1000+ employees,2025-01-21,2,"Looked good, isn't",Our account manager disappeared after we signed the contract. Would not recommend.,negative
1524,LedgerLeaf,Accounting,Sales Manager,201-500 employees,2024-03-10,5,Solid and fast,"The only downside is that the invoicing could be a bit faster. It's fast, even with thousands of records. The bank reconciliation works exactly as advertised.",positive
1525,HireCanvas,HR Software,Support Team Lead,501-1000 employees,2024-08-30,4,Avoid this hr software tool,Customer support takes days to reply and rarely fixes anything. The idea behind the product is good. The payroll export is not intuitive at all.,positive
1526,ChartCove,Analytics,Office Manager,11-50 employees,2024-07-08,2,Too many bugs,The data connectors is not intuitive at all. Setup itself was easy enough. The API is poorly documented and rate limits are strict. The interface is cluttered and hard to navigate.,negative
1527,BookBridge,Accounting,Account Executive,201-500 employees,2024-12-08,4,Does the job really well,"Automations cut a lot of repetitive manual work. Customer support answers within minutes and actually solves the problem. It's fast, even with thousands of records. Highly recommend.",positive
1528,DealNest,CRM,Product Owner,1000+ employees,2024-07-25,4,My take on DealNest,"I use it every day. The API is well designed and easy to work with. The mobile app could use some work, but it's fine. The interface is clean and easy to learn, even for non-technical people. Our managers finally have visibility into what everyone is doing.",positive
1529,ClientOrbit,CRM,Marketing Specialist,501-1000 employees,2025-02-18,4,My take on ClientOrbit,"Really happy with ClientOrbit overall. The sales reports works exactly as advertised. Reliable, we've had basically no downtime. The mobile app could use some work, but it's fine.",positive
1530,PeoplePort,HR Software,Office Manager,51-200 employees,2025-02-08,4,Thoughts after one year,No complaints about the performance reviews.,positive
1531,PeoplePort,HR Software,Sales Manager,51-200 employees,2024-12-10,2,Slow and clunky,We are currently looking for an alternative to PeoplePort. We mainly use it for the PTO tracking. We had several outages during business hours. Our managers still export everything to Excel. Look elsewhere.,negative
1532,PeoplePort,HR Software,Account Executive,1000+ employees,2025-02-12,5,Great tool for our team,Really happy with PeoplePort overall. The mobile app is surprisingly good. Hard to find anything they could improve.,positive
1533,TicketTide,Help Desk,Support Team Lead,201-500 employees,2024-11-14,5,Two years in,We switched to TicketTide last year and haven't looked back. My one complaint is the price for larger teams. Not bad at all once you get used to it. Would recommend to any growing team.,positive
1534,HireCanvas,HR Software,Support Team Lead,51-200 employees,2025-09-13,2,"Looked good, isn't","I wanted to like HireCanvas, but it has been a struggle. Cancelling was a nightmare, they kept charging us. Reporting is very limited and hard to customize. Save your money.",negative
1535,CountWise,Accounting,Marketing Specialist,501-1000 employees,2025-09-06,4,Worth every penny,"The only downside is that the invoicing could be a bit faster. Reports are easy to customize and share with management. Not cheap, but definitely worth it. The interface is clean and easy to learn, even for non-technical people.",positive
1536,MailMosaic,Email Marketing,Data Analyst,501-1000 employees,2025-03-08,4,Two years in,My one complaint is the price for larger teams. New features ship regularly and they listen to feedback. Solid choice.,positive
1537,MetricMint,Analytics,CTO,11-50 employees,2025-01-12,5,Two years in,Reports are easy to customize and share with management. Pricing is fair for what you get. Definitely renewing.,positive
1538,SupportLoop,Help Desk,Support Team Lead,1000+ employees,2024-02-22,4,Our experience with SupportLoop,"We rolled out SupportLoop to the whole team in under a week. It's fast, even with thousands of records. No complaints about the live chat widget. Customer support answers within minutes and actually solves the problem.",positive
1539,Pipely,CRM,Account Executive,201-500 employees,2025-02-06,4,Does the job really well,"We evaluated it against two competitors. My one complaint is the price for larger teams. Our managers finally have visibility into what everyone is doing. Never had an issue with billing. The interface is clean and easy to learn, even for non-technical people.",positive
1540,SendGarden,Email Marketing,HR Generalist,11-50 employees,2025-02-09,1,SendGarden review,"SendGarden looked great in the demo, the reality is different. We mainly use it for the list segmentation. Hard to find anything they do well. Reporting is very limited and hard to customize. Our managers still export everything to Excel.",negative
1541,ChartCove,Analytics,Office Manager,51-200 employees,2025-03-21,4,Worth every penny,"ChartCove does exactly what we needed it to do. We migrated from a legacy system. It's fast, even with thousands of records. Reporting could be more flexible.",positive
1542,TicketTide,Help Desk,Project Manager,501-1000 employees,2025-03-29,4,Does the job really well,TicketTide has become a core part of our daily workflow. New features ship regularly and they listen to feedback. They raised the price by 40% with almost no notice. Our managers finally have visibility into what everyone is doing. Setup was quick and the onboarding guides were clear.,positive
1543,DealNest,CRM,Office Manager,501-1000 employees,2024-10-12,1,DealNest review,Our team tried DealNest and it did not work out. We are a team of 268 people. The mobile app crashes constantly. Very frustrating experience.,negative
1544,MetricMint,Analytics,Marketing Specialist,201-500 employees,2024-06-19,1,Avoid this analytics tool,We are on the business plan. It integrates smoothly with Slack and Google Workspace. Setup took weeks and the onboarding was confusing. The mobile app crashes constantly. Not renewing.,negative
1545,ClientOrbit,CRM,Office Manager,1000+ employees,2024-09-15,2,Avoid this crm tool,The mobile app crashes constantly. Would not recommend.,negative
1546,Pipely,CRM,Operations Lead,51-200 employees,2024-09-19,1,Too many bugs,"I wanted to like Pipely, but it has been a struggle. The interface is clean and easy to learn, even for non-technical people. Setup took weeks and the onboarding was confusing. Our account manager disappeared after we signed the contract. The interface is cluttered and hard to navigate.",negative
1547,LedgerLeaf,Accounting,HR Generalist,51-200 employees,2024-01-07,4,Easy to use and reliable,Pricing is fair for what you get.,positive
1548,ChartCove,Analytics,Product Owner,11-50 employees,2024-04-19,4,Best analytics tool we've tried,New features ship regularly and they listen to feedback. Reports are easy to customize and share with management. Great value.,positive
1549,ClientOrbit,CRM,Product Owner,11-50 employees,2025-03-07,1,Honest review,Half of our team refused to use it. Setup itself was easy enough.,negative
1550,LedgerLeaf,Accounting,Sales Manager,201-500 employees,2024-10-17,4,My take on LedgerLeaf,"We switched to LedgerLeaf last year and haven't looked back. Setup was quick and the onboarding guides were clear. Importing our old data took one afternoon. Not cheap, but definitely worth it.",positive
1551,MetricMint,Analytics,Sales Manager,1-10 employees,2024-06-02,5,Best analytics tool we've tried,"We migrated from a legacy system. It replaced two other tools for us, which saved money. Our managers finally have visibility into what everyone is doing. Honestly, our old spreadsheet worked better.",positive
1552,CountWise,Accounting,Founder,11-50 employees,2024-02-21,4,Thoughts after one year,I've used CountWise for about two years now. We evaluated it against two competitors. Not worth the money at all. Search actually finds what I'm looking for.,positive
1553,TicketTide,Help Desk,CTO,11-50 employees,2024-07-25,4,Two years in,Most of our team works remotely. Importing our old data took one afternoon. Our sales calls are shorter because everything is in one place. The only downside is that the shared inbox could be a bit faster.,positive
1554,CountWise,Accounting,HR Generalist,201-500 employees,2024-07-21,4,"Looked good, isn't","To be fair, the multi-currency support looks nice. Half of our team refused to use it. The mobile app crashes constantly. The templates are generic and mostly useless. Look elsewhere.",positive
1555,StaffSpring,HR Software,Founder,201-500 employees,2024-03-07,2,"Looked good, isn't","Our team tried StaffSpring and it did not work out. It replaced two other tools for us, which saved money. Permissions are too rigid for a team our size. Search almost never finds what I'm looking for. It never syncs correctly with our calendar.",negative
1556,InsightForge,Analytics,Support Team Lead,1-10 employees,2024-07-05,2,InsightForge for a mid-sized team,"Pretty disappointed with InsightForge overall. Support staff are friendly, just not effective. The templates are generic and mostly useless.",negative
1557,MailMosaic,Email Marketing,Sales Manager,1-10 employees,2024-09-18,4,Solid and fast,Importing our old data took one afternoon. I can't imagine going back to spreadsheets. Would recommend to any growing team.,positive
1558,SupportLoop,Help Desk,Customer Success Manager,51-200 employees,2024-09-28,5,Solid and fast,"It replaced two other tools for us, which saved money. Automations cut a lot of repetitive manual work. Our team adoption was almost instant. Highly recommend.",positive
1559,HireCanvas,HR Software,Operations Lead,201-500 employees,2025-02-09,4,Honest review,Not a single bug in the org chart so far. 5 stars from me.,positive
1560,HelpHive,Help Desk,Office Manager,11-50 employees,2024-03-29,4,Best help desk tool we've tried,"Really happy with HelpHive overall. The interface is clean and easy to learn, even for non-technical people. The mobile app is surprisingly good. Solid choice.",positive
1561,MailMosaic,Email Marketing,Project Manager,1-10 employees,2024-05-07,4,Best email marketing tool we've tried,"The drag-and-drop editor alone is worth the price. The interface is clean and easy to learn, even for non-technical people. I can't imagine going back to spreadsheets. There is a small learning curve at the start. Highly recommend.",positive
1562,PlanBoard,Project Management,HR Generalist,1-10 employees,2024-02-21,4,Slow and clunky,"We are currently looking for an alternative to PlanBoard. Automations fail silently, so you never know what broke. Not a single bug in the team workload view so far. The Slack integration breaks every few weeks. Look elsewhere.",positive
1563,TaskHarbor,Project Management,CTO,201-500 employees,2024-05-24,2,TaskHarbor review,"It's fast, even with thousands of records. Customer support answers within minutes and actually solves the problem. Our managers still export everything to Excel. Highly recommend.",negative
1564,PlanBoard,Project Management,Founder,201-500 employees,2025-08-08,4,Two years in,"We migrated from a legacy system. The time tracking alone is worth the price. Half of our team refused to use it. It's fast, even with thousands of records. Permissions and roles are flexible enough for our structure. Highly recommend.",positive
1565,TicketTide,Help Desk,HR Generalist,501-1000 employees,2025-03-13,4,Two years in,We switched to TicketTide last year and haven't looked back. I use it every day. Reports are easy to customize and share with management.,positive
1566,MailMosaic,Email Marketing,Founder,1-10 employees,2025-01-24,2,"Looked good, isn't",We are currently looking for an alternative to MailMosaic. Our IT team handled the rollout. The mobile app crashes constantly.,negative
1567,InsightForge,Analytics,Sales Manager,501-1000 employees,2024-11-22,5,Love it,InsightForge has become a core part of our daily workflow. We are on the business plan. The API is poorly documented and rate limits are strict. The API is well designed and easy to work with. It integrates smoothly with Slack and Google Workspace. Highly recommend.,positive
1568,ChartCove,Analytics,Product Owner,11-50 employees,2024-08-03,5,Love it,The free trial convinced the whole team. The free trial hid most of the problems.,positive
1569,InsightForge,Analytics,Data Analyst,1000+ employees,2025-01-17,4,InsightForge review,I've used InsightForge for about two years now. The custom reports works exactly as advertised. Hard to find anything they could improve. No complaints about the data connectors. Definitely renewing.,positive
1570,Pipely,CRM,Project Manager,11-50 employees,2024-01-12,4,Our experience with Pipely,My one complaint is the price for larger teams. Never had an issue with billing. Hard to find anything they could improve. Highly recommend.,positive
1571,MetricMint,Analytics,Operations Lead,1000+ employees,2024-07-11,1,MetricMint review,"Documentation is outdated and missing key details. It gets painfully slow once you have a few thousand records. Honestly, our old spreadsheet worked better. Avoid if you can.",negative
1572,PlanBoard,Project Management,Finance Manager,1-10 employees,2024-08-04,4,Two years in,"It's fast, even with thousands of records. The Gantt chart alone is worth the price. Solid choice.",positive
1573,SupportLoop,Help Desk,Project Manager,51-200 employees,2024-12-11,5,Worth every penny,Automations cut a lot of repetitive manual work. The free trial convinced the whole team. Great value.,positive
1574,CountWise,Accounting,Customer Success Manager,51-200 employees,2025-05-27,5,Best accounting tool we've tried,"Our team adopted CountWise after trying three other tools. We mainly use it for the bank reconciliation. It's fast, even with thousands of records. The Slack integration breaks every few weeks.",positive
1575,SupportLoop,Help Desk,Marketing Specialist,501-1000 employees,2025-04-22,2,Solid and fast,"Been a SupportLoop customer for 18 months. It replaced two other tools for us, which saved money. Documentation is thorough and up to date. Reporting could be more flexible.",negative
1576,ChartCove,Analytics,Product Owner,1-10 employees,2024-11-12,2,Slow and clunky,We moved to ChartCove last year and regret it. The API is poorly documented and rate limits are strict. Our account manager disappeared after we signed the contract. Way too expensive for what you get. The API is well designed and easy to work with.,negative
1577,CountWise,Accounting,HR Generalist,1-10 employees,2025-09-16,4,Love it,"Not bad at all once you get used to it. The expense tracking alone is worth the price. Cancelling was a nightmare, they kept charging us.",positive
1578,ClientOrbit,CRM,Support Team Lead,1-10 employees,2024-07-30,4,My take on ClientOrbit,"ClientOrbit has become a core part of our daily workflow. Our managers finally have visibility into what everyone is doing. Not a single bug in the deal tracking so far. The mobile app could use some work, but it's fine. Would recommend to any growing team.",positive
1579,LedgerLeaf,Accounting,CTO,51-200 employees,2025-02-07,5,Two years in,Our IT team handled the rollout. Setup was quick and the onboarding guides were clear. Highly recommend.,positive
1580,StaffSpring,HR Software,Product Owner,501-1000 employees,2025-04-30,5,Thoughts after one year,We switched to StaffSpring last year and haven't looked back. The org chart is intuitive and saves us hours every week. Hard to find anything they could improve. Reporting could be more flexible. Permissions and roles are flexible enough for our structure. 5 stars from me.,positive
1581,PeoplePort,HR Software,Project Manager,1000+ employees,2025-05-14,4,Easy to use and reliable,Not a single bug in the performance reviews so far. The free trial convinced the whole team. My one complaint is the price for larger teams. Definitely renewing.,positive
1582,ChartCove,Analytics,Finance Manager,11-50 employees,2024-06-24,1,My take on ChartCove,"We moved to ChartCove last year and regret it. It gets painfully slow once you have a few thousand records. The interface is pretty, I'll give them that.",negative
1583,DealNest,CRM,Office Manager,11-50 employees,2024-09-21,4,Does the job really well,"We switched to DealNest last year and haven't looked back. No complaints about the deal tracking. Honestly, our old spreadsheet worked better. It's fast, even with thousands of records. Our sales calls are shorter because everything is in one place.",positive
1584,CountWise,Accounting,Finance Manager,501-1000 employees,2025-01-26,1,CountWise review,"I wanted to like CountWise, but it has been a struggle. We migrated from a legacy system. The multi-currency support is buggy and loses data occasionally. Very frustrating experience.",negative
1585,CountWise,Accounting,Operations Lead,51-200 employees,2024-06-03,5,Love it,"Reliable, we've had basically no downtime. 5 stars from me.",positive
1586,StaffSpring,HR Software,Marketing Specialist,1000+ employees,2025-06-04,5,My take on StaffSpring,We switched to StaffSpring last year and haven't looked back. Our team adoption was almost instant. New features ship regularly and they listen to feedback.,positive
1587,SendGarden,Email Marketing,Account Executive,501-1000 employees,2025-02-19,4,Huge time saver,"Reporting could be more flexible. It replaced two other tools for us, which saved money.",positive
1588,InsightForge,Analytics,Finance Manager,11-50 employees,2025-07-19,5,Solid and fast,Our team adopted InsightForge after trying three other tools. We are a team of 124 people. Not bad at all once you get used to it. Pricing is fair for what you get. My one complaint is the price for larger teams.,positive
1589,TaskHarbor,Project Management,Product Owner,1-10 employees,2024-08-04,2,Two years in,"The interface is pretty, I'll give them that. It never syncs correctly with our calendar.",negative
1590,PlanBoard,Project Management,Office Manager,51-200 employees,2025-04-03,1,Not worth the price,"Used PlanBoard for a year, not renewing. Setup itself was easy enough. Permissions are too rigid for a team our size. Cancelling was a nightmare, they kept charging us. Look elsewhere.",negative
1591,CountWise,Accounting,Finance Manager,51-200 employees,2024-01-22,5,Thoughts after one year,We rolled out CountWise to the whole team in under a week. Automations cut a lot of repetitive manual work. Not bad at all once you get used to it.,positive
1592,StaffSpring,HR Software,Operations Lead,51-200 employees,2025-08-22,5,Our experience with StaffSpring,The PTO tracking is intuitive and saves us hours every week. Not worth the money at all. Never had an issue with billing. Solid choice.,positive
1593,Pipely,CRM,Account Executive,11-50 employees,2025-07-25,4,Does the job really well,"The interface is clean and easy to learn, even for non-technical people. The mobile app could use some work, but it's fine. Our team adoption was almost instant. Documentation is thorough and up to date.",positive
1594,BookBridge,Accounting,Project Manager,1000+ employees,2024-03-12,5,Worth every penny,"We evaluated it against two competitors. The interface is clean and easy to learn, even for non-technical people.",positive
1595,MailMosaic,Email Marketing,Data Analyst,201-500 employees,2024-02-18,5,Solid and fast,"It's fast, even with thousands of records. The only downside is that the drag-and-drop editor could be a bit faster. Not cheap, but definitely worth it. Great value.",positive
1596,SendGarden,Email Marketing,Customer Success Manager,501-1000 employees,2024-11-18,4,Two years in,We switched to SendGarden last year and haven't looked back. We migrated from a legacy system. Reporting is very limited and hard to customize. Our team adoption was almost instant. The API is well designed and easy to work with.,positive
1597,MailMosaic,Email Marketing,Data Analyst,1000+ employees,2024-03-19,4,Thoughts after one year,We rolled out MailMosaic to the whole team in under a week. Documentation is thorough and up to date. Our account manager is responsive and genuinely helpful. Highly recommend.,positive
1598,TicketTide,Help Desk,CTO,501-1000 employees,2025-07-17,2,Frustrating experience,"We are on the business plan. The interface is cluttered and hard to navigate. The interface is pretty, I'll give them that.",negative
1599,InboxRocket,Email Marketing,Project Manager,1-10 employees,2025-06-12,2,Avoid this email marketing tool,"I wanted to like InboxRocket, but it has been a struggle. The free trial hid most of the problems. Our account manager disappeared after we signed the contract. The idea behind the product is good. Save your money.",negative
1600,LedgerLeaf,Accounting,Marketing Specialist,1-10 employees,2024-06-05,5,Worth every penny,We rolled out LedgerLeaf to the whole team in under a week. We mainly use it for the tax reports. New features ship regularly and they listen to feedback. The only downside is that the invoicing could be a bit faster. Highly recommend.,positive
1601,MailMosaic,Email Marketing,Project Manager,1000+ employees,2024-04-26,5,My take on MailMosaic,We rolled out MailMosaic to the whole team in under a week. I use it every day. Importing our old data took one afternoon. The mobile app is surprisingly good. Reporting could be more flexible.,positive
1602,CountWise,Accounting,Finance Manager,201-500 employees,2025-03-26,5,CountWise review,My one complaint is the price for larger teams. The free trial convinced the whole team. Solid choice.,positive
1603,Pipely,CRM,Marketing Specialist,501-1000 employees,2024-03-21,1,My take on Pipely,"I use it every day. The interface is pretty, I'll give them that. It gets painfully slow once you have a few thousand records. The free trial hid most of the problems. The templates are generic and mostly useless. Look elsewhere.",negative
1604,DealNest,CRM,Product Owner,1000+ employees,2025-05-25,2,DealNest for a mid-sized team,"It gets painfully slow once you have a few thousand records. We had several outages during business hours. The templates are generic and mostly useless. Support staff are friendly, just not effective. Save your money.",negative
1605,StaffSpring,HR Software,HR Generalist,11-50 employees,2025-07-02,1,Slow and clunky,Our team tried StaffSpring and it did not work out. Way too expensive for what you get. The performance reviews is clunky and slow to load. The onboarding checklists is clunky and slow to load.,negative
1606,ChartCove,Analytics,Founder,51-200 employees,2025-05-09,2,Frustrating experience,Pretty disappointed with ChartCove overall. The scheduled exports doesn't work as advertised. Permissions are too rigid for a team our size. Reporting is very limited and hard to customize. The scheduled exports is intuitive and saves us hours every week. Avoid if you can.,negative
1607,CountWise,Accounting,Customer Success Manager,51-200 employees,2024-11-07,2,Support is non-existent,Importing our old data took three weeks and a consultant. Save your money.,negative
1608,PlanBoard,Project Management,Operations Lead,1000+ employees,2024-05-08,5,Our experience with PlanBoard,"PlanBoard has become a core part of our daily workflow. Our IT team handled the rollout. Reporting could be more flexible. Not cheap, but definitely worth it.",positive
1609,InsightForge,Analytics,Customer Success Manager,501-1000 employees,2025-02-05,2,Honest review,"We are a team of 295 people. Nothing about the funnel analysis feels finished. Setup took weeks and the onboarding was confusing. The dashboards is clunky and slow to load. The interface is pretty, I'll give them that.",negative
1610,LedgerLeaf,Accounting,Finance Manager,201-500 employees,2025-08-02,4,Best accounting tool we've tried,"LedgerLeaf does exactly what we needed it to do. I use it every day. It replaced two other tools for us, which saved money. Our sales calls are shorter because everything is in one place. Our account manager is responsive and genuinely helpful.",positive
1611,DealNest,CRM,Finance Manager,1000+ employees,2024-03-28,5,Two years in,Permissions and roles are flexible enough for our structure.,positive
1612,InsightForge,Analytics,Founder,51-200 employees,2024-07-16,4,Huge time saver,"We rolled out InsightForge to the whole team in under a week. Reliable, we've had basically no downtime. The funnel analysis works exactly as advertised. The interface is cluttered and hard to navigate. No complaints about the funnel analysis. Solid choice.",positive
1613,ClientOrbit,CRM,Finance Manager,501-1000 employees,2024-10-29,5,Worth every penny,Really happy with ClientOrbit overall. Our managers finally have visibility into what everyone is doing. Documentation is thorough and up to date.,positive
1614,Sprintly Pro,Project Management,Data Analyst,201-500 employees,2024-09-07,5,Our experience with Sprintly Pro,I've used Sprintly Pro for about two years now. Permissions and roles are flexible enough for our structure.,positive
1615,HireCanvas,HR Software,Marketing Specialist,501-1000 employees,2025-06-01,4,Worth every penny,Our team adopted HireCanvas after trying three other tools. Our IT team handled the rollout. Automations cut a lot of repetitive manual work. Never had an issue with billing. The mobile app is surprisingly good. Definitely renewing.,positive
1616,DealNest,CRM,Marketing Specialist,201-500 employees,2024-10-27,2,"Looked good, isn't",Our team tried DealNest and it did not work out. Hard to find anything they do well. The free trial hid most of the problems. The contact management doesn't work as advertised. The sales reports alone is worth the price. Look elsewhere.,negative
1617,Sprintly Pro,Project Management,Marketing Specialist,1000+ employees,2024-08-26,5,Thoughts after one year,"Customer support answers within minutes and actually solves the problem. Not cheap, but definitely worth it. The templates gave us a head start. Great value.",positive
1618,HireCanvas,HR Software,Data Analyst,1-10 employees,2024-07-20,5,Great tool for our team,"We rolled out HireCanvas to the whole team in under a week. Not cheap, but definitely worth it. Customer support answers within minutes and actually solves the problem. I can't imagine going back to spreadsheets. Definitely renewing.",positive
1619,TaskHarbor,Project Management,Project Manager,11-50 employees,2024-10-28,2,Support is non-existent,I use it every day. Setup took weeks and the onboarding was confusing. The Gantt chart is buggy and loses data occasionally. The free trial convinced the whole team. Customer support takes days to reply and rarely fixes anything. Look elsewhere.,negative
1620,ClientOrbit,CRM,Marketing Specialist,1000+ employees,2024-03-10,5,Huge time saver,Importing our old data took one afternoon. Reporting could be more flexible. Our account manager is responsive and genuinely helpful.,positive
1621,ChartCove,Analytics,Sales Manager,51-200 employees,2024-10-26,5,Love it,"We switched to ChartCove last year and haven't looked back. Our IT team handled the rollout. Pricing is fair for what you get. Automations fail silently, so you never know what broke. The mobile app is surprisingly good.",positive
1622,BookBridge,Accounting,Support Team Lead,11-50 employees,2025-03-02,4,Thoughts after one year,We are on the business plan. I can't imagine going back to spreadsheets. Reporting could be more flexible.,positive
1623,MetricMint,Analytics,Customer Success Manager,501-1000 employees,2024-11-18,5,Huge time saver,Our team adoption was almost instant. Our account manager is responsive and genuinely helpful. The free trial convinced the whole team.,positive
1624,ChartCove,Analytics,Product Owner,1-10 employees,2024-05-15,4,Great tool for our team,ChartCove does exactly what we needed it to do. We evaluated it against two competitors. Setup took weeks and the onboarding was confusing. It integrates smoothly with Slack and Google Workspace. Our team adoption was almost instant. Would recommend to any growing team.,positive
1625,StaffSpring,HR Software,Finance Manager,11-50 employees,2024-08-06,4,StaffSpring for a mid-sized team,We mainly use it for the payroll export. Basic features are locked behind the enterprise plan. They raised the price by 40% with almost no notice. Customer support takes days to reply and rarely fixes anything. Not renewing.,positive
1626,HireCanvas,HR Software,Office Manager,1000+ employees,2024-01-15,2,My take on HireCanvas,Pretty disappointed with HireCanvas overall. We migrated from a legacy system. Setup took weeks and the onboarding was confusing. Look elsewhere.,negative
1627,TaskHarbor,Project Management,Project Manager,1000+ employees,2024-10-03,4,Huge time saver,We evaluated it against two competitors. Documentation is thorough and up to date. The only downside is that the task dependencies could be a bit faster. No complaints about the team workload view. Would recommend to any growing team.,positive
1628,BookBridge,Accounting,Finance Manager,11-50 employees,2025-02-28,2,Avoid this accounting tool,Reporting is very limited and hard to customize. The templates are generic and mostly useless. Look elsewhere.,negative
1629,SendGarden,Email Marketing,Customer Success Manager,51-200 employees,2025-01-11,4,Honest review,Really happy with SendGarden overall. Our IT team handled the rollout. They raised the price by 40% with almost no notice. The mobile app is surprisingly good. The API is well designed and easy to work with. Solid choice.,positive
1630,StaffSpring,HR Software,Product Owner,201-500 employees,2024-12-26,2,StaffSpring review,"The templates are generic and mostly useless. It replaced two other tools for us, which saved money. Automations fail silently, so you never know what broke.",negative
1631,DealNest,CRM,Office Manager,51-200 employees,2025-03-06,2,Huge time saver,We had several outages during business hours. The mobile app is surprisingly good. Never had an issue with billing. Great value.,negative
1632,LedgerLeaf,Accounting,Marketing Specialist,1000+ employees,2025-06-28,2,Two years in,The Slack integration breaks every few weeks. Not renewing.,negative
1633,TicketTide,Help Desk,Operations Lead,501-1000 employees,2024-09-11,2,Frustrating experience,We used TicketTide for about eight months before cancelling. Our account manager disappeared after we signed the contract.,negative
1634,TaskHarbor,Project Management,Office Manager,11-50 employees,2024-01-31,4,Our experience with TaskHarbor,Never had an issue with billing. Customer support answers within minutes and actually solves the problem. Great value.,positive
1635,MetricMint,Analytics,Support Team Lead,11-50 employees,2025-04-15,2,MetricMint review,"Used MetricMint for a year, not renewing. We are on the business plan. The scheduled exports is buggy and loses data occasionally. We had several outages during business hours. To be fair, the data connectors looks nice. Save your money.",negative
1636,InsightForge,Analytics,Sales Manager,11-50 employees,2024-02-14,2,Two years in,Most of our team works remotely. Our team adoption was almost instant.,negative
1637,HelpHive,Help Desk,Office Manager,501-1000 employees,2025-05-29,4,HelpHive review,They raised the price by 40% with almost no notice. Not a single bug in the ticket routing so far. Solid choice.,positive
1638,InboxRocket,Email Marketing,Marketing Specialist,1000+ employees,2024-09-16,1,InboxRocket review,"Our team tried InboxRocket and it did not work out. It replaced two other tools for us, which saved money. We had several outages during business hours. Nothing about the drag-and-drop editor feels finished.",negative
1639,HelpHive,Help Desk,Founder,1-10 employees,2024-03-02,5,Honest review,We rolled out HelpHive to the whole team in under a week. We evaluated it against two competitors. Our account manager disappeared after we signed the contract. New features ship regularly and they listen to feedback. Pricing is fair for what you get.,positive
1640,InsightForge,Analytics,Office Manager,51-200 employees,2024-01-03,4,Solid and fast,We mainly use it for the custom reports. It integrates smoothly with Slack and Google Workspace. The API is well designed and easy to work with. Search actually finds what I'm looking for. Our managers still export everything to Excel. Would recommend to any growing team.,positive
1641,DealNest,CRM,Office Manager,1-10 employees,2025-04-26,1,Thoughts after one year,"Our team tried DealNest and it did not work out. Honestly, our old spreadsheet worked better. Reports are easy to customize and share with management. Half of our team refused to use it. Avoid if you can.",negative
1642,MailMosaic,Email Marketing,Customer Success Manager,1000+ employees,2024-09-11,5,Best email marketing tool we've tried,Reporting could be more flexible. Hard to find anything they could improve. Automations cut a lot of repetitive manual work. Definitely renewing.,positive
1643,MetricMint,Analytics,Sales Manager,51-200 employees,2024-06-03,2,"Looked good, isn't",Our team tried MetricMint and it did not work out. Never had an issue with billing. Importing our old data took three weeks and a consultant. The templates are generic and mostly useless. Not renewing.,negative
1644,InboxRocket,Email Marketing,Founder,1000+ employees,2024-06-25,4,Worth every penny,"Our IT team handled the rollout. Reliable, we've had basically no downtime. The mobile app is surprisingly good. Our managers finally have visibility into what everyone is doing. Our sales calls got longer because the data is scattered. Great value.",positive
1645,StaffSpring,HR Software,Founder,11-50 employees,2024-12-10,2,StaffSpring for a mid-sized team,"StaffSpring looked great in the demo, the reality is different. It integrates smoothly with Slack and Google Workspace. Nothing about the payroll export feels finished.",negative
1646,DealNest,CRM,Finance Manager,501-1000 employees,2024-10-11,4,Worth every penny,I've used DealNest for about two years now. I can't imagine going back to spreadsheets. Not bad at all once you get used to it.,positive
1647,BookBridge,Accounting,CTO,11-50 employees,2025-09-11,4,BookBridge review,"It's fast, even with thousands of records. Importing our old data took three weeks and a consultant. Our team adoption was almost instant.",positive
1648,ChartCove,Analytics,Founder,501-1000 employees,2025-02-01,5,ChartCove for a mid-sized team,We are a team of 277 people. I can't imagine going back to spreadsheets. Our managers finally have visibility into what everyone is doing. Would recommend to any growing team.,positive
1649,PlanBoard,Project Management,Office Manager,501-1000 employees,2025-07-30,4,Our experience with PlanBoard,"Reports are easy to customize and share with management. The mobile app could use some work, but it's fine. The API is well designed and easy to work with.",positive
1650,DealNest,CRM,Marketing Specialist,11-50 employees,2025-08-22,1,"Looked good, isn't","We moved to DealNest last year and regret it. It replaced two other tools for us, which saved money. The pipeline view is clunky and slow to load. The mobile app crashes constantly. Way too expensive for what you get. Look elsewhere.",negative
1651,SendGarden,Email Marketing,Customer Success Manager,11-50 employees,2024-05-06,2,Does the job really well,My one complaint is the price for larger teams. Our managers finally have visibility into what everyone is doing. Documentation is thorough and up to date.,negative
1652,HelpHive,Help Desk,Finance Manager,11-50 employees,2024-02-21,2,Too many bugs,"I wanted to like HelpHive, but it has been a struggle. We evaluated it against two competitors. The shared inbox is clunky and slow to load.",negative
1653,InsightForge,Analytics,Data Analyst,201-500 employees,2024-08-02,1,Disappointed,"Used InsightForge for a year, not renewing. The idea behind the product is good. Half of our team refused to use it. The scheduled exports is buggy and loses data occasionally.",negative
1654,TaskHarbor,Project Management,Project Manager,51-200 employees,2024-07-10,2,Thoughts after one year,We migrated from a legacy system. The kanban boards works exactly as advertised. Our account manager disappeared after we signed the contract. Not renewing.,negative
1655,MetricMint,Analytics,Support Team Lead,1-10 employees,2025-04-24,4,Huge time saver,"We switched to MetricMint last year and haven't looked back. The mobile app could use some work, but it's fine. Automations cut a lot of repetitive manual work.",positive
1656,TaskHarbor,Project Management,Operations Lead,201-500 employees,2024-10-28,4,Love it,"The interface is clean and easy to learn, even for non-technical people. The Gantt chart is intuitive and saves us hours every week. Reporting could be more flexible. It's fast, even with thousands of records.",positive
1657,MailMosaic,Email Marketing,Office Manager,11-50 employees,2024-08-15,4,Our experience with MailMosaic,Reports are easy to customize and share with management. The API is well designed and easy to work with. Not bad at all once you get used to it.,positive
1658,StaffSpring,HR Software,Office Manager,1000+ employees,2024-08-16,4,Worth every penny,The onboarding checklists works exactly as advertised.,positive
1659,PlanBoard,Project Management,Customer Success Manager,501-1000 employees,2025-02-12,2,Honest review,Pretty disappointed with PlanBoard overall. Search almost never finds what I'm looking for. It never syncs correctly with our calendar.,negative
1660,HireCanvas,HR Software,Founder,1-10 employees,2025-04-14,5,Worth every penny,"The onboarding checklists works exactly as advertised. The mobile app could use some work, but it's fine. New features ship regularly and they listen to feedback.",positive
1661,CountWise,Accounting,Project Manager,1000+ employees,2024-11-20,2,Too many bugs,Pretty disappointed with CountWise overall. We are a team of 271 people. The API is poorly documented and rate limits are strict.,negative
1662,DealNest,CRM,Office Manager,501-1000 employees,2025-09-23,1,Slow and clunky,"We had several outages during business hours. Support staff are friendly, just not effective. They raised the price by 40% with almost no notice. Setup took weeks and the onboarding was confusing.",negative
1663,StaffSpring,HR Software,Founder,51-200 employees,2025-08-03,4,Love it,I've used StaffSpring for about two years now. Customer support answers within minutes and actually solves the problem. Definitely renewing.,positive
1664,Sprintly Pro,Project Management,Customer Success Manager,501-1000 employees,2025-07-14,5,Sprintly Pro for a mid-sized team,"We rolled out Sprintly Pro to the whole team in under a week. Documentation is thorough and up to date. It's fast, even with thousands of records. Search actually finds what I'm looking for. Customer support takes days to reply and rarely fixes anything. Would recommend to any growing team.",positive
1665,SendGarden,Email Marketing,Founder,1000+ employees,2025-05-19,2,SendGarden for a mid-sized team,The drag-and-drop editor doesn't work as advertised. Importing our old data took three weeks and a consultant. Not renewing.,negative
1666,StaffSpring,HR Software,Office Manager,201-500 employees,2025-09-10,4,Thoughts after one year,We are a team of 144 people. Reporting could be more flexible. Reports are easy to customize and share with management.,positive
1667,TicketTide,Help Desk,Product Owner,11-50 employees,2024-03-12,2,TicketTide for a mid-sized team,We are a team of 111 people. Not worth the money at all. Our sales calls got longer because the data is scattered. Reporting is very limited and hard to customize.,negative
1668,Pipely,CRM,Operations Lead,51-200 employees,2024-09-20,5,Great tool for our team,We switched to Pipely last year and haven't looked back. Our sales calls are shorter because everything is in one place. My one complaint is the price for larger teams. No complaints about the pipeline view. Our account manager is responsive and genuinely helpful.,positive
1669,InsightForge,Analytics,Account Executive,1000+ employees,2024-02-02,5,Best analytics tool we've tried,"Been a InsightForge customer for 18 months. I can't imagine going back to spreadsheets. Our sales calls are shorter because everything is in one place. The mobile app could use some work, but it's fine. Search actually finds what I'm looking for. Highly recommend.",positive
1670,StaffSpring,HR Software,Founder,201-500 employees,2025-08-03,1,StaffSpring review,"StaffSpring looked great in the demo, the reality is different. We migrated from a legacy system. They raised the price by 40% with almost no notice. Very frustrating experience.",negative
1671,PlanBoard,Project Management,Project Manager,1000+ employees,2024-04-12,4,Easy to use and reliable,We switched to PlanBoard last year and haven't looked back. Our team adoption was almost instant. Definitely renewing.,positive
1672,PeoplePort,HR Software,Founder,201-500 employees,2024-02-28,2,Frustrating experience,"Hard to find anything they do well. The free trial hid most of the problems. Half of our team refused to use it. Support staff are friendly, just not effective. Avoid if you can.",negative
1673,LedgerLeaf,Accounting,Operations Lead,11-50 employees,2025-08-11,5,Best accounting tool we've tried,Most of our team works remotely. I can't imagine going back to spreadsheets. New features ship regularly and they listen to feedback. Great value.,positive
1674,Pipely,CRM,HR Generalist,201-500 employees,2024-02-26,1,Pipely for a mid-sized team,"Used Pipely for a year, not renewing. Most of our team works remotely. They raised the price by 40% with almost no notice. Honestly, our old spreadsheet worked better.",negative
1675,ChartCove,Analytics,Marketing Specialist,1-10 employees,2025-05-20,4,Honest review,Our team adopted ChartCove after trying three other tools. Our IT team handled the rollout. Setup was quick and the onboarding guides were clear. The free trial convinced the whole team. Not worth the money at all. Not bad at all once you get used to it. Highly recommend.,positive
1676,SendGarden,Email Marketing,Project Manager,51-200 employees,2025-09-27,2,Two years in,"The interface is cluttered and hard to navigate. The interface is pretty, I'll give them that. Hard to find anything they do well. Would not recommend.",negative
1677,ChartCove,Analytics,Marketing Specialist,11-50 employees,2024-03-29,5,Easy to use and reliable,ChartCove does exactly what we needed it to do. I use it every day. The mobile app is surprisingly good. The only downside is that the data connectors could be a bit faster. Automations cut a lot of repetitive manual work. Solid choice.,positive
1678,MailMosaic,Email Marketing,Data Analyst,51-200 employees,2024-02-27,5,Solid and fast,We are a team of 98 people. I can't imagine going back to spreadsheets. Pricing is fair for what you get. The list segmentation is clunky and slow to load. It integrates smoothly with Slack and Google Workspace.,positive
1679,TicketTide,Help Desk,CTO,11-50 employees,2024-03-15,5,TicketTide review,No complaints about the shared inbox. Solid choice.,positive
1680,Pipely,CRM,CTO,1000+ employees,2024-09-04,1,Thoughts after one year,"We are currently looking for an alternative to Pipely. We had several outages during business hours. Cancelling was a nightmare, they kept charging us. Support staff are friendly, just not effective.",negative
1681,CountWise,Accounting,Operations Lead,1-10 employees,2024-08-13,4,Thoughts after one year,Our team adopted CountWise after trying three other tools. The templates gave us a head start. Automations cut a lot of repetitive manual work. 5 stars from me.,positive
1682,PeoplePort,HR Software,Data Analyst,1000+ employees,2024-02-03,5,Our experience with PeoplePort,I use it every day. Importing our old data took one afternoon. Great value.,positive
1683,PlanBoard,Project Management,Office Manager,201-500 employees,2025-06-21,1,Thoughts after one year,"We are on the business plan. Automations fail silently, so you never know what broke. The idea behind the product is good.",negative
1684,HelpHive,Help Desk,Data Analyst,1-10 employees,2024-09-25,5,HelpHive review,"Most of our team works remotely. Not cheap, but definitely worth it. The templates gave us a head start. Never had an issue with billing.",positive
1685,ClientOrbit,CRM,Founder,51-200 employees,2025-01-28,5,Solid and fast,The templates gave us a head start. Our managers still export everything to Excel. Our team adoption was almost instant. Definitely renewing.,positive
1686,SendGarden,Email Marketing,Operations Lead,501-1000 employees,2024-05-18,1,Slow and clunky,Pretty disappointed with SendGarden overall. Search almost never finds what I'm looking for. The mobile app crashes constantly.,negative
1687,CountWise,Accounting,Office Manager,1-10 employees,2024-09-17,5,Two years in,The templates gave us a head start. I can't imagine going back to spreadsheets. Solid choice.,positive
1688,Sprintly Pro,Project Management,Office Manager,1-10 employees,2024-07-05,1,Thoughts after one year,"Sprintly Pro looked great in the demo, the reality is different. The Slack integration breaks every few weeks. Setup itself was easy enough. The API is poorly documented and rate limits are strict.",negative
1689,CountWise,Accounting,Sales Manager,501-1000 employees,2025-02-12,2,CountWise for a mid-sized team,"Search almost never finds what I'm looking for. Support staff are friendly, just not effective. Permissions are too rigid for a team our size. Save your money.",negative
1690,MailMosaic,Email Marketing,Sales Manager,1-10 employees,2024-07-18,5,Worth every penny,The API is well designed and easy to work with. The list segmentation is clunky and slow to load. Documentation is thorough and up to date. Great value.,positive
1691,InboxRocket,Email Marketing,Product Owner,1000+ employees,2025-01-30,4,My take on InboxRocket,InboxRocket does exactly what we needed it to do. We migrated from a legacy system. Basic features are locked behind the enterprise plan. Our managers finally have visibility into what everyone is doing. Definitely renewing.,positive
1692,MetricMint,Analytics,Data Analyst,1-10 employees,2024-07-23,1,Honest review,"Pretty disappointed with MetricMint overall. Most of our team works remotely. The API is poorly documented and rate limits are strict. Support staff are friendly, just not effective. Importing our old data took three weeks and a consultant.",negative
1693,TicketTide,Help Desk,Finance Manager,201-500 employees,2024-08-13,1,Avoid this help desk tool,"Used TicketTide for a year, not renewing. The interface is cluttered and hard to navigate. Our managers still export everything to Excel. Nothing about the knowledge base feels finished.",negative
1694,PeoplePort,HR Software,CTO,1-10 employees,2025-04-28,4,My take on PeoplePort,We mainly use it for the org chart. Not a single bug in the performance reviews so far. Reports are easy to customize and share with management. Would recommend to any growing team.,positive
1695,Sprintly Pro,Project Management,Support Team Lead,201-500 employees,2025-06-20,2,Support is non-existent,"Sprintly Pro looked great in the demo, the reality is different. Importing our old data took three weeks and a consultant. The templates are generic and mostly useless. Half of our team refused to use it.",negative
1696,HelpHive,Help Desk,Sales Manager,1-10 employees,2024-07-22,4,Easy to use and reliable,We are a team of 226 people. Not bad at all once you get used to it. Would recommend to any growing team.,positive
1697,HireCanvas,HR Software,Finance Manager,201-500 employees,2025-03-20,5,Love it,"We mainly use it for the performance reviews. It replaced two other tools for us, which saved money. The payroll export works exactly as advertised. They raised the price by 40% with almost no notice. Solid choice.",positive
1698,CountWise,Accounting,Marketing Specialist,1-10 employees,2025-06-01,1,Slow and clunky,"CountWise looked great in the demo, the reality is different. Setup itself was easy enough. Permissions are too rigid for a team our size. Avoid if you can.",negative
1699,TicketTide,Help Desk,Founder,11-50 employees,2025-02-26,2,Frustrating experience,"Pretty disappointed with TicketTide overall. Permissions are too rigid for a team our size. Support staff are friendly, just not effective. Hard to find anything they do well. Avoid if you can.",negative
1700,CountWise,Accounting,Sales Manager,501-1000 employees,2024-07-14,1,Honest review,"We are on the business plan. The tax reports doesn't work as advertised. The interface is clean and easy to learn, even for non-technical people. Avoid if you can.",negative
1701,HireCanvas,HR Software,Operations Lead,201-500 employees,2025-08-05,2,HireCanvas for a mid-sized team,Our IT team handled the rollout. Importing our old data took one afternoon. The Slack integration breaks every few weeks. Our sales calls got longer because the data is scattered. Very frustrating experience.,negative
1702,CountWise,Accounting,Support Team Lead,51-200 employees,2024-06-07,1,Disappointed,The Slack integration breaks every few weeks. The invoicing works exactly as advertised. Would not recommend.,negative
1703,InsightForge,Analytics,Founder,1-10 employees,2024-12-17,2,Avoid this analytics tool,Pricing is fair for what you get. The dashboards is not intuitive at all. Look elsewhere.,negative
1704,TaskHarbor,Project Management,HR Generalist,1-10 employees,2025-06-21,5,Worth every penny,New features ship regularly and they listen to feedback. The mobile app crashes constantly. No complaints about the team workload view. Our account manager is responsive and genuinely helpful. Highly recommend.,positive
1705,TicketTide,Help Desk,Finance Manager,201-500 employees,2025-03-21,5,Our experience with TicketTide,"We rolled out TicketTide to the whole team in under a week. The ticket routing alone is worth the price. It's fast, even with thousands of records. Our team adoption was almost instant. My one complaint is the price for larger teams.",positive
1706,SendGarden,Email Marketing,HR Generalist,201-500 employees,2024-12-29,5,Worth every penny,Been a SendGarden customer for 18 months. Reports are easy to customize and share with management. Our managers finally have visibility into what everyone is doing. Highly recommend.,positive
1707,PlanBoard,Project Management,Data Analyst,501-1000 employees,2025-01-15,5,Does the job really well,Setup was quick and the onboarding guides were clear. Highly recommend.,positive
1708,DealNest,CRM,Founder,1-10 employees,2025-05-13,2,Frustrating experience,"DealNest looked great in the demo, the reality is different. Basic features are locked behind the enterprise plan. The Slack integration breaks every few weeks. Setup took weeks and the onboarding was confusing.",negative
1709,TicketTide,Help Desk,HR Generalist,11-50 employees,2024-07-18,5,My take on TicketTide,"Not a single bug in the shared inbox so far. Honestly, our old spreadsheet worked better. 5 stars from me.",positive
1710,HireCanvas,HR Software,Project Manager,51-200 employees,2024-02-10,4,Thoughts after one year,"Not a single bug in the org chart so far. The mobile app could use some work, but it's fine. Definitely renewing.",positive
1711,LedgerLeaf,Accounting,Customer Success Manager,51-200 employees,2024-03-30,1,Not worth the price,"Used LedgerLeaf for a year, not renewing. Our IT team handled the rollout. Not worth the money at all. Avoid if you can.",negative
1712,PlanBoard,Project Management,Account Executive,1-10 employees,2024-08-30,2,Too many bugs,The API is poorly documented and rate limits are strict. Setup took weeks and the onboarding was confusing.,negative
1713,SupportLoop,Help Desk,Office Manager,1000+ employees,2024-09-13,2,"Looked good, isn't",Our team tried SupportLoop and it did not work out. We are on the business plan. Setup took weeks and the onboarding was confusing. Hard to find anything they could improve. Search almost never finds what I'm looking for.,negative
1714,CountWise,Accounting,Customer Success Manager,501-1000 employees,2024-12-06,2,Avoid this accounting tool,"Used CountWise for a year, not renewing. We mainly use it for the bank reconciliation. Our sales calls got longer because the data is scattered. Importing our old data took three weeks and a consultant.",negative
1715,SupportLoop,Help Desk,Marketing Specialist,501-1000 employees,2024-10-14,5,Honest review,"I've used SupportLoop for about two years now. It's fast, even with thousands of records.",positive
1716,PeoplePort,HR Software,Account Executive,51-200 employees,2024-12-05,2,"Looked good, isn't",Setup took weeks and the onboarding was confusing. Not worth the money at all. Would not recommend.,negative
1717,SendGarden,Email Marketing,CTO,501-1000 employees,2025-07-09,5,Solid and fast,SendGarden has become a core part of our daily workflow. Our IT team handled the rollout. I can't imagine going back to spreadsheets. There is a small learning curve at the start. Not a single bug in the campaign reports so far.,positive
1718,LedgerLeaf,Accounting,Finance Manager,1-10 employees,2024-11-20,4,Worth every penny,LedgerLeaf has become a core part of our daily workflow. The templates gave us a head start. Importing our old data took one afternoon. Definitely renewing.,positive
1719,MailMosaic,Email Marketing,HR Generalist,11-50 employees,2024-04-10,5,Does the job really well,We rolled out MailMosaic to the whole team in under a week. The drag-and-drop editor alone is worth the price. I can't imagine going back to spreadsheets. Hard to find anything they could improve. Solid choice.,positive
1720,InboxRocket,Email Marketing,Marketing Specialist,51-200 employees,2025-02-24,1,Thoughts after one year,Our team tried InboxRocket and it did not work out. We evaluated it against two competitors. Customer support takes days to reply and rarely fixes anything. Permissions are too rigid for a team our size. Importing our old data took three weeks and a consultant.,negative
1721,MetricMint,Analytics,Sales Manager,501-1000 employees,2025-08-13,2,Too many bugs,Our team tried MetricMint and it did not work out. Search almost never finds what I'm looking for.,negative
1722,InsightForge,Analytics,HR Generalist,501-1000 employees,2024-07-03,4,Honest review,"We mainly use it for the dashboards. My one complaint is the price for larger teams. It's fast, even with thousands of records. Customer support answers within minutes and actually solves the problem. Definitely renewing.",positive
1723,MetricMint,Analytics,Sales Manager,1000+ employees,2024-12-28,4,Best analytics tool we've tried,"MetricMint does exactly what we needed it to do. We migrated from a legacy system. Not cheap, but definitely worth it. Way too expensive for what you get.",positive
1724,TicketTide,Help Desk,Product Owner,1-10 employees,2025-02-06,4,Solid and fast,"Not bad at all once you get used to it. Not cheap, but definitely worth it. Our sales calls are shorter because everything is in one place. 5 stars from me.",positive
1725,CountWise,Accounting,Customer Success Manager,501-1000 employees,2024-08-06,5,Solid and fast,"It replaced two other tools for us, which saved money. The mobile app could use some work, but it's fine. The templates gave us a head start. Reports are easy to customize and share with management. Would recommend to any growing team.",positive
1726,MetricMint,Analytics,Finance Manager,51-200 employees,2025-06-05,4,Does the job really well,Really happy with MetricMint overall. Our IT team handled the rollout. Reporting could be more flexible. Pricing is fair for what you get. Search actually finds what I'm looking for.,positive
1727,SupportLoop,Help Desk,Project Manager,1000+ employees,2024-09-30,1,"Looked good, isn't",Search almost never finds what I'm looking for. Our account manager disappeared after we signed the contract.,negative
1728,SendGarden,Email Marketing,Founder,1-10 employees,2025-07-26,4,"Looked good, isn't","Used SendGarden for a year, not renewing. We migrated from a legacy system. The campaign reports is buggy and loses data occasionally. The idea behind the product is good. Importing our old data took three weeks and a consultant. The API is poorly documented and rate limits are strict. Would not recommend.",positive
1729,Pipely,CRM,Sales Manager,1000+ employees,2024-10-23,1,Too many bugs,"Support staff are friendly, just not effective. Permissions are too rigid for a team our size. Honestly, our old spreadsheet worked better. We had several outages during business hours. Very frustrating experience.",negative
1730,HelpHive,Help Desk,Account Executive,1000+ employees,2025-05-30,1,My take on HelpHive,We are a team of 77 people. Setup itself was easy enough. The live chat widget is clunky and slow to load. Not worth the money at all.,negative
1731,InsightForge,Analytics,Product Owner,501-1000 employees,2024-05-09,1,Our experience with InsightForge,"Our team tried InsightForge and it did not work out. The Slack integration breaks every few weeks. Honestly, our old spreadsheet worked better.",negative
1732,TaskHarbor,Project Management,Account Executive,501-1000 employees,2024-03-21,4,Great tool for our team,"I've used TaskHarbor for about two years now. Our IT team handled the rollout. It integrates smoothly with Slack and Google Workspace. Basic features are locked behind the enterprise plan. It's fast, even with thousands of records. Never had an issue with billing. 5 stars from me.",positive
1733,DealNest,CRM,Operations Lead,1-10 employees,2025-03-07,4,Huge time saver,I've used DealNest for about two years now. There is a small learning curve at the start. No complaints about the contact management.,positive
1734,HireCanvas,HR Software,Project Manager,51-200 employees,2024-04-15,2,Frustrating experience,"Our team tried HireCanvas and it did not work out. Support staff are friendly, just not effective. Cancelling was a nightmare, they kept charging us. We had several outages during business hours.",negative
1735,MetricMint,Analytics,Account Executive,1-10 employees,2025-07-17,2,Frustrating experience,We used MetricMint for about eight months before cancelling. Our sales calls got longer because the data is scattered. Our team adoption was almost instant.,negative
1736,HelpHive,Help Desk,Support Team Lead,51-200 employees,2025-04-10,5,My take on HelpHive,Setup was quick and the onboarding guides were clear. The shared inbox is intuitive and saves us hours every week. Definitely renewing.,positive
1737,CountWise,Accounting,Project Manager,51-200 employees,2024-05-19,5,CountWise for a mid-sized team,Most of our team works remotely. Never had an issue with billing. It gets painfully slow once you have a few thousand records.,positive
1738,InsightForge,Analytics,Finance Manager,1000+ employees,2025-01-12,1,InsightForge for a mid-sized team,"We are currently looking for an alternative to InsightForge. The templates are generic and mostly useless. Cancelling was a nightmare, they kept charging us. The API is poorly documented and rate limits are strict. Would not recommend.",negative
1739,TicketTide,Help Desk,Data Analyst,201-500 employees,2025-08-21,1,Thoughts after one year,"We migrated from a legacy system. Setup itself was easy enough. Honestly, our old spreadsheet worked better. Importing our old data took three weeks and a consultant. Very frustrating experience.",negative
1740,ChartCove,Analytics,Customer Success Manager,11-50 employees,2025-09-23,2,Our experience with ChartCove,We moved to ChartCove last year and regret it. We had several outages during business hours. Our sales calls got longer because the data is scattered. Look elsewhere.,negative
1741,MailMosaic,Email Marketing,Customer Success Manager,1-10 employees,2024-04-28,1,Frustrating experience,"MailMosaic looked great in the demo, the reality is different. Most of our team works remotely. The automation workflows doesn't work as advertised. Our managers still export everything to Excel. Way too expensive for what you get. Would not recommend.",negative
1742,TicketTide,Help Desk,Project Manager,1-10 employees,2024-03-15,4,Frustrating experience,"Pretty disappointed with TicketTide overall. The free trial hid most of the problems. Honestly, our old spreadsheet worked better. Setup itself was easy enough.",positive
1743,MetricMint,Analytics,Data Analyst,501-1000 employees,2025-03-31,5,My take on MetricMint,"MetricMint has become a core part of our daily workflow. Most of our team works remotely. Never had an issue with billing. I can't imagine going back to spreadsheets. The mobile app could use some work, but it's fine.",positive
1744,HireCanvas,HR Software,CTO,1000+ employees,2024-02-29,5,Our experience with HireCanvas,We evaluated it against two competitors. It integrates smoothly with Slack and Google Workspace. The mobile app is surprisingly good. Great value.,positive
1745,Pipely,CRM,Operations Lead,1000+ employees,2024-03-08,5,Pipely for a mid-sized team,"The contact management is intuitive and saves us hours every week. Reliable, we've had basically no downtime. Search actually finds what I'm looking for. Documentation is outdated and missing key details. Definitely renewing.",positive
1746,PlanBoard,Project Management,CTO,201-500 employees,2025-07-18,4,Worth every penny,"Our team adopted PlanBoard after trying three other tools. Not a single bug in the kanban boards so far. My one complaint is the price for larger teams. Reliable, we've had basically no downtime.",positive
1747,MetricMint,Analytics,Customer Success Manager,1-10 employees,2024-01-16,4,Our experience with MetricMint,Really happy with MetricMint overall. Most of our team works remotely. Pricing is fair for what you get. Automations cut a lot of repetitive manual work. The dashboards is clunky and slow to load. No complaints about the dashboards. Would recommend to any growing team.,positive
1748,LedgerLeaf,Accounting,Account Executive,51-200 employees,2024-03-20,5,Worth every penny,"I've used LedgerLeaf for about two years now. It's fast, even with thousands of records. It integrates smoothly with Slack and Google Workspace. The mobile app is surprisingly good. 5 stars from me.",positive
1749,InsightForge,Analytics,Support Team Lead,51-200 employees,2024-07-13,2,"Looked good, isn't",Our IT team handled the rollout. The free trial hid most of the problems. The funnel analysis is clunky and slow to load.,negative
1750,MetricMint,Analytics,Operations Lead,501-1000 employees,2024-09-14,1,Support is non-existent,We evaluated it against two competitors. Never had an issue with billing. Customer support takes days to reply and rarely fixes anything. Importing our old data took three weeks and a consultant.,negative
1751,CountWise,Accounting,HR Generalist,51-200 employees,2025-08-21,1,Not worth the price,"We are a team of 47 people. It never syncs correctly with our calendar. Support staff are friendly, just not effective. Very frustrating experience.",negative
1752,Pipely,CRM,Operations Lead,201-500 employees,2025-09-30,2,Two years in,"I wanted to like Pipely, but it has been a struggle. Half of our team refused to use it. To be fair, the email sync looks nice.",negative
1753,MailMosaic,Email Marketing,Data Analyst,201-500 employees,2025-07-12,4,My take on MailMosaic,The API is well designed and easy to work with. The automation workflows alone is worth the price. Great value.,positive
1754,MailMosaic,Email Marketing,Finance Manager,201-500 employees,2024-09-02,5,Great tool for our team,"I've used MailMosaic for about two years now. Reports are easy to customize and share with management. My one complaint is the price for larger teams. The interface is clean and easy to learn, even for non-technical people. Never had an issue with billing.",positive
1755,ChartCove,Analytics,HR Generalist,1-10 employees,2025-03-30,1,"Looked good, isn't","ChartCove looked great in the demo, the reality is different. The funnel analysis doesn't work as advertised. Automations fail silently, so you never know what broke. Setup took weeks and the onboarding was confusing. Save your money.",negative
1756,StaffSpring,HR Software,Product Owner,1000+ employees,2024-04-10,4,My take on StaffSpring,We are a team of 95 people. Our sales calls are shorter because everything is in one place. Would recommend to any growing team.,positive
1757,PlanBoard,Project Management,Founder,201-500 employees,2024-10-18,2,Slow and clunky,We used PlanBoard for about eight months before cancelling. Search actually finds what I'm looking for. Documentation is outdated and missing key details. Very frustrating experience.,negative
1758,MailMosaic,Email Marketing,Project Manager,11-50 employees,2024-10-15,4,Great tool for our team,"Reliable, we've had basically no downtime. Our sales calls are shorter because everything is in one place. My one complaint is the price for larger teams. 5 stars from me.",positive
1759,DealNest,CRM,Support Team Lead,1000+ employees,2024-12-20,2,Disappointed,We are currently looking for an alternative to DealNest. Hard to find anything they do well. Setup itself was easy enough. Basic features are locked behind the enterprise plan. Way too expensive for what you get. Look elsewhere.,negative
1760,PlanBoard,Project Management,Finance Manager,501-1000 employees,2024-01-24,5,Love it,Our sales calls are shorter because everything is in one place. The interface is cluttered and hard to navigate. It integrates smoothly with Slack and Google Workspace.,positive
1761,PlanBoard,Project Management,Sales Manager,501-1000 employees,2025-06-06,4,Worth every penny,The API is well designed and easy to work with. Reporting could be more flexible.,positive
1762,TicketTide,Help Desk,Customer Success Manager,51-200 employees,2025-06-20,2,Slow and clunky,Search almost never finds what I'm looking for. Setup itself was easy enough. Save your money.,negative
1763,SendGarden,Email Marketing,Product Owner,201-500 employees,2024-12-20,1,Our experience with SendGarden,"We used SendGarden for about eight months before cancelling. We migrated from a legacy system. Customer support takes days to reply and rarely fixes anything. Way too expensive for what you get. Cancelling was a nightmare, they kept charging us. Look elsewhere.",negative
1764,BookBridge,Accounting,Support Team Lead,501-1000 employees,2024-10-30,4,BookBridge review,"We rolled out BookBridge to the whole team in under a week. Our managers still export everything to Excel. Automations cut a lot of repetitive manual work. The expense tracking alone is worth the price. The interface is clean and easy to learn, even for non-technical people.",positive
1765,LedgerLeaf,Accounting,HR Generalist,1-10 employees,2024-01-22,4,Love it,"Reliable, we've had basically no downtime. The mobile app could use some work, but it's fine. 5 stars from me.",positive
1766,SendGarden,Email Marketing,Data Analyst,201-500 employees,2025-02-23,2,SendGarden for a mid-sized team,I've used SendGarden for about two years now. Our team adoption was almost instant. Reports are easy to customize and share with management. Our managers finally have visibility into what everyone is doing. My one complaint is the price for larger teams.,negative
1767,TaskHarbor,Project Management,HR Generalist,501-1000 employees,2025-08-15,1,Disappointed,"Our team tried TaskHarbor and it did not work out. They raised the price by 40% with almost no notice. Support staff are friendly, just not effective. Reporting is very limited and hard to customize. Search almost never finds what I'm looking for. Very frustrating experience.",negative
1768,DealNest,CRM,Customer Success Manager,11-50 employees,2024-07-23,2,DealNest review,"We moved to DealNest last year and regret it. Most of our team works remotely. Automations fail silently, so you never know what broke. Setup took weeks and the onboarding was confusing. The free trial hid most of the problems. Very frustrating experience.",negative
1769,SendGarden,Email Marketing,Sales Manager,501-1000 employees,2024-12-10,5,Huge time saver,The only downside is that the drag-and-drop editor could be a bit faster. Reports are easy to customize and share with management. Our sales calls are shorter because everything is in one place.,positive
1770,InboxRocket,Email Marketing,Data Analyst,11-50 employees,2025-08-29,1,Honest review,Customer support takes days to reply and rarely fixes anything. Setup itself was easy enough. Our managers still export everything to Excel.,negative
1771,DealNest,CRM,Data Analyst,1-10 employees,2024-07-22,1,Honest review,We used DealNest for about eight months before cancelling. Permissions are too rigid for a team our size. Our managers finally have visibility into what everyone is doing. Not renewing.,negative
1772,MetricMint,Analytics,Account Executive,51-200 employees,2025-06-29,4,Honest review,Really happy with MetricMint overall. Our IT team handled the rollout. Our account manager disappeared after we signed the contract. New features ship regularly and they listen to feedback. Not a single bug in the scheduled exports so far. Customer support answers within minutes and actually solves the problem.,positive
1773,DealNest,CRM,HR Generalist,501-1000 employees,2025-07-06,1,Our experience with DealNest,Our team tried DealNest and it did not work out. Basic features are locked behind the enterprise plan. New features ship regularly and they listen to feedback.,negative
1774,MetricMint,Analytics,Finance Manager,501-1000 employees,2025-07-16,1,Not worth the price,"MetricMint looked great in the demo, the reality is different. We had several outages during business hours. Hard to find anything they do well. Avoid if you can.",negative
1775,TaskHarbor,Project Management,Support Team Lead,1-10 employees,2025-08-30,4,TaskHarbor for a mid-sized team,Automations cut a lot of repetitive manual work. The task dependencies is intuitive and saves us hours every week. Not a single bug in the Gantt chart so far. Great value.,positive
1776,Sprintly Pro,Project Management,Operations Lead,51-200 employees,2025-09-20,5,Two years in,"We switched to Sprintly Pro last year and haven't looked back. It's fast, even with thousands of records. There is a small learning curve at the start. Definitely renewing.",positive
1777,Sprintly Pro,Project Management,Product Owner,1000+ employees,2024-05-17,1,Frustrating experience,We are currently looking for an alternative to Sprintly Pro. Most of our team works remotely. Half of our team refused to use it. The free trial hid most of the problems. Avoid if you can.,negative
1778,MailMosaic,Email Marketing,Marketing Specialist,501-1000 employees,2024-08-22,5,Our experience with MailMosaic,MailMosaic does exactly what we needed it to do. Not a single bug in the A/B testing so far. The API is well designed and easy to work with. There is a small learning curve at the start. 5 stars from me.,positive
1779,StaffSpring,HR Software,Founder,51-200 employees,2024-03-16,5,Honest review,The mobile app is surprisingly good.,positive
1780,SupportLoop,Help Desk,Finance Manager,1000+ employees,2024-01-05,2,Avoid this help desk tool,Our IT team handled the rollout. The mobile app crashes constantly. Customer support takes days to reply and rarely fixes anything.,negative
1781,BookBridge,Accounting,Office Manager,201-500 employees,2025-09-03,1,Slow and clunky,"Used BookBridge for a year, not renewing. We mainly use it for the multi-currency support. The Slack integration breaks every few weeks. The mobile app crashes constantly. Basic features are locked behind the enterprise plan. Very frustrating experience.",negative
1782,PeoplePort,HR Software,Support Team Lead,1-10 employees,2024-06-10,1,Slow and clunky,We are on the business plan. The API is poorly documented and rate limits are strict. Very frustrating experience.,negative
1783,StaffSpring,HR Software,Finance Manager,1000+ employees,2024-09-29,2,Our experience with StaffSpring,"It gets painfully slow once you have a few thousand records. The payroll export is not intuitive at all. Honestly, our old spreadsheet worked better.",negative
1784,TaskHarbor,Project Management,Sales Manager,11-50 employees,2025-08-15,2,Thoughts after one year,Our team tried TaskHarbor and it did not work out. We are a team of 112 people. Nothing about the time tracking feels finished. The mobile app crashes constantly. The task dependencies is clunky and slow to load.,negative
1785,SupportLoop,Help Desk,Finance Manager,201-500 employees,2024-04-07,5,Solid and fast,"Reliable, we've had basically no downtime. Reporting is very limited and hard to customize. Permissions and roles are flexible enough for our structure.",positive
1786,TicketTide,Help Desk,Support Team Lead,201-500 employees,2025-09-23,2,Two years in,We are currently looking for an alternative to TicketTide. We evaluated it against two competitors. Reporting is very limited and hard to customize. Never had an issue with billing. Half of our team refused to use it. Setup took weeks and the onboarding was confusing. Save your money.,negative
1787,ClientOrbit,CRM,Account Executive,11-50 employees,2024-06-16,2,ClientOrbit review,It gets painfully slow once you have a few thousand records. The pipeline view doesn't work as advertised. We had several outages during business hours. Save your money.,negative
1788,ChartCove,Analytics,Operations Lead,501-1000 employees,2024-02-07,1,Avoid this analytics tool,We mainly use it for the funnel analysis. Our sales calls got longer because the data is scattered. Our account manager disappeared after we signed the contract. The Slack integration breaks every few weeks. Very frustrating experience.,negative
1789,TicketTide,Help Desk,Account Executive,201-500 employees,2025-06-22,2,Thoughts after one year,"We had several outages during business hours. Not cheap, but definitely worth it.",negative
1790,TaskHarbor,Project Management,Product Owner,501-1000 employees,2024-05-07,4,My take on TaskHarbor,We are a team of 116 people. Not a single bug in the task dependencies so far. The mobile app is surprisingly good. Solid choice.,positive
1791,TaskHarbor,Project Management,CTO,201-500 employees,2025-05-23,2,Avoid this project management tool,"We used TaskHarbor for about eight months before cancelling. Support staff are friendly, just not effective. They raised the price by 40% with almost no notice.",negative
1792,SendGarden,Email Marketing,HR Generalist,11-50 employees,2024-07-23,2,Our experience with SendGarden,We are a team of 47 people. Nothing about the automation workflows feels finished. We had several outages during business hours. Basic features are locked behind the enterprise plan.,negative
1793,LedgerLeaf,Accounting,Office Manager,501-1000 employees,2024-08-12,5,Worth every penny,Really happy with LedgerLeaf overall. Setup was quick and the onboarding guides were clear. My one complaint is the price for larger teams. Permissions and roles are flexible enough for our structure. Highly recommend.,positive
1794,BookBridge,Accounting,Founder,51-200 employees,2024-04-23,4,Great tool for our team,"I've used BookBridge for about two years now. Reliable, we've had basically no downtime. Reports are easy to customize and share with management.",positive
1795,MetricMint,Analytics,Founder,1000+ employees,2024-10-13,5,Two years in,"The interface is clean and easy to learn, even for non-technical people.",positive
1796,MetricMint,Analytics,HR Generalist,11-50 employees,2024-12-08,2,Too many bugs,We mainly use it for the scheduled exports. Not worth the money at all. The Slack integration breaks every few weeks.,negative
1797,InboxRocket,Email Marketing,Data Analyst,501-1000 employees,2024-02-27,1,Avoid this email marketing tool,"To be fair, the A/B testing looks nice. They raised the price by 40% with almost no notice. Our account manager disappeared after we signed the contract.",negative
1798,MetricMint,Analytics,Customer Success Manager,11-50 employees,2025-03-15,5,Solid and fast,We rolled out MetricMint to the whole team in under a week. We evaluated it against two competitors. Our team adoption was almost instant. The free trial convinced the whole team. Our managers finally have visibility into what everyone is doing. Great value.,positive
1799,Pipely,CRM,Product Owner,11-50 employees,2024-05-04,1,Pipely review,"Used Pipely for a year, not renewing. Most of our team works remotely. They raised the price by 40% with almost no notice. Our sales calls got longer because the data is scattered. Not worth the money at all. Would not recommend.",negative
1800,SendGarden,Email Marketing,Office Manager,1000+ employees,2025-09-20,5,Great tool for our team,Been a SendGarden customer for 18 months. Permissions and roles are flexible enough for our structure. New features ship regularly and they listen to feedback. Our account manager disappeared after we signed the contract.,positive
1801,SendGarden,Email Marketing,CTO,201-500 employees,2024-03-21,4,Thoughts after one year,"Not cheap, but definitely worth it. 5 stars from me.",positive
1802,SupportLoop,Help Desk,Finance Manager,1-10 employees,2025-07-26,2,SupportLoop for a mid-sized team,Our IT team handled the rollout. The templates gave us a head start. The free trial convinced the whole team. Importing our old data took three weeks and a consultant.,negative
1803,MetricMint,Analytics,HR Generalist,501-1000 employees,2024-10-28,4,MetricMint review,MetricMint does exactly what we needed it to do. The scheduled exports is clunky and slow to load. Not bad at all once you get used to it. Would recommend to any growing team.,positive
1804,LedgerLeaf,Accounting,Customer Success Manager,1000+ employees,2025-08-02,2,Not worth the price,We used LedgerLeaf for about eight months before cancelling. Most of our team works remotely. The invoicing is clunky and slow to load. The templates are generic and mostly useless. The idea behind the product is good. Avoid if you can.,negative
1805,HelpHive,Help Desk,Founder,1-10 employees,2024-01-09,2,Frustrating experience,"The interface is pretty, I'll give them that. We had several outages during business hours. Very frustrating experience.",negative
1806,BookBridge,Accounting,Project Manager,11-50 employees,2024-06-08,4,Thoughts after one year,Customer support answers within minutes and actually solves the problem. 5 stars from me.,positive
1807,InboxRocket,Email Marketing,HR Generalist,201-500 employees,2025-08-22,4,Does the job really well,Most of our team works remotely. Hard to find anything they could improve. Importing our old data took three weeks and a consultant. Search actually finds what I'm looking for. Reports are easy to customize and share with management.,positive
1808,ChartCove,Analytics,Product Owner,1000+ employees,2024-04-14,1,Support is non-existent,"Search almost never finds what I'm looking for. The scheduled exports is intuitive and saves us hours every week. Honestly, our old spreadsheet worked better.",negative
1809,SupportLoop,Help Desk,CTO,51-200 employees,2024-04-19,5,Worth every penny,Our sales calls got longer because the data is scattered. The templates gave us a head start. Would recommend to any growing team.,positive
1810,InsightForge,Analytics,Marketing Specialist,1000+ employees,2024-08-12,4,Best analytics tool we've tried,InsightForge does exactly what we needed it to do. The dashboards is intuitive and saves us hours every week. The scheduled exports is intuitive and saves us hours every week. 5 stars from me.,positive
1811,InboxRocket,Email Marketing,CTO,201-500 employees,2025-08-08,4,Easy to use and reliable,Pricing is fair for what you get. The mobile app is surprisingly good. The interface is cluttered and hard to navigate. Highly recommend.,positive
1812,PlanBoard,Project Management,Project Manager,11-50 employees,2025-07-20,1,Our experience with PlanBoard,"We used PlanBoard for about eight months before cancelling. Our account manager disappeared after we signed the contract. Honestly, our old spreadsheet worked better. Would not recommend.",negative
1813,Pipely,CRM,Product Owner,201-500 employees,2025-09-18,2,My take on Pipely,We are currently looking for an alternative to Pipely. The Slack integration breaks every few weeks.,negative
1814,DealNest,CRM,Data Analyst,1000+ employees,2025-07-07,5,Love it,"The sales reports is intuitive and saves us hours every week. My one complaint is the price for larger teams. It's fast, even with thousands of records.",positive
1815,InsightForge,Analytics,Operations Lead,1000+ employees,2025-03-12,2,InsightForge for a mid-sized team,"I wanted to like InsightForge, but it has been a struggle. I use it every day. Automations fail silently, so you never know what broke. The dashboards is buggy and loses data occasionally. Our managers still export everything to Excel. Very frustrating experience.",negative
1816,InsightForge,Analytics,HR Generalist,11-50 employees,2024-08-14,5,Easy to use and reliable,"Been a InsightForge customer for 18 months. It's fast, even with thousands of records. Reliable, we've had basically no downtime. They raised the price by 40% with almost no notice.",positive
1817,HelpHive,Help Desk,Operations Lead,1-10 employees,2025-08-29,2,Our experience with HelpHive,We are currently looking for an alternative to HelpHive. We evaluated it against two competitors. The API is poorly documented and rate limits are strict. Nothing about the live chat widget feels finished. Avoid if you can.,negative
1818,LedgerLeaf,Accounting,Office Manager,501-1000 employees,2024-12-18,2,Disappointed,We mainly use it for the expense tracking. The free trial hid most of the problems. Setup itself was easy enough. Save your money.,negative
1819,InboxRocket,Email Marketing,Data Analyst,11-50 employees,2024-10-02,4,Thoughts after one year,We switched to InboxRocket last year and haven't looked back. Not a single bug in the campaign reports so far. The mobile app is surprisingly good. 5 stars from me.,positive
1820,DealNest,CRM,Customer Success Manager,501-1000 employees,2024-07-05,1,"Looked good, isn't","We used DealNest for about eight months before cancelling. Customer support takes days to reply and rarely fixes anything. Honestly, our old spreadsheet worked better.",negative
1821,ChartCove,Analytics,Operations Lead,11-50 employees,2024-10-16,1,Avoid this analytics tool,Pretty disappointed with ChartCove overall. We are on the business plan. The Slack integration breaks every few weeks. Setup took weeks and the onboarding was confusing.,negative
1822,BookBridge,Accounting,HR Generalist,501-1000 employees,2024-06-28,1,Two years in,We are currently looking for an alternative to BookBridge. The multi-currency support doesn't work as advertised.,negative
1823,TaskHarbor,Project Management,Data Analyst,1000+ employees,2025-04-22,5,Worth every penny,The only downside is that the Gantt chart could be a bit faster. Automations cut a lot of repetitive manual work. Our managers finally have visibility into what everyone is doing. Highly recommend.,positive
1824,ChartCove,Analytics,Support Team Lead,11-50 employees,2024-06-15,5,Love it,ChartCove has become a core part of our daily workflow. The mobile app is surprisingly good. The templates gave us a head start. 5 stars from me.,positive
1825,MailMosaic,Email Marketing,Data Analyst,201-500 employees,2025-08-04,1,My take on MailMosaic,"Used MailMosaic for a year, not renewing. Most of our team works remotely. Our managers still export everything to Excel. Not worth the money at all.",negative
1826,ChartCove,Analytics,CTO,501-1000 employees,2025-06-25,5,ChartCove for a mid-sized team,The templates gave us a head start. Documentation is thorough and up to date. My one complaint is the price for larger teams. Solid choice.,positive
1827,PlanBoard,Project Management,Finance Manager,1-10 employees,2025-05-02,5,Two years in,There is a small learning curve at the start. Automations cut a lot of repetitive manual work.,positive
1828,CountWise,Accounting,Sales Manager,1-10 employees,2025-06-03,5,Great tool for our team,"CountWise does exactly what we needed it to do. The interface is clean and easy to learn, even for non-technical people. Automations cut a lot of repetitive manual work. The free trial convinced the whole team. 5 stars from me.",positive
1829,SupportLoop,Help Desk,Customer Success Manager,11-50 employees,2025-02-16,4,My take on SupportLoop,Setup was quick and the onboarding guides were clear. Not bad at all once you get used to it. Would recommend to any growing team.,positive
1830,TaskHarbor,Project Management,Data Analyst,501-1000 employees,2024-09-04,4,Great tool for our team,It integrates smoothly with Slack and Google Workspace.,positive
1831,ChartCove,Analytics,Founder,1-10 employees,2025-08-03,4,Huge time saver,"My one complaint is the price for larger teams. It integrates smoothly with Slack and Google Workspace. The interface is clean and easy to learn, even for non-technical people.",positive
1832,HireCanvas,HR Software,Finance Manager,1000+ employees,2024-04-09,1,Not worth the price,"Our IT team handled the rollout. Documentation is outdated and missing key details. The API is poorly documented and rate limits are strict. Permissions are too rigid for a team our size. Support staff are friendly, just not effective.",negative
1833,InboxRocket,Email Marketing,Product Owner,11-50 employees,2024-09-20,4,Best email marketing tool we've tried,"We evaluated it against two competitors. Not a single bug in the A/B testing so far. The mobile app could use some work, but it's fine. It replaced two other tools for us, which saved money. Hard to find anything they could improve. Great value.",positive
1834,TicketTide,Help Desk,Operations Lead,201-500 employees,2024-02-19,4,Easy to use and reliable,The API is well designed and easy to work with. Our managers finally have visibility into what everyone is doing. The API is poorly documented and rate limits are strict.,positive
1835,ClientOrbit,CRM,Account Executive,1000+ employees,2025-01-18,5,ClientOrbit review,Our sales calls are shorter because everything is in one place. Reporting could be more flexible.,positive
1836,DealNest,CRM,Sales Manager,1-10 employees,2024-02-29,1,Frustrating experience,It never syncs correctly with our calendar. Our account manager disappeared after we signed the contract. Very frustrating experience.,negative
1837,DealNest,CRM,Office Manager,51-200 employees,2024-03-19,1,Frustrating experience,We are on the business plan. Documentation is thorough and up to date. Setup took weeks and the onboarding was confusing. Very frustrating experience.,negative
1838,PlanBoard,Project Management,Data Analyst,201-500 employees,2024-04-13,1,Slow and clunky,Pretty disappointed with PlanBoard overall. Our account manager disappeared after we signed the contract. No complaints about the team workload view.,negative
1839,ClientOrbit,CRM,Product Owner,11-50 employees,2025-08-01,2,Not worth the price,Importing our old data took three weeks and a consultant. Setup itself was easy enough. Basic features are locked behind the enterprise plan. They raised the price by 40% with almost no notice. Very frustrating experience.,negative
1840,HelpHive,Help Desk,Product Owner,51-200 employees,2025-05-31,2,HelpHive review,"Most of our team works remotely. Importing our old data took three weeks and a consultant. The interface is pretty, I'll give them that. Save your money.",negative
1841,StaffSpring,HR Software,Project Manager,201-500 employees,2024-12-25,1,Honest review,"StaffSpring looked great in the demo, the reality is different. We evaluated it against two competitors. The PTO tracking doesn't work as advertised.",negative
1842,MailMosaic,Email Marketing,HR Generalist,1-10 employees,2024-04-30,2,Our experience with MailMosaic,We switched to MailMosaic last year and haven't looked back. Not a single bug in the drag-and-drop editor so far. Great value.,negative
1843,BookBridge,Accounting,CTO,501-1000 employees,2024-06-15,4,Worth every penny,The multi-currency support alone is worth the price. The expense tracking works exactly as advertised. Basic features are locked behind the enterprise plan. Great value.,positive
1844,DealNest,CRM,Product Owner,1000+ employees,2025-09-27,5,DealNest for a mid-sized team,"Our IT team handled the rollout. Not cheap, but definitely worth it. 5 stars from me.",positive
1845,ClientOrbit,CRM,Marketing Specialist,201-500 employees,2025-05-24,2,Our experience with ClientOrbit,We are currently looking for an alternative to ClientOrbit. The interface is cluttered and hard to navigate. The idea behind the product is good.,negative
1846,CountWise,Accounting,Marketing Specialist,11-50 employees,2025-06-18,4,My take on CountWise,"We mainly use it for the expense tracking. It replaced two other tools for us, which saved money. Our sales calls are shorter because everything is in one place. Search almost never finds what I'm looking for. The templates gave us a head start. Highly recommend.",positive
1847,PlanBoard,Project Management,Product Owner,51-200 employees,2025-05-02,5,Thoughts after one year,We switched to PlanBoard last year and haven't looked back. Importing our old data took three weeks and a consultant. The team workload view works exactly as advertised. Setup was quick and the onboarding guides were clear. Reports are easy to customize and share with management. 5 stars from me.,positive
1848,SendGarden,Email Marketing,Sales Manager,201-500 employees,2024-09-01,1,Too many bugs,Most of our team works remotely. Reports are easy to customize and share with management. It never syncs correctly with our calendar. The automation workflows is clunky and slow to load. Would not recommend.,negative
1849,PeoplePort,HR Software,Operations Lead,51-200 employees,2025-02-06,5,Great tool for our team,"The API is well designed and easy to work with. Customer support answers within minutes and actually solves the problem. Reliable, we've had basically no downtime. Solid choice.",positive
1850,SendGarden,Email Marketing,Founder,501-1000 employees,2024-07-29,5,Great tool for our team,"The interface is clean and easy to learn, even for non-technical people.",positive
1851,TicketTide,Help Desk,Marketing Specialist,51-200 employees,2025-02-06,2,My take on TicketTide,"Documentation is thorough and up to date. Cancelling was a nightmare, they kept charging us. Reports are easy to customize and share with management. 5 stars from me.",negative
1852,ChartCove,Analytics,Office Manager,201-500 employees,2024-11-21,4,ChartCove review,"Been a ChartCove customer for 18 months. Automations fail silently, so you never know what broke. Search actually finds what I'm looking for.",positive
1853,MailMosaic,Email Marketing,Founder,51-200 employees,2024-04-09,5,Honest review,MailMosaic has become a core part of our daily workflow. Permissions and roles are flexible enough for our structure. The mobile app is surprisingly good.,positive
1854,PlanBoard,Project Management,Data Analyst,501-1000 employees,2024-05-29,2,My take on PlanBoard,We are a team of 280 people. Setup itself was easy enough. Customer support takes days to reply and rarely fixes anything.,negative
1855,CountWise,Accounting,Product Owner,1000+ employees,2024-10-19,2,CountWise for a mid-sized team,"CountWise looked great in the demo, the reality is different. Cancelling was a nightmare, they kept charging us.",negative
1856,Pipely,CRM,Product Owner,501-1000 employees,2024-06-14,4,Our experience with Pipely,I can't imagine going back to spreadsheets. Never had an issue with billing.,positive
1857,PeoplePort,HR Software,Account Executive,501-1000 employees,2024-12-02,2,Thoughts after one year,"PeoplePort looked great in the demo, the reality is different. Cancelling was a nightmare, they kept charging us.",negative
1858,InsightForge,Analytics,Account Executive,51-200 employees,2025-03-29,4,Love it,"The free trial convinced the whole team. Reliable, we've had basically no downtime.",positive
1859,SupportLoop,Help Desk,Operations Lead,51-200 employees,2024-11-10,2,Our experience with SupportLoop,We moved to SupportLoop last year and regret it. Our IT team handled the rollout. Documentation is outdated and missing key details. The API is poorly documented and rate limits are strict.,negative
1860,MailMosaic,Email Marketing,Customer Success Manager,51-200 employees,2024-01-22,1,Slow and clunky,We evaluated it against two competitors. Permissions are too rigid for a team our size. Documentation is outdated and missing key details. Search almost never finds what I'm looking for. Look elsewhere.,negative
1861,Pipely,CRM,Office Manager,1000+ employees,2024-08-17,2,My take on Pipely,Way too expensive for what you get. The email sync is clunky and slow to load. We had several outages during business hours.,negative
1862,Sprintly Pro,Project Management,Support Team Lead,51-200 employees,2025-08-12,2,"Looked good, isn't",We are currently looking for an alternative to Sprintly Pro. It gets painfully slow once you have a few thousand records. Avoid if you can.,negative
1863,BookBridge,Accounting,Customer Success Manager,501-1000 employees,2025-01-12,4,Our experience with BookBridge,The mobile app is surprisingly good. I can't imagine going back to spreadsheets. The only downside is that the multi-currency support could be a bit faster. Our team adoption was almost instant. Would recommend to any growing team.,positive
1864,HireCanvas,HR Software,Support Team Lead,501-1000 employees,2025-03-23,1,Frustrating experience,"The interface is pretty, I'll give them that. They raised the price by 40% with almost no notice. The performance reviews is not intuitive at all.",negative
1865,MailMosaic,Email Marketing,Sales Manager,501-1000 employees,2025-01-05,1,Slow and clunky,Documentation is outdated and missing key details. Basic features are locked behind the enterprise plan. Save your money.,negative
1866,LedgerLeaf,Accounting,Customer Success Manager,11-50 employees,2025-01-13,5,Love it,The invoicing works exactly as advertised. Search actually finds what I'm looking for. Our account manager is responsive and genuinely helpful. The free trial hid most of the problems. Would recommend to any growing team.,positive
1867,Sprintly Pro,Project Management,Marketing Specialist,51-200 employees,2025-03-30,4,Sprintly Pro review,Sprintly Pro has become a core part of our daily workflow. The time tracking is intuitive and saves us hours every week. Customer support answers within minutes and actually solves the problem. Not a single bug in the task dependencies so far.,positive
1868,InsightForge,Analytics,Finance Manager,201-500 employees,2024-05-18,4,Best analytics tool we've tried,We are on the business plan. Our managers finally have visibility into what everyone is doing. My one complaint is the price for larger teams. No complaints about the funnel analysis.,positive
1869,PlanBoard,Project Management,Operations Lead,11-50 employees,2025-02-07,4,Does the job really well,We rolled out PlanBoard to the whole team in under a week. We mainly use it for the task dependencies. Our managers finally have visibility into what everyone is doing. Customer support answers within minutes and actually solves the problem. Solid choice.,positive
1870,MetricMint,Analytics,Account Executive,11-50 employees,2025-08-25,1,Two years in,Setup took weeks and the onboarding was confusing. Avoid if you can.,negative
1871,Sprintly Pro,Project Management,Marketing Specialist,51-200 employees,2024-10-20,4,Great tool for our team,Been a Sprintly Pro customer for 18 months. The task dependencies is intuitive and saves us hours every week. Setup was quick and the onboarding guides were clear. Definitely renewing.,positive
1872,HireCanvas,HR Software,Project Manager,51-200 employees,2025-06-24,2,HireCanvas for a mid-sized team,I use it every day. Setup was quick and the onboarding guides were clear. Search almost never finds what I'm looking for. Hard to find anything they do well. Not worth the money at all. Avoid if you can.,negative
1873,PlanBoard,Project Management,HR Generalist,201-500 employees,2024-08-21,4,Love it,I've used PlanBoard for about two years now. We evaluated it against two competitors. Not bad at all once you get used to it. Customer support answers within minutes and actually solves the problem. Our team adoption was almost instant. Definitely renewing.,positive
1874,Sprintly Pro,Project Management,Customer Success Manager,501-1000 employees,2025-03-16,1,Our experience with Sprintly Pro,Setup took weeks and the onboarding was confusing. Very frustrating experience.,negative
1875,TaskHarbor,Project Management,Customer Success Manager,1000+ employees,2024-10-31,5,Love it,I use it every day. Hard to find anything they could improve. There is a small learning curve at the start. The API is well designed and easy to work with. Never had an issue with billing.,positive
1876,BookBridge,Accounting,Customer Success Manager,201-500 employees,2025-06-08,2,Support is non-existent,"BookBridge looked great in the demo, the reality is different. Our managers still export everything to Excel.",negative
1877,MailMosaic,Email Marketing,Founder,11-50 employees,2024-08-01,4,Does the job really well,"It replaced two other tools for us, which saved money.",positive
1878,LedgerLeaf,Accounting,CTO,51-200 employees,2025-01-07,5,Honest review,The mobile app is surprisingly good. Our sales calls got longer because the data is scattered. Definitely renewing.,positive
1879,CountWise,Accounting,Operations Lead,1-10 employees,2025-08-18,4,Solid and fast,"We rolled out CountWise to the whole team in under a week. Permissions and roles are flexible enough for our structure. It replaced two other tools for us, which saved money. Highly recommend.",positive
1880,Sprintly Pro,Project Management,Operations Lead,201-500 employees,2025-07-30,4,Sprintly Pro for a mid-sized team,Sprintly Pro has become a core part of our daily workflow. It integrates smoothly with Slack and Google Workspace. It gets painfully slow once you have a few thousand records. No complaints about the team workload view. I can't imagine going back to spreadsheets.,positive
1881,ClientOrbit,CRM,Sales Manager,1000+ employees,2025-05-11,2,ClientOrbit review,They raised the price by 40% with almost no notice. Our sales calls got longer because the data is scattered.,negative
1882,PlanBoard,Project Management,Founder,11-50 employees,2024-04-05,4,Does the job really well,It integrates smoothly with Slack and Google Workspace. Not worth the money at all.,positive
1883,DealNest,CRM,HR Generalist,51-200 employees,2024-08-30,1,DealNest for a mid-sized team,"To be fair, the email sync looks nice. Permissions are too rigid for a team our size. Automations fail silently, so you never know what broke. Not renewing.",negative
1884,BookBridge,Accounting,Marketing Specialist,501-1000 employees,2025-06-03,2,Disappointed,The expense tracking doesn't work as advertised. Would not recommend.,negative
1885,InsightForge,Analytics,Customer Success Manager,1-10 employees,2024-06-19,4,Huge time saver,"Our team adopted InsightForge after trying three other tools. Not bad at all once you get used to it. Reliable, we've had basically no downtime. 5 stars from me.",positive
1886,CountWise,Accounting,Marketing Specialist,51-200 employees,2024-12-06,5,Great tool for our team,My one complaint is the price for larger teams. The templates gave us a head start. Solid choice.,positive
1887,HireCanvas,HR Software,Office Manager,1-10 employees,2024-06-11,1,HireCanvas review,We migrated from a legacy system. The Slack integration breaks every few weeks. The onboarding checklists is clunky and slow to load. The interface is cluttered and hard to navigate.,negative
1888,Sprintly Pro,Project Management,Founder,1-10 employees,2024-03-11,2,Sprintly Pro for a mid-sized team,Our team tried Sprintly Pro and it did not work out. The API is poorly documented and rate limits are strict. The Slack integration breaks every few weeks. Way too expensive for what you get.,negative
1889,MetricMint,Analytics,Sales Manager,501-1000 employees,2025-04-10,4,Thoughts after one year,We rolled out MetricMint to the whole team in under a week. Permissions and roles are flexible enough for our structure. The only downside is that the dashboards could be a bit faster.,positive
1890,LedgerLeaf,Accounting,Sales Manager,11-50 employees,2024-09-10,2,Thoughts after one year,"LedgerLeaf looked great in the demo, the reality is different. Automations fail silently, so you never know what broke. The idea behind the product is good. The API is poorly documented and rate limits are strict.",negative
1891,MailMosaic,Email Marketing,CTO,1-10 employees,2025-02-20,5,Worth every penny,We rolled out MailMosaic to the whole team in under a week. Our IT team handled the rollout. It integrates smoothly with Slack and Google Workspace. Our team adoption was almost instant. 5 stars from me.,positive
1892,InboxRocket,Email Marketing,HR Generalist,51-200 employees,2024-10-17,2,InboxRocket review,We moved to InboxRocket last year and regret it. Our IT team handled the rollout. Automations cut a lot of repetitive manual work. The free trial hid most of the problems.,negative
1893,CountWise,Accounting,Founder,11-50 employees,2024-08-21,1,Avoid this accounting tool,Our IT team handled the rollout. Nothing about the expense tracking feels finished. The bank reconciliation is buggy and loses data occasionally. Not renewing.,negative
1894,ChartCove,Analytics,Finance Manager,1-10 employees,2025-05-24,1,ChartCove review,"I use it every day. Automations fail silently, so you never know what broke. Basic features are locked behind the enterprise plan. The interface is pretty, I'll give them that. Look elsewhere.",negative
1895,SupportLoop,Help Desk,CTO,501-1000 employees,2025-09-06,1,SupportLoop for a mid-sized team,"Most of our team works remotely. Support staff are friendly, just not effective. Permissions are too rigid for a team our size. Would not recommend.",negative
1896,ChartCove,Analytics,Finance Manager,1000+ employees,2025-04-16,2,My take on ChartCove,"We mainly use it for the custom reports. The interface is pretty, I'll give them that. It gets painfully slow once you have a few thousand records.",negative
1897,Pipely,CRM,Finance Manager,1-10 employees,2025-04-20,5,Great tool for our team,"Pipely does exactly what we needed it to do. We are on the business plan. It replaced two other tools for us, which saved money. It integrates smoothly with Slack and Google Workspace. Highly recommend.",positive
1898,BookBridge,Accounting,Marketing Specialist,1-10 employees,2025-09-01,5,Best accounting tool we've tried,Our team adopted BookBridge after trying three other tools. We migrated from a legacy system. Setup was quick and the onboarding guides were clear. The invoicing alone is worth the price.,positive
1899,InsightForge,Analytics,Support Team Lead,1-10 employees,2024-08-11,1,InsightForge review,Nothing about the dashboards feels finished. Not bad at all once you get used to it.,negative
1900,TaskHarbor,Project Management,Data Analyst,201-500 employees,2024-11-20,5,Does the job really well,"Been a TaskHarbor customer for 18 months. Reporting could be more flexible. Not cheap, but definitely worth it.",positive
1901,HireCanvas,HR Software,Support Team Lead,11-50 employees,2024-07-08,5,My take on HireCanvas,"We are a team of 90 people. It's fast, even with thousands of records. The mobile app could use some work, but it's fine. Importing our old data took one afternoon. Our sales calls are shorter because everything is in one place. Solid choice.",
1902,Pipely,CRM,Finance Manager,51-200 employees,2025-02-06,2,Slow and clunky,Setup itself was easy enough. Reporting is very limited and hard to customize. The deal tracking is buggy and loses data occasionally. It never syncs correctly with our calendar.,
1903,SupportLoop,Help Desk,Founder,201-500 employees,2025-01-07,4,Solid and fast,The mobile app is surprisingly good. Reporting could be more flexible. The free trial convinced the whole team. Reports are easy to customize and share with management.,
1904,HelpHive,Help Desk,Data Analyst,201-500 employees,2024-08-08,1,Not worth the price,"Our IT team handled the rollout. Our managers still export everything to Excel. Automations fail silently, so you never know what broke. Reports are easy to customize and share with management.",
1905,Sprintly Pro,Project Management,Data Analyst,11-50 employees,2024-05-13,4,Sprintly Pro review,The kanban boards is intuitive and saves us hours every week.,
1906,TicketTide,Help Desk,Founder,51-200 employees,2024-12-25,5,Best help desk tool we've tried,The live chat widget is intuitive and saves us hours every week. There is a small learning curve at the start. Pricing is fair for what you get.,
1907,SupportLoop,Help Desk,Data Analyst,1000+ employees,2024-04-03,4,Best help desk tool we've tried,SupportLoop does exactly what we needed it to do. We are a team of 125 people. The templates gave us a head start. Importing our old data took one afternoon.,
1908,InboxRocket,Email Marketing,Sales Manager,501-1000 employees,2024-03-19,1,Two years in,The automation workflows doesn't work as advertised. The A/B testing is clunky and slow to load. The idea behind the product is good. Avoid if you can.,
1909,PeoplePort,HR Software,Data Analyst,1-10 employees,2024-08-17,5,Worth every penny,We mainly use it for the performance reviews. Setup was quick and the onboarding guides were clear. The onboarding checklists works exactly as advertised.,
1910,LedgerLeaf,Accounting,Finance Manager,51-200 employees,2025-01-16,2,Our experience with LedgerLeaf,"Used LedgerLeaf for a year, not renewing. Setup itself was easy enough. The Slack integration breaks every few weeks. Basic features are locked behind the enterprise plan. Save your money.",
1911,MailMosaic,Email Marketing,Product Owner,201-500 employees,2024-08-06,4,MailMosaic review,"I've used MailMosaic for about two years now. The mobile app could use some work, but it's fine. Not cheap, but definitely worth it. Would recommend to any growing team.",
1912,ClientOrbit,CRM,CTO,501-1000 employees,2025-08-05,1,Not worth the price,"We migrated from a legacy system. Automations fail silently, so you never know what broke. Importing our old data took three weeks and a consultant. Our managers still export everything to Excel.",
1913,MetricMint,Analytics,HR Generalist,11-50 employees,2024-06-09,4,Love it,"We rolled out MetricMint to the whole team in under a week. We evaluated it against two competitors. Reporting is very limited and hard to customize. The interface is clean and easy to learn, even for non-technical people. Our sales calls are shorter because everything is in one place.",
1914,InsightForge,Analytics,Marketing Specialist,11-50 employees,2024-05-17,1,Our experience with InsightForge,"I wanted to like InsightForge, but it has been a struggle. The interface is pretty, I'll give them that. Automations fail silently, so you never know what broke. Nothing about the dashboards feels finished. Nothing about the custom reports feels finished.",
1915,MailMosaic,Email Marketing,Support Team Lead,1000+ employees,2024-09-03,2,Solid and fast,"Been a MailMosaic customer for 18 months. It replaced two other tools for us, which saved money. Never had an issue with billing. Definitely renewing.",
1916,TaskHarbor,Project Management,Data Analyst,1000+ employees,2025-01-17,1,TaskHarbor review,Setup took weeks and the onboarding was confusing. Hard to find anything they do well. Not renewing.,
1917,ClientOrbit,CRM,Project Manager,1000+ employees,2025-06-18,2,"Looked good, isn't","ClientOrbit looked great in the demo, the reality is different. The contact management is buggy and loses data occasionally. It never syncs correctly with our calendar. Support staff are friendly, just not effective. Our account manager disappeared after we signed the contract. Not renewing.",
1918,BookBridge,Accounting,Data Analyst,51-200 employees,2024-03-17,5,BookBridge review,We are on the business plan. Customer support answers within minutes and actually solves the problem. 5 stars from me.,
1919,Sprintly Pro,Project Management,Project Manager,1000+ employees,2025-03-18,2,Disappointed,"Sprintly Pro looked great in the demo, the reality is different. I use it every day. The mobile app is surprisingly good. Our sales calls got longer because the data is scattered. The task dependencies is not intuitive at all. Not renewing.",
1920,Pipely,CRM,CTO,501-1000 employees,2024-03-22,4,Solid and fast,"Never had an issue with billing. Reliable, we've had basically no downtime.",
1921,PlanBoard,Project Management,CTO,1000+ employees,2025-08-21,4,Honest review,We rolled out PlanBoard to the whole team in under a week. Reporting could be more flexible. Documentation is thorough and up to date. Reports are easy to customize and share with management.,
1922,Sprintly Pro,Project Management,Office Manager,11-50 employees,2025-07-31,5,Sprintly Pro review,"Really happy with Sprintly Pro overall. Reporting could be more flexible. It replaced two other tools for us, which saved money.",
1923,TaskHarbor,Project Management,Operations Lead,501-1000 employees,2024-09-09,1,TaskHarbor review,"We mainly use it for the kanban boards. Cancelling was a nightmare, they kept charging us. To be fair, the kanban boards looks nice.",
1924,Sprintly Pro,Project Management,Office Manager,201-500 employees,2025-01-19,5,Huge time saver,"Our team adopted Sprintly Pro after trying three other tools. We migrated from a legacy system. It replaced two other tools for us, which saved money. Importing our old data took one afternoon.",
1925,SupportLoop,Help Desk,Sales Manager,201-500 employees,2024-02-20,4,Our experience with SupportLoop,"I've used SupportLoop for about two years now. The interface is clean and easy to learn, even for non-technical people. Our sales calls are shorter because everything is in one place. Would recommend to any growing team.",
1926,HireCanvas,HR Software,Office Manager,201-500 employees,2024-04-21,5,Solid and fast,The templates gave us a head start. Great value.,
1927,HireCanvas,HR Software,Support Team Lead,1-10 employees,2024-07-28,5,Worth every penny,HireCanvas does exactly what we needed it to do. Our sales calls are shorter because everything is in one place. Importing our old data took one afternoon. Automations cut a lot of repetitive manual work. 5 stars from me.,
1928,TaskHarbor,Project Management,HR Generalist,201-500 employees,2025-05-21,1,Frustrating experience,"Used TaskHarbor for a year, not renewing. We are on the business plan. Search almost never finds what I'm looking for.",
1929,SendGarden,Email Marketing,Founder,201-500 employees,2025-07-16,4,Best email marketing tool we've tried,Most of our team works remotely. The mobile app is surprisingly good. Our sales calls are shorter because everything is in one place. Definitely renewing.,
1930,PeoplePort,HR Software,Data Analyst,1000+ employees,2024-09-07,5,Huge time saver,"Our sales calls are shorter because everything is in one place. Not cheap, but definitely worth it. The onboarding checklists alone is worth the price.",
1931,HelpHive,Help Desk,CTO,1-10 employees,2024-07-17,2,Easy to use and reliable,We are on the business plan. No complaints about the ticket routing. There is a small learning curve at the start. The shared inbox alone is worth the price.,
1932,InsightForge,Analytics,Support Team Lead,11-50 employees,2025-02-20,4,Does the job really well,I use it every day. The API is well designed and easy to work with. Reporting is very limited and hard to customize. The free trial convinced the whole team.,
1933,ClientOrbit,CRM,HR Generalist,1-10 employees,2024-08-23,4,Easy to use and reliable,Really happy with ClientOrbit overall. Not a single bug in the pipeline view so far.,
1934,StaffSpring,HR Software,CTO,1-10 employees,2025-04-17,2,StaffSpring review,"Most of our team works remotely. Our sales calls got longer because the data is scattered. The Slack integration breaks every few weeks. It replaced two other tools for us, which saved money. Save your money.",
1935,ClientOrbit,CRM,Support Team Lead,11-50 employees,2025-08-26,4,Honest review,Not a single bug in the pipeline view so far. New features ship regularly and they listen to feedback. The contact management alone is worth the price. My one complaint is the price for larger teams. Highly recommend.,
1936,InsightForge,Analytics,Project Manager,1-10 employees,2024-11-26,1,"Looked good, isn't",Our IT team handled the rollout. The funnel analysis is buggy and loses data occasionally. Not renewing.,
1937,Sprintly Pro,Project Management,Marketing Specialist,11-50 employees,2025-01-31,5,Our experience with Sprintly Pro,Customer support answers within minutes and actually solves the problem. Reporting could be more flexible. Our sales calls are shorter because everything is in one place. Documentation is thorough and up to date. Would recommend to any growing team.,
1938,PlanBoard,Project Management,CTO,501-1000 employees,2025-01-01,5,Solid and fast,We rolled out PlanBoard to the whole team in under a week. We migrated from a legacy system. Reports are easy to customize and share with management. 5 stars from me.,
1939,MetricMint,Analytics,Finance Manager,201-500 employees,2025-03-11,2,Too many bugs,"Automations fail silently, so you never know what broke.",
1940,BookBridge,Accounting,Office Manager,1-10 employees,2024-05-25,2,BookBridge for a mid-sized team,We migrated from a legacy system. Setup took weeks and the onboarding was confusing. Permissions are too rigid for a team our size. It gets painfully slow once you have a few thousand records. Very frustrating experience.,
1941,PlanBoard,Project Management,Office Manager,11-50 employees,2025-03-22,1,Honest review,"Cancelling was a nightmare, they kept charging us. The mobile app crashes constantly. Support staff are friendly, just not effective. Automations fail silently, so you never know what broke.",
1942,TicketTide,Help Desk,Operations Lead,501-1000 employees,2024-10-06,4,Solid and fast,The SLA tracking alone is worth the price.,
1943,SendGarden,Email Marketing,Sales Manager,201-500 employees,2025-04-15,1,Frustrating experience,Our team tried SendGarden and it did not work out. We are a team of 75 people. No complaints about the list segmentation. Way too expensive for what you get. Look elsewhere.,
1944,InsightForge,Analytics,Operations Lead,1-10 employees,2024-04-15,5,Love it,"We switched to InsightForge last year and haven't looked back. We are on the business plan. Not cheap, but definitely worth it. Reliable, we've had basically no downtime. Not a single bug in the custom reports so far. Search almost never finds what I'm looking for. Would recommend to any growing team.",
1945,ClientOrbit,CRM,Customer Success Manager,501-1000 employees,2025-09-28,2,Thoughts after one year,"ClientOrbit looked great in the demo, the reality is different. It gets painfully slow once you have a few thousand records. Importing our old data took one afternoon. Very frustrating experience.",
1946,PlanBoard,Project Management,Customer Success Manager,1000+ employees,2025-09-08,5,Honest review,Been a PlanBoard customer for 18 months. Our team adoption was almost instant. Search actually finds what I'm looking for. The free trial convinced the whole team. Definitely renewing.,
1947,TicketTide,Help Desk,Project Manager,11-50 employees,2024-11-02,1,Frustrating experience,"I wanted to like TicketTide, but it has been a struggle. Reporting is very limited and hard to customize.",
1948,InsightForge,Analytics,Data Analyst,11-50 employees,2025-09-11,2,Not worth the price,"Used InsightForge for a year, not renewing. Setup took weeks and the onboarding was confusing. Look elsewhere.",
1949,Sprintly Pro,Project Management,Office Manager,51-200 employees,2024-04-09,4,My take on Sprintly Pro,"Most of our team works remotely. It replaced two other tools for us, which saved money. Highly recommend.",
1950,MetricMint,Analytics,CTO,51-200 employees,2024-05-11,2,Too many bugs,We used MetricMint for about eight months before cancelling. The data connectors is not intuitive at all. It gets painfully slow once you have a few thousand records. The idea behind the product is good.,
1951,InsightForge,Analytics,Account Executive,201-500 employees,2024-10-24,4,Huge time saver,"Reports are easy to customize and share with management. The templates gave us a head start. The custom reports alone is worth the price. Automations fail silently, so you never know what broke. Solid choice.",
1952,StaffSpring,HR Software,Project Manager,201-500 employees,2024-06-30,4,Honest review,Reporting could be more flexible. Documentation is thorough and up to date. Never had an issue with billing. Definitely renewing.,
1953,SupportLoop,Help Desk,Account Executive,1-10 employees,2024-09-17,4,Easy to use and reliable,"I've used SupportLoop for about two years now. My one complaint is the price for larger teams. The interface is clean and easy to learn, even for non-technical people. The API is well designed and easy to work with. Not a single bug in the live chat widget so far.",
1954,PlanBoard,Project Management,Project Manager,501-1000 employees,2024-02-20,2,Our experience with PlanBoard,Our team tried PlanBoard and it did not work out. Search almost never finds what I'm looking for. The idea behind the product is good. We had several outages during business hours. Save your money.,
1955,ClientOrbit,CRM,CTO,201-500 employees,2024-11-17,1,"Looked good, isn't",The templates are generic and mostly useless. Customer support takes days to reply and rarely fixes anything. Setup itself was easy enough. Our account manager disappeared after we signed the contract. Save your money.,
1956,MailMosaic,Email Marketing,Data Analyst,201-500 employees,2025-03-05,5,Two years in,Our account manager is responsive and genuinely helpful. There is a small learning curve at the start. Customer support answers within minutes and actually solves the problem. No complaints about the list segmentation. 5 stars from me.,
1957,StaffSpring,HR Software,Product Owner,501-1000 employees,2024-07-20,1,Too many bugs,"StaffSpring looked great in the demo, the reality is different. We mainly use it for the payroll export. Cancelling was a nightmare, they kept charging us. Save your money.",
1958,InsightForge,Analytics,HR Generalist,201-500 employees,2025-06-13,2,Two years in,"Basic features are locked behind the enterprise plan. The dashboards doesn't work as advertised. Support staff are friendly, just not effective. The Slack integration breaks every few weeks. Very frustrating experience.",
1959,TicketTide,Help Desk,CTO,501-1000 employees,2024-07-21,4,Easy to use and reliable,Our team adopted TicketTide after trying three other tools. We are on the business plan. New features ship regularly and they listen to feedback. Definitely renewing.,
1960,HireCanvas,HR Software,Operations Lead,1-10 employees,2024-12-25,4,Two years in,Our team adoption was almost instant.,
1961,ChartCove,Analytics,Account Executive,51-200 employees,2024-06-11,4,Honest review,"We are on the business plan. Our account manager is responsive and genuinely helpful. Cancelling was a nightmare, they kept charging us. The API is well designed and easy to work with. The dashboards alone is worth the price. Definitely renewing.",
1962,MailMosaic,Email Marketing,Office Manager,11-50 employees,2025-10-01,2,Avoid this email marketing tool,We used MailMosaic for about eight months before cancelling. The automation workflows is buggy and loses data occasionally. Half of our team refused to use it. Setup itself was easy enough. The interface is cluttered and hard to navigate. Would not recommend.,
1963,ChartCove,Analytics,Founder,51-200 employees,2024-08-15,2,Not worth the price,"We are on the business plan. The interface is clean and easy to learn, even for non-technical people. Way too expensive for what you get. The scheduled exports doesn't work as advertised.",
1964,StaffSpring,HR Software,Customer Success Manager,1000+ employees,2025-07-02,4,Great tool for our team,Customer support answers within minutes and actually solves the problem. Highly recommend.,
1965,ChartCove,Analytics,Customer Success Manager,1-10 employees,2025-08-19,1,Our experience with ChartCove,Documentation is outdated and missing key details. Our managers still export everything to Excel. Save your money.,
1966,SupportLoop,Help Desk,Product Owner,1-10 employees,2025-05-22,1,Slow and clunky,We moved to SupportLoop last year and regret it. We evaluated it against two competitors. The idea behind the product is good. Our sales calls got longer because the data is scattered. Importing our old data took three weeks and a consultant. Save your money.,
1967,PlanBoard,Project Management,Finance Manager,1-10 employees,2024-07-28,4,Two years in,The team workload view is intuitive and saves us hours every week.,
1968,InsightForge,Analytics,Finance Manager,51-200 employees,2025-08-14,4,Worth every penny,We mainly use it for the scheduled exports. Not a single bug in the dashboards so far. Documentation is thorough and up to date. Setup was quick and the onboarding guides were clear.,
1969,ClientOrbit,CRM,Sales Manager,201-500 employees,2024-04-13,1,ClientOrbit review,"We migrated from a legacy system. The email sync is not intuitive at all. They raised the price by 40% with almost no notice. Our account manager disappeared after we signed the contract. Support staff are friendly, just not effective.",
1970,MailMosaic,Email Marketing,Sales Manager,201-500 employees,2024-01-22,2,Thoughts after one year,Pretty disappointed with MailMosaic overall. I use it every day. Search almost never finds what I'm looking for. Importing our old data took one afternoon. The interface is cluttered and hard to navigate.,
1971,CountWise,Accounting,Customer Success Manager,501-1000 employees,2025-02-21,5,Worth every penny,CountWise has become a core part of our daily workflow. Permissions and roles are flexible enough for our structure. Not bad at all once you get used to it. Basic features are locked behind the enterprise plan.,
1972,SendGarden,Email Marketing,Customer Success Manager,1-10 employees,2024-09-26,4,Great tool for our team,It integrates smoothly with Slack and Google Workspace. Our sales calls are shorter because everything is in one place. Reports are easy to customize and share with management. 5 stars from me.,
1973,CountWise,Accounting,Finance Manager,201-500 employees,2024-12-17,5,Easy to use and reliable,"The interface is clean and easy to learn, even for non-technical people. Pricing is fair for what you get.",
1974,SupportLoop,Help Desk,Support Team Lead,51-200 employees,2024-03-13,4,Best help desk tool we've tried,"Search actually finds what I'm looking for. It's fast, even with thousands of records. My one complaint is the price for larger teams. Definitely renewing.",
1975,InsightForge,Analytics,Marketing Specialist,1000+ employees,2024-09-01,4,Does the job really well,It gets painfully slow once you have a few thousand records. The API is well designed and easy to work with.,
1976,PeoplePort,HR Software,Product Owner,1000+ employees,2024-10-08,2,PeoplePort for a mid-sized team,We moved to PeoplePort last year and regret it. Not worth the money at all. The payroll export doesn't work as advertised. Reports are easy to customize and share with management. Hard to find anything they do well. Avoid if you can.,
1977,TicketTide,Help Desk,Product Owner,11-50 employees,2024-03-25,1,"Looked good, isn't","Pretty disappointed with TicketTide overall. Cancelling was a nightmare, they kept charging us. Setup itself was easy enough.",
1978,StaffSpring,HR Software,Data Analyst,51-200 employees,2024-01-04,1,Too many bugs,We evaluated it against two competitors. The idea behind the product is good. The payroll export doesn't work as advertised. We had several outages during business hours. Avoid if you can.,
1979,PlanBoard,Project Management,Product Owner,11-50 employees,2025-07-18,1,My take on PlanBoard,Most of our team works remotely. Basic features are locked behind the enterprise plan. We had several outages during business hours. Our account manager disappeared after we signed the contract.,
1980,HelpHive,Help Desk,Founder,1000+ employees,2024-08-07,5,HelpHive for a mid-sized team,Most of our team works remotely. The ticket routing alone is worth the price. 5 stars from me.,
1981,SendGarden,Email Marketing,Data Analyst,1000+ employees,2024-04-27,5,SendGarden review,We evaluated it against two competitors. It integrates smoothly with Slack and Google Workspace. Permissions are too rigid for a team our size. I can't imagine going back to spreadsheets. Search actually finds what I'm looking for.,
1982,LedgerLeaf,Accounting,Sales Manager,1000+ employees,2024-08-08,4,Does the job really well,We switched to LedgerLeaf last year and haven't looked back. It integrates smoothly with Slack and Google Workspace. Not bad at all once you get used to it. Hard to find anything they could improve. Reporting could be more flexible.,
1983,CountWise,Accounting,Data Analyst,51-200 employees,2024-04-07,2,"Looked good, isn't",Our IT team handled the rollout. Way too expensive for what you get. Setup itself was easy enough. Not renewing.,
1984,ClientOrbit,CRM,Office Manager,1000+ employees,2024-02-06,4,Does the job really well,Search actually finds what I'm looking for. Our team adoption was almost instant. The mobile app is surprisingly good.,
1985,Sprintly Pro,Project Management,Office Manager,51-200 employees,2025-07-08,4,Solid and fast,Reports are easy to customize and share with management. Solid choice.,
1986,ClientOrbit,CRM,Product Owner,1-10 employees,2024-02-04,1,Frustrating experience,"Not worth the money at all. Cancelling was a nightmare, they kept charging us. The mobile app crashes constantly. Very frustrating experience.",
1987,LedgerLeaf,Accounting,Finance Manager,1-10 employees,2025-08-26,4,Two years in,LedgerLeaf has become a core part of our daily workflow. Importing our old data took one afternoon. The mobile app is surprisingly good.,
1988,HireCanvas,HR Software,Founder,1000+ employees,2025-03-08,1,HireCanvas review,"Our account manager disappeared after we signed the contract. Automations fail silently, so you never know what broke. Documentation is thorough and up to date.",
1989,Pipely,CRM,Account Executive,501-1000 employees,2024-09-01,5,Pipely review,Our sales calls are shorter because everything is in one place. The email sync is clunky and slow to load. 5 stars from me.,
1990,DealNest,CRM,Founder,1-10 employees,2024-08-09,5,Best crm tool we've tried,Setup was quick and the onboarding guides were clear.,
1991,StaffSpring,HR Software,Finance Manager,201-500 employees,2024-10-24,2,Disappointed,I use it every day. The payroll export is not intuitive at all. The payroll export is clunky and slow to load.,
1992,DealNest,CRM,Data Analyst,1000+ employees,2024-03-04,1,Not worth the price,"I wanted to like DealNest, but it has been a struggle. Reporting is very limited and hard to customize. Not a single bug in the sales reports so far. It gets painfully slow once you have a few thousand records. Avoid if you can.",
1993,LedgerLeaf,Accounting,Data Analyst,201-500 employees,2025-06-21,5,Honest review,Not bad at all once you get used to it.,
1994,MetricMint,Analytics,Product Owner,501-1000 employees,2025-03-16,1,Our experience with MetricMint,Our team tried MetricMint and it did not work out. Customer support takes days to reply and rarely fixes anything. Never had an issue with billing.,
1995,SupportLoop,Help Desk,Marketing Specialist,501-1000 employees,2024-10-27,4,"Looked good, isn't",Pretty disappointed with SupportLoop overall. Most of our team works remotely. Pricing is fair for what you get. The templates are generic and mostly useless. Nothing about the SLA tracking feels finished. Search almost never finds what I'm looking for.,
1996,Pipely,CRM,Operations Lead,11-50 employees,2025-07-07,4,Thoughts after one year,"Really happy with Pipely overall. We evaluated it against two competitors. It replaced two other tools for us, which saved money. Reliable, we've had basically no downtime. Cancelling was a nightmare, they kept charging us. Our sales calls are shorter because everything is in one place. Would recommend to any growing team.",
1997,InboxRocket,Email Marketing,Finance Manager,1000+ employees,2024-11-24,4,Avoid this email marketing tool,"We are on the business plan. They raised the price by 40% with almost no notice. Support staff are friendly, just not effective. Not renewing.",
1998,TaskHarbor,Project Management,Data Analyst,1000+ employees,2024-08-06,1,Honest review,"Our team tried TaskHarbor and it did not work out. The interface is pretty, I'll give them that. Setup took weeks and the onboarding was confusing. Reporting is very limited and hard to customize. The interface is cluttered and hard to navigate.",
1999,TaskHarbor,Project Management,Office Manager,501-1000 employees,2024-09-02,5,Thoughts after one year,I use it every day. Our team adoption was almost instant. Not bad at all once you get used to it.,
2000,DealNest,CRM,Product Owner,51-200 employees,2025-06-30,5,Does the job really well,Really happy with DealNest overall. We evaluated it against two competitors. Importing our old data took three weeks and a consultant. Documentation is thorough and up to date. New features ship regularly and they listen to feedback. Importing our old data took one afternoon.,
